🎭 Starting component verification...
🎭 Starting component verification...
✅ 0 components verified without fixes
Updating Convex task status to completed
✅ Pipeline completed successfully!

=== Pipeline Summary ===
Total Components: 1130
Completed: 0
Successful: 0
Failed: 0
====================

Screenshot saved to: /Users/nimcheema/src/cal.com/apps/web/.temp/dessn-component-routes/screenshots/SpeculationRules-e636aa0e.png
Screenshot saved to: /Users/nimcheema/src/cal.com/apps/web/.temp/dessn-component-routes/screenshots/Generic-b7fbf4a7.png
Screenshot saved to: /Users/nimcheema/src/cal.com/apps/web/.temp/dessn-component-routes/screenshots/App-b7fbf4a7.png
Verification progress: 0% (1/1130)
Screenshot saved to: /Users/nimcheema/src/cal.com/apps/web/.temp/dessn-component-routes/screenshots/Meeting-b7fbf4a7.png
Verification progress: 0% (2/1130)
Verification progress: 0% (3/1130)
Verification progress: 0% (4/1130)
Screenshot saved to: /Users/nimcheema/src/cal.com/apps/web/.temp/dessn-component-routes/screenshots/ScreenShot-b7fbf4a7.png
Verification progress: 0% (5/1130)
Screenshot saved to: /Users/nimcheema/src/cal.com/apps/web/.temp/dessn-component-routes/screenshots/Icon-80df850e.png
Screenshot saved to: /Users/nimcheema/src/cal.com/apps/web/.temp/dessn-component-routes/screenshots/Badge-db0b4515.png
Screenshot saved to: /Users/nimcheema/src/cal.com/apps/web/.temp/dessn-component-routes/screenshots/IconSprites-50e9e1f5.png
Screenshot saved to: /Users/nimcheema/src/cal.com/apps/web/.temp/dessn-component-routes/screenshots/ArrowButton-1b812d4b.png
Verification progress: 1% (6/1130)
Verification progress: 1% (7/1130)
Verification progress: 1% (8/1130)
Verification progress: 1% (9/1130)
Screenshot saved to: /Users/nimcheema/src/cal.com/apps/web/.temp/dessn-component-routes/screenshots/UserAvatarGroup-bf7f904b.png
Screenshot saved to: /Users/nimcheema/src/cal.com/apps/web/.temp/dessn-component-routes/screenshots/UserAvatar-79939b5b.png
Screenshot saved to: /Users/nimcheema/src/cal.com/apps/web/.temp/dessn-component-routes/screenshots/AvatarGroup-36c9eb44.png
Screenshot saved to: /Users/nimcheema/src/cal.com/apps/web/.temp/dessn-component-routes/screenshots/Tooltip-cf029c20.png
Verification progress: 1% (10/1130)
Verification progress: 1% (11/1130)
Verification progress: 1% (12/1130)
Verification progress: 1% (13/1130)
Screenshot saved to: /Users/nimcheema/src/cal.com/apps/web/.temp/dessn-component-routes/screenshots/Avatar-72403f10.png
Verification progress: 1% (14/1130)
Screenshot saved to: /Users/nimcheema/src/cal.com/apps/web/.temp/dessn-component-routes/screenshots/UserAvatarGroupWithOrg-23275912.png
Screenshot saved to: /Users/nimcheema/src/cal.com/apps/web/.temp/dessn-component-routes/screenshots/ButtonGroup-1f8aea50.png
Screenshot saved to: /Users/nimcheema/src/cal.com/apps/web/.temp/dessn-component-routes/screenshots/LinkIconButton-05848fa2.png
Screenshot saved to: /Users/nimcheema/src/cal.com/apps/web/.temp/dessn-component-routes/screenshots/Breadcrumb-002bc113.png
Screenshot saved to: /Users/nimcheema/src/cal.com/apps/web/.temp/dessn-component-routes/screenshots/BreadcrumbItem-002bc113.png
Screenshot saved to: /Users/nimcheema/src/cal.com/apps/web/.temp/dessn-component-routes/screenshots/UpgradeOrgsBadge-d8ff1dbc.png
Verification progress: 1% (15/1130)
Verification progress: 1% (16/1130)
Verification progress: 2% (17/1130)
Verification progress: 2% (18/1130)
Verification progress: 2% (19/1130)
Screenshot saved to: /Users/nimcheema/src/cal.com/apps/web/.temp/dessn-component-routes/screenshots/InfoBadge-5843e765.png
Screenshot saved to: /Users/nimcheema/src/cal.com/apps/web/.temp/dessn-component-routes/screenshots/SplitButton-3d2be6b9.png
Screenshot saved to: /Users/nimcheema/src/cal.com/apps/web/.temp/dessn-component-routes/screenshots/Button-3e82cba7.png
Verification progress: 2% (20/1130)
Verification progress: 2% (21/1130)
Verification progress: 2% (22/1130)
Screenshot saved to: /Users/nimcheema/src/cal.com/apps/web/.temp/dessn-component-routes/screenshots/EditableHeading-23f955e5.png
Verification progress: 2% (23/1130)
Screenshot saved to: /Users/nimcheema/src/cal.com/apps/web/.temp/dessn-component-routes/screenshots/CheckboxField-2b51e4b8.png
Verification progress: 2% (24/1130)
Verification progress: 2% (25/1130)
Screenshot saved to: /Users/nimcheema/src/cal.com/apps/web/.temp/dessn-component-routes/screenshots/FilterSelect-7e291970.png
Verification progress: 2% (26/1130)
Screenshot saved to: /Users/nimcheema/src/cal.com/apps/web/.temp/dessn-component-routes/screenshots/Label-5a0149c9.png
Screenshot saved to: /Users/nimcheema/src/cal.com/apps/web/.temp/dessn-component-routes/screenshots/Checkbox-2b51e4b8.png
Verification progress: 2% (27/1130)
Verification progress: 2% (28/1130)
Screenshot saved to: /Users/nimcheema/src/cal.com/apps/web/.temp/dessn-component-routes/screenshots/HintsOrErrors-42bb8729.png
Screenshot saved to: /Users/nimcheema/src/cal.com/apps/web/.temp/dessn-component-routes/screenshots/InputError-4746a382.png
Verification progress: 3% (29/1130)
Verification progress: 3% (30/1130)
Screenshot saved to: /Users/nimcheema/src/cal.com/apps/web/.temp/dessn-component-routes/screenshots/TextField-85de7318.png
Screenshot saved to: /Users/nimcheema/src/cal.com/apps/web/.temp/dessn-component-routes/screenshots/InputField-85de7318.png
Screenshot saved to: /Users/nimcheema/src/cal.com/apps/web/.temp/dessn-component-routes/screenshots/Input-85de7318.png
Verification progress: 3% (31/1130)
Verification progress: 3% (32/1130)
Verification progress: 3% (33/1130)
Screenshot saved to: /Users/nimcheema/src/cal.com/apps/web/.temp/dessn-component-routes/screenshots/UpgradeTeamsBadge-3683ef0e.png
Verification progress: 3% (34/1130)
Screenshot saved to: /Users/nimcheema/src/cal.com/apps/web/.temp/dessn-component-routes/screenshots/MultiSelectCheckboxes-fd7157c7.png
Screenshot saved to: /Users/nimcheema/src/cal.com/apps/web/.temp/dessn-component-routes/screenshots/Select-51e1c4ea.png
Screenshot saved to: /Users/nimcheema/src/cal.com/apps/web/.temp/dessn-component-routes/screenshots/SelectField-51e1c4ea.png
Screenshot saved to: /Users/nimcheema/src/cal.com/apps/web/.temp/dessn-component-routes/screenshots/Alert-5fde7b6d.png
Screenshot saved to: /Users/nimcheema/src/cal.com/apps/web/.temp/dessn-component-routes/screenshots/SelectWithValidation-51e1c4ea.png
Verification progress: 3% (35/1130)
Verification progress: 3% (36/1130)
Verification progress: 3% (37/1130)
Verification progress: 3% (38/1130)
Verification progress: 3% (39/1130)
Screenshot saved to: /Users/nimcheema/src/cal.com/apps/web/.temp/dessn-component-routes/screenshots/InputLeading-f4982884.png
Verification progress: 4% (40/1130)
Screenshot saved to: /Users/nimcheema/src/cal.com/apps/web/.temp/dessn-component-routes/screenshots/TextAreaField-f4982884.png
Screenshot saved to: /Users/nimcheema/src/cal.com/apps/web/.temp/dessn-component-routes/screenshots/EmailField-f4982884.png
Verification progress: 4% (41/1130)
Verification progress: 4% (42/1130)
Screenshot saved to: /Users/nimcheema/src/cal.com/apps/web/.temp/dessn-component-routes/screenshots/EmailInput-f4982884.png
Verification progress: 4% (43/1130)
Screenshot saved to: /Users/nimcheema/src/cal.com/apps/web/.temp/dessn-component-routes/screenshots/FieldsetLegend-f4982884.png
Screenshot saved to: /Users/nimcheema/src/cal.com/apps/web/.temp/dessn-component-routes/screenshots/PasswordField-f4982884.png
Screenshot saved to: /Users/nimcheema/src/cal.com/apps/web/.temp/dessn-component-routes/screenshots/TextArea-f4982884.png
Verification progress: 4% (44/1130)
Screenshot saved to: /Users/nimcheema/src/cal.com/apps/web/.temp/dessn-component-routes/screenshots/NumberInput-f4982884.png
Screenshot saved to: /Users/nimcheema/src/cal.com/apps/web/.temp/dessn-component-routes/screenshots/InputGroupBox-f4982884.png
Verification progress: 4% (45/1130)
Verification progress: 4% (46/1130)
Verification progress: 4% (47/1130)
Screenshot saved to: /Users/nimcheema/src/cal.com/apps/web/.temp/dessn-component-routes/screenshots/FilterSearchField-f4982884.png
Verification progress: 4% (48/1130)
Verification progress: 4% (49/1130)
Screenshot saved to: /Users/nimcheema/src/cal.com/apps/web/.temp/dessn-component-routes/screenshots/UnstyledSelect-e25c4bfb.png
Screenshot saved to: /Users/nimcheema/src/cal.com/apps/web/.temp/dessn-component-routes/screenshots/Select-e25c4bfb.png
Verification progress: 4% (50/1130)
Verification progress: 5% (51/1130)
Screenshot saved to: /Users/nimcheema/src/cal.com/apps/web/.temp/dessn-component-routes/screenshots/InputFieldWithSelect-429e5e69.png
Verification progress: 5% (52/1130)
Screenshot saved to: /Users/nimcheema/src/cal.com/apps/web/.temp/dessn-component-routes/screenshots/SuccessToast-75615def.png
Screenshot saved to: /Users/nimcheema/src/cal.com/apps/web/.temp/dessn-component-routes/screenshots/ErrorToast-75615def.png
Verification progress: 5% (53/1130)
Verification progress: 5% (54/1130)
Screenshot saved to: /Users/nimcheema/src/cal.com/apps/web/.temp/dessn-component-routes/screenshots/WarningToast-75615def.png
Verification progress: 5% (55/1130)
Screenshot saved to: /Users/nimcheema/src/cal.com/apps/web/.temp/dessn-component-routes/screenshots/ToggleGroup-b9984fb0.png
Screenshot saved to: /Users/nimcheema/src/cal.com/apps/web/.temp/dessn-component-routes/screenshots/Calendar-437143e3.png
Screenshot saved to: /Users/nimcheema/src/cal.com/apps/web/.temp/dessn-component-routes/screenshots/DatePickerWithRange-c4f5232a.png
Verification progress: 5% (56/1130)
Verification progress: 5% (57/1130)
Verification progress: 5% (58/1130)
Screenshot saved to: /Users/nimcheema/src/cal.com/apps/web/.temp/dessn-component-routes/screenshots/DatePicker-20d22580.png
Verification progress: 5% (59/1130)
Screenshot saved to: /Users/nimcheema/src/cal.com/apps/web/.temp/dessn-component-routes/screenshots/BooleanToggleGroupField-8681b1b9.png
Screenshot saved to: /Users/nimcheema/src/cal.com/apps/web/.temp/dessn-component-routes/screenshots/BooleanToggleGroup-8681b1b9.png
Verification progress: 5% (60/1130)
Verification progress: 5% (61/1130)
Screenshot saved to: /Users/nimcheema/src/cal.com/apps/web/.temp/dessn-component-routes/screenshots/FormStep-0e8618aa.png
Verification progress: 5% (62/1130)
Screenshot saved to: /Users/nimcheema/src/cal.com/apps/web/.temp/dessn-component-routes/screenshots/Stepper-6bfb575b.png
Screenshot saved to: /Users/nimcheema/src/cal.com/apps/web/.temp/dessn-component-routes/screenshots/Steps-1cafbf36.png
Verification progress: 6% (63/1130)
Verification progress: 6% (64/1130)
Screenshot saved to: /Users/nimcheema/src/cal.com/apps/web/.temp/dessn-component-routes/screenshots/WizardForm-7111e737.png
Verification progress: 6% (65/1130)
Screenshot saved to: /Users/nimcheema/src/cal.com/apps/web/.temp/dessn-component-routes/screenshots/Switch-9b1c2e45.png
Screenshot saved to: /Users/nimcheema/src/cal.com/apps/web/.temp/dessn-component-routes/screenshots/ColorPicker-6c79793b.png
Screenshot saved to: /Users/nimcheema/src/cal.com/apps/web/.temp/dessn-component-routes/screenshots/SettingsToggle-7b4846ef.png
Verification progress: 6% (66/1130)
Verification progress: 6% (67/1130)
Verification progress: 6% (68/1130)
Screenshot saved to: /Users/nimcheema/src/cal.com/apps/web/.temp/dessn-component-routes/screenshots/Slider-a8c621b4.png
Verification progress: 6% (69/1130)
Screenshot saved to: /Users/nimcheema/src/cal.com/apps/web/.temp/dessn-component-routes/screenshots/InputComponent-e25c4bfb.png
Verification progress: 6% (70/1130)
Screenshot saved to: /Users/nimcheema/src/cal.com/apps/web/.temp/dessn-component-routes/screenshots/RangeSliderPopover-3bfae8e8.png
Verification progress: 6% (71/1130)
Screenshot saved to: /Users/nimcheema/src/cal.com/apps/web/.temp/dessn-component-routes/screenshots/TimezoneSelect-bf133f2d.png
Verification progress: 6% (72/1130)
Screenshot saved to: /Users/nimcheema/src/cal.com/apps/web/.temp/dessn-component-routes/screenshots/IconLeading-b921da27.png
Verification progress: 6% (73/1130)
Screenshot saved to: /Users/nimcheema/src/cal.com/apps/web/.temp/dessn-component-routes/screenshots/InstallAppButton-80d9e418.png
Screenshot saved to: /Users/nimcheema/src/cal.com/apps/web/.temp/dessn-component-routes/screenshots/TimezoneSelectComponent-bf133f2d.png
Screenshot saved to: /Users/nimcheema/src/cal.com/apps/web/.temp/dessn-component-routes/screenshots/InstallAppButton-dc2a479f.png
Verification progress: 7% (74/1130)
Verification progress: 7% (75/1130)
Verification progress: 7% (76/1130)
Screenshot saved to: /Users/nimcheema/src/cal.com/apps/web/.temp/dessn-component-routes/screenshots/EmptyScreen-72e24647.png
Screenshot saved to: /Users/nimcheema/src/cal.com/apps/web/.temp/dessn-component-routes/screenshots/AccountDialog-a48e285e.png
Verification progress: 7% (77/1130)
Verification progress: 7% (78/1130)
Screenshot saved to: /Users/nimcheema/src/cal.com/apps/web/.temp/dessn-component-routes/screenshots/OptionComponent-b921da27.png
Screenshot saved to: /Users/nimcheema/src/cal.com/apps/web/.temp/dessn-component-routes/screenshots/InstallAppButton-492fd313.png
Verification progress: 7% (79/1130)
Verification progress: 7% (80/1130)
Screenshot saved to: /Users/nimcheema/src/cal.com/apps/web/.temp/dessn-component-routes/screenshots/InstallAppButton-d94c98b7.png
Verification progress: 7% (81/1130)
Screenshot saved to: /Users/nimcheema/src/cal.com/apps/web/.temp/dessn-component-routes/screenshots/ControlComponent-b921da27.png
Verification progress: 7% (82/1130)
Screenshot saved to: /Users/nimcheema/src/cal.com/apps/web/.temp/dessn-component-routes/screenshots/InputComponent-b921da27.png
Verification progress: 7% (83/1130)
Screenshot saved to: /Users/nimcheema/src/cal.com/apps/web/.temp/dessn-component-routes/screenshots/AppSettings-82e8d49e.png
Screenshot saved to: /Users/nimcheema/src/cal.com/apps/web/.temp/dessn-component-routes/screenshots/OmniInstallAppButton-ef706fa7.png
Screenshot saved to: /Users/nimcheema/src/cal.com/apps/web/.temp/dessn-component-routes/screenshots/AppCard-fb3a1dbe.png
Screenshot saved to: /Users/nimcheema/src/cal.com/apps/web/.temp/dessn-component-routes/screenshots/AppSettings-34dfdd6a.png
Screenshot saved to: /Users/nimcheema/src/cal.com/apps/web/.temp/dessn-component-routes/screenshots/AppSettings-fac53ccc.png
Screenshot saved to: /Users/nimcheema/src/cal.com/apps/web/.temp/dessn-component-routes/screenshots/SatSymbol-fa4b036e.png
Screenshot saved to: /Users/nimcheema/src/cal.com/apps/web/.temp/dessn-component-routes/screenshots/TemplateCard-5beec422.png
Verification progress: 7% (84/1130)
Verification progress: 8% (85/1130)
Verification progress: 8% (86/1130)
Verification progress: 8% (87/1130)
Screenshot saved to: /Users/nimcheema/src/cal.com/apps/web/.temp/dessn-component-routes/screenshots/EventTypeAppSettingsInterface-cf833187.png
Verification progress: 8% (88/1130)
Verification progress: 8% (89/1130)
Verification progress: 8% (90/1130)
Screenshot saved to: /Users/nimcheema/src/cal.com/apps/web/.temp/dessn-component-routes/screenshots/EventTypeAppCard-f1bf7cbd.png
Verification progress: 8% (91/1130)
Screenshot saved to: /Users/nimcheema/src/cal.com/apps/web/.temp/dessn-component-routes/screenshots/EventTypeAppSettingsInterface-5d483178.png
Verification progress: 8% (92/1130)
Verification progress: 8% (93/1130)
Screenshot saved to: /Users/nimcheema/src/cal.com/apps/web/.temp/dessn-component-routes/screenshots/EventTypeAppSettingsInterface-e83c38b4.png
Screenshot saved to: /Users/nimcheema/src/cal.com/apps/web/.temp/dessn-component-routes/screenshots/EventTypeAppSettingsInterface-268068d0.png
Screenshot saved to: /Users/nimcheema/src/cal.com/apps/web/.temp/dessn-component-routes/screenshots/EventTypeAppCard-dba8d7b6.png
Verification progress: 8% (94/1130)
Verification progress: 8% (95/1130)
Verification progress: 8% (96/1130)
Screenshot saved to: /Users/nimcheema/src/cal.com/apps/web/.temp/dessn-component-routes/screenshots/SearchDialog-018e2d7a.png
Verification progress: 9% (97/1130)
Screenshot saved to: /Users/nimcheema/src/cal.com/apps/web/.temp/dessn-component-routes/screenshots/SelectGifInput-48b1b6a9.png
Screenshot saved to: /Users/nimcheema/src/cal.com/apps/web/.temp/dessn-component-routes/screenshots/EventTypeAppSettingsInterface-48514a00.png
Screenshot saved to: /Users/nimcheema/src/cal.com/apps/web/.temp/dessn-component-routes/screenshots/EventTypeAppSettingsInterface-cf5327f1.png
Screenshot saved to: /Users/nimcheema/src/cal.com/apps/web/.temp/dessn-component-routes/screenshots/EventTypeAppSettingsInterface-3e087d6c.png
Verification progress: 9% (98/1130)
Verification progress: 9% (99/1130)
Verification progress: 9% (100/1130)
Verification progress: 9% (101/1130)
Screenshot saved to: /Users/nimcheema/src/cal.com/apps/web/.temp/dessn-component-routes/screenshots/EventTypeAppCard-de0dc5d6.png
Verification progress: 9% (102/1130)
Screenshot saved to: /Users/nimcheema/src/cal.com/apps/web/.temp/dessn-component-routes/screenshots/EventTypeAppSettingsInterface-bc3a1c64.png
Verification progress: 9% (103/1130)
Screenshot saved to: /Users/nimcheema/src/cal.com/apps/web/.temp/dessn-component-routes/screenshots/EventTypeAppCard-5eec8125.png
Verification progress: 9% (104/1130)
Screenshot saved to: /Users/nimcheema/src/cal.com/apps/web/.temp/dessn-component-routes/screenshots/EventTypeAppSettingsInterface-0a8af8bb.png
Verification progress: 9% (105/1130)
Screenshot saved to: /Users/nimcheema/src/cal.com/apps/web/.temp/dessn-component-routes/screenshots/EventTypeAppCard-a9997b0a.png
Verification progress: 9% (106/1130)
Screenshot saved to: /Users/nimcheema/src/cal.com/apps/web/.temp/dessn-component-routes/screenshots/EventTypeAppCard-51266bf8.png
Verification progress: 9% (107/1130)
Screenshot saved to: /Users/nimcheema/src/cal.com/apps/web/.temp/dessn-component-routes/screenshots/EventTypeAppSettingsInterface-17efae1c.png
Verification progress: 10% (108/1130)
Screenshot saved to: /Users/nimcheema/src/cal.com/apps/web/.temp/dessn-component-routes/screenshots/EventTypeAppCard-3b8d2836.png
Verification progress: 10% (109/1130)
Screenshot saved to: /Users/nimcheema/src/cal.com/apps/web/.temp/dessn-component-routes/screenshots/EventTypeAppCard-fc36fb87.png
Verification progress: 10% (110/1130)
Screenshot saved to: /Users/nimcheema/src/cal.com/apps/web/.temp/dessn-component-routes/screenshots/EventTypeAppSettingsInterface-a0160d2f.png
Verification progress: 10% (111/1130)
Screenshot saved to: /Users/nimcheema/src/cal.com/apps/web/.temp/dessn-component-routes/screenshots/EventTypeAppCard-38cc0a64.png
Verification progress: 10% (112/1130)
Screenshot saved to: /Users/nimcheema/src/cal.com/apps/web/.temp/dessn-component-routes/screenshots/EventTypeAppCard-1a57e4ec.png
Verification progress: 10% (113/1130)
Screenshot saved to: /Users/nimcheema/src/cal.com/apps/web/.temp/dessn-component-routes/screenshots/EventTypeAppSettingsInterface-bc947c42.png
Verification progress: 10% (114/1130)
Screenshot saved to: /Users/nimcheema/src/cal.com/apps/web/.temp/dessn-component-routes/screenshots/EventTypeAppCard-07ffbfd6.png
Verification progress: 10% (115/1130)
Screenshot saved to: /Users/nimcheema/src/cal.com/apps/web/.temp/dessn-component-routes/screenshots/EventTypeAppCard-3af9b7b6.png
Verification progress: 10% (116/1130)
Screenshot saved to: /Users/nimcheema/src/cal.com/apps/web/.temp/dessn-component-routes/screenshots/EventTypeAppCard-01aca4c0.png
Verification progress: 10% (117/1130)
Screenshot saved to: /Users/nimcheema/src/cal.com/apps/web/.temp/dessn-component-routes/screenshots/EventTypeAppCard-7794b0fb.png
Screenshot saved to: /Users/nimcheema/src/cal.com/apps/web/.temp/dessn-component-routes/screenshots/EventTypeAppCard-fa0052d1.png
Verification progress: 10% (118/1130)
Verification progress: 11% (119/1130)
Screenshot saved to: /Users/nimcheema/src/cal.com/apps/web/.temp/dessn-component-routes/screenshots/EventTypeAppCard-f28e7f37.png
Verification progress: 11% (120/1130)
Screenshot saved to: /Users/nimcheema/src/cal.com/apps/web/.temp/dessn-component-routes/screenshots/EventTypeAppCard-0fe8643a.png
Verification progress: 11% (121/1130)
Screenshot saved to: /Users/nimcheema/src/cal.com/apps/web/.temp/dessn-component-routes/screenshots/AppConfiguration-798fb503.png
Verification progress: 11% (122/1130)
Screenshot saved to: /Users/nimcheema/src/cal.com/apps/web/.temp/dessn-component-routes/screenshots/EventTypeAppCard-57751b28.png
Verification progress: 11% (123/1130)
Screenshot saved to: /Users/nimcheema/src/cal.com/apps/web/.temp/dessn-component-routes/screenshots/InstallAppButtonWithoutPlanCheck-a5b04c94.png
Screenshot saved to: /Users/nimcheema/src/cal.com/apps/web/.temp/dessn-component-routes/screenshots/AppConfiguration-1893fa49.png
Verification progress: 11% (124/1130)
Verification progress: 11% (125/1130)
Screenshot saved to: /Users/nimcheema/src/cal.com/apps/web/.temp/dessn-component-routes/screenshots/AppDependencyComponent-a5b04c94.png
Verification progress: 11% (126/1130)
Screenshot saved to: /Users/nimcheema/src/cal.com/apps/web/.temp/dessn-component-routes/screenshots/InstallAppButton-a5b04c94.png
Verification progress: 11% (127/1130)
Screenshot saved to: /Users/nimcheema/src/cal.com/apps/web/.temp/dessn-component-routes/screenshots/EventTypeAppCard-c005b11d.png
Verification progress: 11% (128/1130)
Screenshot saved to: /Users/nimcheema/src/cal.com/apps/web/.temp/dessn-component-routes/screenshots/AppCard-fa80d75d.png
Verification progress: 11% (129/1130)
Screenshot saved to: /Users/nimcheema/src/cal.com/apps/web/.temp/dessn-component-routes/screenshots/useShouldShowArrows-f4e44dbe.png
Verification progress: 12% (130/1130)
Screenshot saved to: /Users/nimcheema/src/cal.com/apps/web/.temp/dessn-component-routes/screenshots/EventTypeAppCard-bde52ee6.png
Screenshot saved to: /Users/nimcheema/src/cal.com/apps/web/.temp/dessn-component-routes/screenshots/EventTypeAppCard-9e1b9be7.png
Verification progress: 12% (131/1130)
Verification progress: 12% (132/1130)
Screenshot saved to: /Users/nimcheema/src/cal.com/apps/web/.temp/dessn-component-routes/screenshots/AllApps-f4e44dbe.png
Screenshot saved to: /Users/nimcheema/src/cal.com/apps/web/.temp/dessn-component-routes/screenshots/SkeletonAvatar-9bc6b401.png
Verification progress: 12% (133/1130)
Verification progress: 12% (134/1130)
Screenshot saved to: /Users/nimcheema/src/cal.com/apps/web/.temp/dessn-component-routes/screenshots/Skeleton-9bc6b401.png
Verification progress: 12% (135/1130)
Screenshot saved to: /Users/nimcheema/src/cal.com/apps/web/.temp/dessn-component-routes/screenshots/SkeletonButton-9bc6b401.png
Screenshot saved to: /Users/nimcheema/src/cal.com/apps/web/.temp/dessn-component-routes/screenshots/SkeletonText-9bc6b401.png
Verification progress: 12% (136/1130)
Verification progress: 12% (137/1130)
Screenshot saved to: /Users/nimcheema/src/cal.com/apps/web/.temp/dessn-component-routes/screenshots/EventTypeAppCard-349ab428.png
Verification progress: 12% (138/1130)
Screenshot saved to: /Users/nimcheema/src/cal.com/apps/web/.temp/dessn-component-routes/screenshots/SelectSkeletonLoader-9bc6b401.png
Screenshot saved to: /Users/nimcheema/src/cal.com/apps/web/.temp/dessn-component-routes/screenshots/SkeletonContainer-9bc6b401.png
Verification progress: 12% (139/1130)
Verification progress: 12% (140/1130)
Screenshot saved to: /Users/nimcheema/src/cal.com/apps/web/.temp/dessn-component-routes/screenshots/Loader-1e50c0b0.png
Verification progress: 12% (141/1130)
Screenshot saved to: /Users/nimcheema/src/cal.com/apps/web/.temp/dessn-component-routes/screenshots/Slider-f99c600e.png
Screenshot saved to: /Users/nimcheema/src/cal.com/apps/web/.temp/dessn-component-routes/screenshots/ShellSubHeading-f1bee9b8.png
Verification progress: 13% (142/1130)
Verification progress: 13% (143/1130)
Screenshot saved to: /Users/nimcheema/src/cal.com/apps/web/.temp/dessn-component-routes/screenshots/MetaProvider-80e7bf29.png
Screenshot saved to: /Users/nimcheema/src/cal.com/apps/web/.temp/dessn-component-routes/screenshots/Meta-80e7bf29.png
Verification progress: 13% (144/1130)
Verification progress: 13% (145/1130)
Screenshot saved to: /Users/nimcheema/src/cal.com/apps/web/.temp/dessn-component-routes/screenshots/PopularAppsSlider-93668114.png
Screenshot saved to: /Users/nimcheema/src/cal.com/apps/web/.temp/dessn-component-routes/screenshots/SkeletonLoader-64e54060.png
Verification progress: 13% (146/1130)
Verification progress: 13% (147/1130)
Screenshot saved to: /Users/nimcheema/src/cal.com/apps/web/.temp/dessn-component-routes/screenshots/TopBanner-4bd2c8f7.png
Verification progress: 13% (148/1130)
Screenshot saved to: /Users/nimcheema/src/cal.com/apps/web/.temp/dessn-component-routes/screenshots/AppStoreCategories-4be09033.png
Verification progress: 13% (149/1130)
Screenshot saved to: /Users/nimcheema/src/cal.com/apps/web/.temp/dessn-component-routes/screenshots/RecentAppsSlider-bd1146f3.png
Verification progress: 13% (150/1130)
Screenshot saved to: /Users/nimcheema/src/cal.com/apps/web/.temp/dessn-component-routes/screenshots/Dropdown-1e023307.png
Screenshot saved to: /Users/nimcheema/src/cal.com/apps/web/.temp/dessn-component-routes/screenshots/AnimatedPopover-9cfea3e0.png
Verification progress: 13% (151/1130)
Verification progress: 13% (152/1130)
Screenshot saved to: /Users/nimcheema/src/cal.com/apps/web/.temp/dessn-component-routes/screenshots/DropdownMenuTriggerItem-1e023307.png
Verification progress: 14% (153/1130)
Screenshot saved to: /Users/nimcheema/src/cal.com/apps/web/.temp/dessn-component-routes/screenshots/Popover-497a550c.png
Screenshot saved to: /Users/nimcheema/src/cal.com/apps/web/.temp/dessn-component-routes/screenshots/EventTypeAppCard-1645e38a.png
Verification progress: 14% (154/1130)
Verification progress: 14% (155/1130)
Screenshot saved to: /Users/nimcheema/src/cal.com/apps/web/.temp/dessn-component-routes/screenshots/DropdownMenuContent-1e023307.png
Verification progress: 14% (156/1130)
Screenshot saved to: /Users/nimcheema/src/cal.com/apps/web/.temp/dessn-component-routes/screenshots/DropdownMenuLabel-1e023307.png
Screenshot saved to: /Users/nimcheema/src/cal.com/apps/web/.temp/dessn-component-routes/screenshots/EventTypeAppCard-151eed06.png
Verification progress: 14% (157/1130)
Verification progress: 14% (158/1130)
Screenshot saved to: /Users/nimcheema/src/cal.com/apps/web/.temp/dessn-component-routes/screenshots/DropdownMenuGroup-1e023307.png
Verification progress: 14% (159/1130)
Screenshot saved to: /Users/nimcheema/src/cal.com/apps/web/.temp/dessn-component-routes/screenshots/DropdownMenuRadioGroup-1e023307.png
Verification progress: 14% (160/1130)
Screenshot saved to: /Users/nimcheema/src/cal.com/apps/web/.temp/dessn-component-routes/screenshots/DropdownMenuPortal-1e023307.png
Verification progress: 14% (161/1130)
Screenshot saved to: /Users/nimcheema/src/cal.com/apps/web/.temp/dessn-component-routes/screenshots/EventTypeAppCard-7b108e94.png
Verification progress: 14% (162/1130)
Screenshot saved to: /Users/nimcheema/src/cal.com/apps/web/.temp/dessn-component-routes/screenshots/ButtonOrLink-1e023307.png
Verification progress: 14% (163/1130)
Screenshot saved to: /Users/nimcheema/src/cal.com/apps/web/.temp/dessn-component-routes/screenshots/PopoverTrigger-497a550c.png
Verification progress: 15% (164/1130)
Screenshot saved to: /Users/nimcheema/src/cal.com/apps/web/.temp/dessn-component-routes/screenshots/DropdownItem-1e023307.png
Verification progress: 15% (165/1130)
Screenshot saved to: /Users/nimcheema/src/cal.com/apps/web/.temp/dessn-component-routes/screenshots/DropdownMenuSeparator-1e023307.png
Verification progress: 15% (166/1130)
Screenshot saved to: /Users/nimcheema/src/cal.com/apps/web/.temp/dessn-component-routes/screenshots/PopoverContent-497a550c.png
Verification progress: 15% (167/1130)
Screenshot saved to: /Users/nimcheema/src/cal.com/apps/web/.temp/dessn-component-routes/screenshots/DropdownActions-5463f74e.png
Verification progress: 15% (168/1130)
Screenshot saved to: /Users/nimcheema/src/cal.com/apps/web/.temp/dessn-component-routes/screenshots/Credits-50986d36.png
Screenshot saved to: /Users/nimcheema/src/cal.com/apps/web/.temp/dessn-component-routes/screenshots/Logo-e1e1562b.png
Screenshot saved to: /Users/nimcheema/src/cal.com/apps/web/.temp/dessn-component-routes/screenshots/TableActions-5463f74e.png
Verification progress: 15% (169/1130)
Verification progress: 15% (170/1130)
Verification progress: 15% (171/1130)
Screenshot saved to: /Users/nimcheema/src/cal.com/apps/web/.temp/dessn-component-routes/screenshots/DropdownMenuTrigger-1e023307.png
Verification progress: 15% (172/1130)
Screenshot saved to: /Users/nimcheema/src/cal.com/apps/web/.temp/dessn-component-routes/screenshots/VerticalDivider-30631592.png
Verification progress: 15% (173/1130)
Screenshot saved to: /Users/nimcheema/src/cal.com/apps/web/.temp/dessn-component-routes/screenshots/MeetingTimeInTimezones-125e0652.png
Verification progress: 15% (174/1130)
Screenshot saved to: /Users/nimcheema/src/cal.com/apps/web/.temp/dessn-component-routes/screenshots/List-2afc4dd7.png
Screenshot saved to: /Users/nimcheema/src/cal.com/apps/web/.temp/dessn-component-routes/screenshots/UnpublishedEntity-733b4827.png
Verification progress: 15% (175/1130)
Screenshot saved to: /Users/nimcheema/src/cal.com/apps/web/.temp/dessn-component-routes/screenshots/DropdownMenuCheckboxItem-1e023307.png
Screenshot saved to: /Users/nimcheema/src/cal.com/apps/web/.temp/dessn-component-routes/screenshots/ListItem-2afc4dd7.png
Verification progress: 16% (176/1130)
Verification progress: 16% (177/1130)
Verification progress: 16% (178/1130)
Screenshot saved to: /Users/nimcheema/src/cal.com/apps/web/.temp/dessn-component-routes/screenshots/DropdownMenuItem-1e023307.png
Screenshot saved to: /Users/nimcheema/src/cal.com/apps/web/.temp/dessn-component-routes/screenshots/ListItemTitle-2afc4dd7.png
Screenshot saved to: /Users/nimcheema/src/cal.com/apps/web/.temp/dessn-component-routes/screenshots/ListLinkItem-2afc4dd7.png
Screenshot saved to: /Users/nimcheema/src/cal.com/apps/web/.temp/dessn-component-routes/screenshots/EventTypeAppCard-c2fd3d4e.png
Verification progress: 16% (179/1130)
Verification progress: 16% (180/1130)
Verification progress: 16% (181/1130)
Verification progress: 16% (182/1130)
Screenshot saved to: /Users/nimcheema/src/cal.com/apps/web/.temp/dessn-component-routes/screenshots/HeadSeo-2a61f1f1.png
Screenshot saved to: /Users/nimcheema/src/cal.com/apps/web/.temp/dessn-component-routes/screenshots/HorizontalTabs-bad1e453.png
Screenshot saved to: /Users/nimcheema/src/cal.com/apps/web/.temp/dessn-component-routes/screenshots/ListItemText-2afc4dd7.png
Verification progress: 16% (183/1130)
Verification progress: 16% (184/1130)
Verification progress: 16% (185/1130)
Screenshot saved to: /Users/nimcheema/src/cal.com/apps/web/.temp/dessn-component-routes/screenshots/NavTabs-293c9def.png
Screenshot saved to: /Users/nimcheema/src/cal.com/apps/web/.temp/dessn-component-routes/screenshots/HorizontalTabItem-505b0f7e.png
Screenshot saved to: /Users/nimcheema/src/cal.com/apps/web/.temp/dessn-component-routes/screenshots/VerticalTabItem-f49aaf4f.png
Screenshot saved to: /Users/nimcheema/src/cal.com/apps/web/.temp/dessn-component-routes/screenshots/StepCard-d4735813.png
Verification progress: 16% (186/1130)
Verification progress: 17% (187/1130)
Verification progress: 17% (188/1130)
Verification progress: 17% (189/1130)
Screenshot saved to: /Users/nimcheema/src/cal.com/apps/web/.temp/dessn-component-routes/screenshots/DropdownMenuRadioItem-1e023307.png
Screenshot saved to: /Users/nimcheema/src/cal.com/apps/web/.temp/dessn-component-routes/screenshots/Card-d249e982.png
Verification progress: 17% (190/1130)
Verification progress: 17% (191/1130)
Screenshot saved to: /Users/nimcheema/src/cal.com/apps/web/.temp/dessn-component-routes/screenshots/FormCard-de7353d7.png
Screenshot saved to: /Users/nimcheema/src/cal.com/apps/web/.temp/dessn-component-routes/screenshots/AddVariablesDropdown-e1c95ec2.png
Screenshot saved to: /Users/nimcheema/src/cal.com/apps/web/.temp/dessn-component-routes/screenshots/ToolbarPlugin-a80184d6.png
Screenshot saved to: /Users/nimcheema/src/cal.com/apps/web/.temp/dessn-component-routes/screenshots/Editor-a1120813.png
Verification progress: 17% (192/1130)
Verification progress: 17% (193/1130)
Screenshot saved to: /Users/nimcheema/src/cal.com/apps/web/.temp/dessn-component-routes/screenshots/AddVariablesPlugin-c39a2781.png
Verification progress: 17% (194/1130)
Verification progress: 17% (195/1130)
Verification progress: 17% (196/1130)
Screenshot saved to: /Users/nimcheema/src/cal.com/apps/web/.temp/dessn-component-routes/screenshots/DialogHeader-57f794de.png
Verification progress: 17% (197/1130)
Screenshot saved to: /Users/nimcheema/src/cal.com/apps/web/.temp/dessn-component-routes/screenshots/Divider-30631592.png
Verification progress: 18% (198/1130)
Screenshot saved to: /Users/nimcheema/src/cal.com/apps/web/.temp/dessn-component-routes/screenshots/DialogFooter-57f794de.png
Screenshot saved to: /Users/nimcheema/src/cal.com/apps/web/.temp/dessn-component-routes/screenshots/PlaygroundAutoLinkPlugin-bbfb5d6f.png
Verification progress: 18% (199/1130)
Verification progress: 18% (200/1130)
Screenshot saved to: /Users/nimcheema/src/cal.com/apps/web/.temp/dessn-component-routes/screenshots/AppListCard-798cef26.png
Verification progress: 18% (201/1130)
Screenshot saved to: /Users/nimcheema/src/cal.com/apps/web/.temp/dessn-component-routes/screenshots/CalendarSwitch-48ab30b6.png
Screenshot saved to: /Users/nimcheema/src/cal.com/apps/web/.temp/dessn-component-routes/screenshots/DisconnectIntegrationComponent-e32bd45f.png
Verification progress: 18% (202/1130)
Verification progress: 18% (203/1130)
Screenshot saved to: /Users/nimcheema/src/cal.com/apps/web/.temp/dessn-component-routes/screenshots/AppListCard-5efde8da.png
Verification progress: 18% (204/1130)
Screenshot saved to: /Users/nimcheema/src/cal.com/apps/web/.temp/dessn-component-routes/screenshots/UserCalendarSwitch-48ab30b6.png
Verification progress: 18% (205/1130)
Screenshot saved to: /Users/nimcheema/src/cal.com/apps/web/.temp/dessn-component-routes/screenshots/Dialog-57f794de.png
Screenshot saved to: /Users/nimcheema/src/cal.com/apps/web/.temp/dessn-component-routes/screenshots/CalendarSwitchComponent-229b8ed4.png
Verification progress: 18% (206/1130)
Verification progress: 18% (207/1130)
Screenshot saved to: /Users/nimcheema/src/cal.com/apps/web/.temp/dessn-component-routes/screenshots/AddressInput-513f5d54.png
Screenshot saved to: /Users/nimcheema/src/cal.com/apps/web/.temp/dessn-component-routes/screenshots/BasePhoneInput-f50470c0.png
Screenshot saved to: /Users/nimcheema/src/cal.com/apps/web/.temp/dessn-component-routes/screenshots/EventCalendarSwitch-48ab30b6.png
Verification progress: 18% (208/1130)
Verification progress: 18% (209/1130)
Verification progress: 19% (210/1130)
Screenshot saved to: /Users/nimcheema/src/cal.com/apps/web/.temp/dessn-component-routes/screenshots/MultiEmail-0a17c6ed.png
Screenshot saved to: /Users/nimcheema/src/cal.com/apps/web/.temp/dessn-component-routes/screenshots/DialogContent-57f794de.png
Verification progress: 19% (211/1130)
Verification progress: 19% (212/1130)
Screenshot saved to: /Users/nimcheema/src/cal.com/apps/web/.temp/dessn-component-routes/screenshots/DialogTrigger-57f794de.png
Verification progress: 19% (213/1130)
Screenshot saved to: /Users/nimcheema/src/cal.com/apps/web/.temp/dessn-component-routes/screenshots/DialogClose-57f794de.png
Screenshot saved to: /Users/nimcheema/src/cal.com/apps/web/.temp/dessn-component-routes/screenshots/Label-caa432b7.png
Verification progress: 19% (214/1130)
Verification progress: 19% (215/1130)
Screenshot saved to: /Users/nimcheema/src/cal.com/apps/web/.temp/dessn-component-routes/screenshots/createImage-152179c5.png
Screenshot saved to: /Users/nimcheema/src/cal.com/apps/web/.temp/dessn-component-routes/screenshots/Slider-152179c5.png
Screenshot saved to: /Users/nimcheema/src/cal.com/apps/web/.temp/dessn-component-routes/screenshots/ConfirmationDialogContent-3d36f80f.png
Verification progress: 19% (216/1130)
Verification progress: 19% (217/1130)
Verification progress: 19% (218/1130)
Screenshot saved to: /Users/nimcheema/src/cal.com/apps/web/.temp/dessn-component-routes/screenshots/ImageUploader-0be00c2e.png
Verification progress: 19% (219/1130)
Screenshot saved to: /Users/nimcheema/src/cal.com/apps/web/.temp/dessn-component-routes/screenshots/BannerUploader-8d2bf839.png
Verification progress: 19% (220/1130)
Screenshot saved to: /Users/nimcheema/src/cal.com/apps/web/.temp/dessn-component-routes/screenshots/CreateButton-68938fe9.png
Verification progress: 20% (221/1130)
Screenshot saved to: /Users/nimcheema/src/cal.com/apps/web/.temp/dessn-component-routes/screenshots/ScrollableArea-eecb6e07.png
Verification progress: 20% (222/1130)
Screenshot saved to: /Users/nimcheema/src/cal.com/apps/web/.temp/dessn-component-routes/screenshots/RadioArea-1c0a2c73.png
Verification progress: 20% (223/1130)
Screenshot saved to: /Users/nimcheema/src/cal.com/apps/web/.temp/dessn-component-routes/screenshots/RadioAreaGroup-1c0a2c73.png
Verification progress: 20% (224/1130)
Screenshot saved to: /Users/nimcheema/src/cal.com/apps/web/.temp/dessn-component-routes/screenshots/Indicator-caa432b7.png
Verification progress: 20% (225/1130)
Screenshot saved to: /Users/nimcheema/src/cal.com/apps/web/.temp/dessn-component-routes/screenshots/WizardLayout-b0a4c8f0.png
Screenshot saved to: /Users/nimcheema/src/cal.com/apps/web/.temp/dessn-component-routes/screenshots/getLayout-b0a4c8f0.png
Screenshot saved to: /Users/nimcheema/src/cal.com/apps/web/.temp/dessn-component-routes/screenshots/RadioField-caa432b7.png
Verification progress: 20% (226/1130)
Verification progress: 20% (227/1130)
Verification progress: 20% (228/1130)
Screenshot saved to: /Users/nimcheema/src/cal.com/apps/web/.temp/dessn-component-routes/screenshots/Radio-caa432b7.png
Verification progress: 20% (229/1130)
Screenshot saved to: /Users/nimcheema/src/cal.com/apps/web/.temp/dessn-component-routes/screenshots/Group-caa432b7.png
Verification progress: 20% (230/1130)
Screenshot saved to: /Users/nimcheema/src/cal.com/apps/web/.temp/dessn-component-routes/screenshots/SheetBody-fc56f4fa.png
Verification progress: 20% (231/1130)
Screenshot saved to: /Users/nimcheema/src/cal.com/apps/web/.temp/dessn-component-routes/screenshots/SheetFooter-fc56f4fa.png
Verification progress: 21% (232/1130)
Screenshot saved to: /Users/nimcheema/src/cal.com/apps/web/.temp/dessn-component-routes/screenshots/Table-c6f53f89.png
Verification progress: 21% (233/1130)
Screenshot saved to: /Users/nimcheema/src/cal.com/apps/web/.temp/dessn-component-routes/screenshots/Sheet-fc56f4fa.png
Verification progress: 21% (234/1130)
Screenshot saved to: /Users/nimcheema/src/cal.com/apps/web/.temp/dessn-component-routes/screenshots/TableHeader-d8f2d822.png
Screenshot saved to: /Users/nimcheema/src/cal.com/apps/web/.temp/dessn-component-routes/screenshots/SheetContent-fc56f4fa.png
Verification progress: 21% (235/1130)
Verification progress: 21% (236/1130)
Screenshot saved to: /Users/nimcheema/src/cal.com/apps/web/.temp/dessn-component-routes/screenshots/TableBody-d8f2d822.png
Screenshot saved to: /Users/nimcheema/src/cal.com/apps/web/.temp/dessn-component-routes/screenshots/TableFooter-d8f2d822.png
Verification progress: 21% (237/1130)
Verification progress: 21% (238/1130)
Screenshot saved to: /Users/nimcheema/src/cal.com/apps/web/.temp/dessn-component-routes/screenshots/SheetTrigger-fc56f4fa.png
Screenshot saved to: /Users/nimcheema/src/cal.com/apps/web/.temp/dessn-component-routes/screenshots/TableRow-d8f2d822.png
Verification progress: 21% (239/1130)
Verification progress: 21% (240/1130)
Screenshot saved to: /Users/nimcheema/src/cal.com/apps/web/.temp/dessn-component-routes/screenshots/TableHead-d8f2d822.png
Verification progress: 21% (241/1130)
Screenshot saved to: /Users/nimcheema/src/cal.com/apps/web/.temp/dessn-component-routes/screenshots/TableCell-d8f2d822.png
Screenshot saved to: /Users/nimcheema/src/cal.com/apps/web/.temp/dessn-component-routes/screenshots/TableCaption-d8f2d822.png
Verification progress: 21% (242/1130)
Verification progress: 22% (243/1130)
Screenshot saved to: /Users/nimcheema/src/cal.com/apps/web/.temp/dessn-component-routes/screenshots/SheetTitle-fc56f4fa.png
Screenshot saved to: /Users/nimcheema/src/cal.com/apps/web/.temp/dessn-component-routes/screenshots/CreateButtonWithTeamsList-da856c45.png
Verification progress: 22% (244/1130)
Verification progress: 22% (245/1130)
Screenshot saved to: /Users/nimcheema/src/cal.com/apps/web/.temp/dessn-component-routes/screenshots/CommandDialog-8539b5ed.png
Verification progress: 22% (246/1130)
Screenshot saved to: /Users/nimcheema/src/cal.com/apps/web/.temp/dessn-component-routes/screenshots/SheetDescription-fc56f4fa.png
Verification progress: 22% (247/1130)
Screenshot saved to: /Users/nimcheema/src/cal.com/apps/web/.temp/dessn-component-routes/screenshots/Table-d8f2d822.png
Screenshot saved to: /Users/nimcheema/src/cal.com/apps/web/.temp/dessn-component-routes/screenshots/SheetClose-fc56f4fa.png
Verification progress: 22% (248/1130)
Verification progress: 22% (249/1130)
Screenshot saved to: /Users/nimcheema/src/cal.com/apps/web/.temp/dessn-component-routes/screenshots/CommandShortcut-8539b5ed.png
Verification progress: 22% (250/1130)
Screenshot saved to: /Users/nimcheema/src/cal.com/apps/web/.temp/dessn-component-routes/screenshots/CommandInput-8539b5ed.png
Verification progress: 22% (251/1130)
Screenshot saved to: /Users/nimcheema/src/cal.com/apps/web/.temp/dessn-component-routes/screenshots/Command-8539b5ed.png
Verification progress: 22% (252/1130)
Screenshot saved to: /Users/nimcheema/src/cal.com/apps/web/.temp/dessn-component-routes/screenshots/SheetHeader-fc56f4fa.png
Verification progress: 22% (253/1130)
Screenshot saved to: /Users/nimcheema/src/cal.com/apps/web/.temp/dessn-component-routes/screenshots/CommandItem-8539b5ed.png
Verification progress: 22% (254/1130)
Screenshot saved to: /Users/nimcheema/src/cal.com/apps/web/.temp/dessn-component-routes/screenshots/ConfirmationContent-3d36f80f.png
Verification progress: 23% (255/1130)
Screenshot saved to: /Users/nimcheema/src/cal.com/apps/web/.temp/dessn-component-routes/screenshots/CommandList-8539b5ed.png
Verification progress: 23% (256/1130)
Screenshot saved to: /Users/nimcheema/src/cal.com/apps/web/.temp/dessn-component-routes/screenshots/StorybookTrpcProvider-309240c1.png
Verification progress: 23% (257/1130)
Screenshot saved to: /Users/nimcheema/src/cal.com/apps/web/.temp/dessn-component-routes/screenshots/CommandEmpty-8539b5ed.png
Verification progress: 23% (258/1130)
Screenshot saved to: /Users/nimcheema/src/cal.com/apps/web/.temp/dessn-component-routes/screenshots/Pagination-88cbc536.png
Screenshot saved to: /Users/nimcheema/src/cal.com/apps/web/.temp/dessn-component-routes/screenshots/HoverCardPortal-f32f8bfd.png
Verification progress: 23% (259/1130)
Verification progress: 23% (260/1130)
Screenshot saved to: /Users/nimcheema/src/cal.com/apps/web/.temp/dessn-component-routes/screenshots/HoverCard-f32f8bfd.png
Screenshot saved to: /Users/nimcheema/src/cal.com/apps/web/.temp/dessn-component-routes/screenshots/HoverCardTrigger-f32f8bfd.png
Screenshot saved to: /Users/nimcheema/src/cal.com/apps/web/.temp/dessn-component-routes/screenshots/NewScheduleButton-0c7e0fe7.png
Verification progress: 23% (261/1130)
Verification progress: 23% (262/1130)
Verification progress: 23% (263/1130)
Screenshot saved to: /Users/nimcheema/src/cal.com/apps/web/.temp/dessn-component-routes/screenshots/ScheduleListItem-9827be07.png
Screenshot saved to: /Users/nimcheema/src/cal.com/apps/web/.temp/dessn-component-routes/screenshots/BaseTable-d09a866d.png
Verification progress: 23% (264/1130)
Verification progress: 23% (265/1130)
Screenshot saved to: /Users/nimcheema/src/cal.com/apps/web/.temp/dessn-component-routes/screenshots/DeleteDialog-1e8661b1.png
Screenshot saved to: /Users/nimcheema/src/cal.com/apps/web/.temp/dessn-component-routes/screenshots/getActionIcon-b2767a3d.png
Screenshot saved to: /Users/nimcheema/src/cal.com/apps/web/.temp/dessn-component-routes/screenshots/WorkflowListPage-0434a21a.png
Verification progress: 24% (266/1130)
Verification progress: 24% (267/1130)
Verification progress: 24% (268/1130)
Screenshot saved to: /Users/nimcheema/src/cal.com/apps/web/.temp/dessn-component-routes/screenshots/CommandGroup-8539b5ed.png
Verification progress: 24% (269/1130)
Screenshot saved to: /Users/nimcheema/src/cal.com/apps/web/.temp/dessn-component-routes/screenshots/EmailBodyLogo-7cdfff68.png
Screenshot saved to: /Users/nimcheema/src/cal.com/apps/web/.temp/dessn-component-routes/screenshots/Row-04c4762d.png
Verification progress: 24% (270/1130)
Verification progress: 24% (271/1130)
Screenshot saved to: /Users/nimcheema/src/cal.com/apps/web/.temp/dessn-component-routes/screenshots/EmailSchedulingBodyDivider-898c9fde.png
Screenshot saved to: /Users/nimcheema/src/cal.com/apps/web/.temp/dessn-component-routes/screenshots/EmailCommonDivider-bd87461e.png
Screenshot saved to: /Users/nimcheema/src/cal.com/apps/web/.temp/dessn-component-routes/screenshots/EmailScheduledBodyHeaderContent-ce3c450e.png
Verification progress: 24% (272/1130)
Verification progress: 24% (273/1130)
Verification progress: 24% (274/1130)
Screenshot saved to: /Users/nimcheema/src/cal.com/apps/web/.temp/dessn-component-routes/screenshots/EmailSchedulingBodyHeader-0b3ec944.png
Screenshot saved to: /Users/nimcheema/src/cal.com/apps/web/.temp/dessn-component-routes/screenshots/BaseEmailHtml-0ed7e7f8.png
Verification progress: 24% (275/1130)
Verification progress: 24% (276/1130)
Screenshot saved to: /Users/nimcheema/src/cal.com/apps/web/.temp/dessn-component-routes/screenshots/BookingConfirmationForm-8098ee22.png
Screenshot saved to: /Users/nimcheema/src/cal.com/apps/web/.temp/dessn-component-routes/screenshots/CallToActionIcon-4567b69c.png
Screenshot saved to: /Users/nimcheema/src/cal.com/apps/web/.temp/dessn-component-routes/screenshots/V2BaseEmailHtml-e543661b.png
Verification progress: 25% (277/1130)
Screenshot saved to: /Users/nimcheema/src/cal.com/apps/web/.temp/dessn-component-routes/screenshots/CallToAction-c2b23457.png
Screenshot saved to: /Users/nimcheema/src/cal.com/apps/web/.temp/dessn-component-routes/screenshots/CallToActionTable-a8eed944.png
Verification progress: 25% (278/1130)
Screenshot saved to: /Users/nimcheema/src/cal.com/apps/web/.temp/dessn-component-routes/screenshots/Info-5df7a2ed.png
Verification progress: 25% (279/1130)
Verification progress: 25% (280/1130)
Verification progress: 25% (281/1130)
Verification progress: 25% (282/1130)
Screenshot saved to: /Users/nimcheema/src/cal.com/apps/web/.temp/dessn-component-routes/screenshots/WhenInfo-feee39b8.png
Verification progress: 25% (283/1130)
Screenshot saved to: /Users/nimcheema/src/cal.com/apps/web/.temp/dessn-component-routes/screenshots/WhoInfo-d5d06e1b.png
Screenshot saved to: /Users/nimcheema/src/cal.com/apps/web/.temp/dessn-component-routes/screenshots/PersonInfo-d5d06e1b.png
Verification progress: 25% (284/1130)
Verification progress: 25% (285/1130)
Screenshot saved to: /Users/nimcheema/src/cal.com/apps/web/.temp/dessn-component-routes/screenshots/Separator-28f1eb38.png
Screenshot saved to: /Users/nimcheema/src/cal.com/apps/web/.temp/dessn-component-routes/screenshots/AppsStatus-0be4644b.png
Screenshot saved to: /Users/nimcheema/src/cal.com/apps/web/.temp/dessn-component-routes/screenshots/CommandSeparator-8539b5ed.png
Verification progress: 25% (286/1130)
Verification progress: 25% (287/1130)
Verification progress: 25% (288/1130)
Screenshot saved to: /Users/nimcheema/src/cal.com/apps/web/.temp/dessn-component-routes/screenshots/MonthlyDigestEmail-85f33101.png
Verification progress: 26% (289/1130)
Screenshot saved to: /Users/nimcheema/src/cal.com/apps/web/.temp/dessn-component-routes/screenshots/HoverCardContent-f32f8bfd.png
Verification progress: 26% (290/1130)
Screenshot saved to: /Users/nimcheema/src/cal.com/apps/web/.temp/dessn-component-routes/screenshots/UserFieldsResponses-099d9b3b.png
Verification progress: 26% (291/1130)
Screenshot saved to: /Users/nimcheema/src/cal.com/apps/web/.temp/dessn-component-routes/screenshots/LocationInfo-3d745c7b.png
Verification progress: 26% (292/1130)
Screenshot saved to: /Users/nimcheema/src/cal.com/apps/web/.temp/dessn-component-routes/screenshots/AttendeeCancelledSeatEmail-6c27cd47.png
Verification progress: 26% (293/1130)
Screenshot saved to: /Users/nimcheema/src/cal.com/apps/web/.temp/dessn-component-routes/screenshots/RawHtml-732411e1.png
Verification progress: 26% (294/1130)
Screenshot saved to: /Users/nimcheema/src/cal.com/apps/web/.temp/dessn-component-routes/screenshots/EmailHead-3abad10d.png
Verification progress: 26% (295/1130)
Screenshot saved to: /Users/nimcheema/src/cal.com/apps/web/.temp/dessn-component-routes/screenshots/OrgBanner-4f01ed54.png
Verification progress: 26% (296/1130)
Screenshot saved to: /Users/nimcheema/src/cal.com/apps/web/.temp/dessn-component-routes/screenshots/AttendeeCancelledEmail-87bbbd7a.png
Verification progress: 26% (297/1130)
Screenshot saved to: /Users/nimcheema/src/cal.com/apps/web/.temp/dessn-component-routes/screenshots/AttendeeWasRequestedToRescheduleEmail-6af941bf.png
Verification progress: 26% (298/1130)
Screenshot saved to: /Users/nimcheema/src/cal.com/apps/web/.temp/dessn-component-routes/screenshots/ManageLink-12311252.png
Verification progress: 26% (299/1130)
Screenshot saved to: /Users/nimcheema/src/cal.com/apps/web/.temp/dessn-component-routes/screenshots/OrganizationAdminNoSlotsEmail-4bc21b4e.png
Verification progress: 27% (300/1130)
Screenshot saved to: /Users/nimcheema/src/cal.com/apps/web/.temp/dessn-component-routes/screenshots/OrganizerScheduledEmail-3d93806d.png
Verification progress: 27% (301/1130)
Screenshot saved to: /Users/nimcheema/src/cal.com/apps/web/.temp/dessn-component-routes/screenshots/SlugReplacementEmail-89c5a52e.png
Verification progress: 27% (302/1130)
Screenshot saved to: /Users/nimcheema/src/cal.com/apps/web/.temp/dessn-component-routes/screenshots/AttendeeAwaitingPaymentEmail-ed601637.png
Verification progress: 27% (303/1130)
Screenshot saved to: /Users/nimcheema/src/cal.com/apps/web/.temp/dessn-component-routes/screenshots/FeedbackEmail-87483e06.png
Verification progress: 27% (304/1130)
Screenshot saved to: /Users/nimcheema/src/cal.com/apps/web/.temp/dessn-component-routes/screenshots/ForgotPasswordEmail-3cc12130.png
Verification progress: 27% (305/1130)
Screenshot saved to: /Users/nimcheema/src/cal.com/apps/web/.temp/dessn-component-routes/screenshots/AttendeeRescheduledEmail-59bcfa76.png
Verification progress: 27% (306/1130)
Screenshot saved to: /Users/nimcheema/src/cal.com/apps/web/.temp/dessn-component-routes/screenshots/AttendeeUpdatedEmail-54a603e3.png
Verification progress: 27% (307/1130)
Screenshot saved to: /Users/nimcheema/src/cal.com/apps/web/.temp/dessn-component-routes/screenshots/AttendeeDeclinedEmail-ed1a2153.png
Verification progress: 27% (308/1130)
Screenshot saved to: /Users/nimcheema/src/cal.com/apps/web/.temp/dessn-component-routes/screenshots/DisabledAppEmail-d3ede1b9.png
Verification progress: 27% (309/1130)
Screenshot saved to: /Users/nimcheema/src/cal.com/apps/web/.temp/dessn-component-routes/screenshots/AttendeeScheduledEmail-95dceb24.png
Verification progress: 27% (310/1130)
Screenshot saved to: /Users/nimcheema/src/cal.com/apps/web/.temp/dessn-component-routes/screenshots/OrganizerReassignedEmail-46bf7968.png
Verification progress: 28% (311/1130)
Screenshot saved to: /Users/nimcheema/src/cal.com/apps/web/.temp/dessn-component-routes/screenshots/AttendeeLocationChangeEmail-2498db89.png
Verification progress: 28% (312/1130)
Screenshot saved to: /Users/nimcheema/src/cal.com/apps/web/.temp/dessn-component-routes/screenshots/AttendeeRequestEmail-448cee51.png
Verification progress: 28% (313/1130)
Screenshot saved to: /Users/nimcheema/src/cal.com/apps/web/.temp/dessn-component-routes/screenshots/OrganizerRequestReminderEmail-7b66471d.png
Verification progress: 28% (314/1130)
Screenshot saved to: /Users/nimcheema/src/cal.com/apps/web/.temp/dessn-component-routes/screenshots/BrokenIntegrationEmail-d4741ddd.png
Verification progress: 28% (315/1130)
Screenshot saved to: /Users/nimcheema/src/cal.com/apps/web/.temp/dessn-component-routes/screenshots/BaseScheduledEmail-0dd17f7f.png
Verification progress: 28% (316/1130)
Screenshot saved to: /Users/nimcheema/src/cal.com/apps/web/.temp/dessn-component-routes/screenshots/OrganizerRequestEmail-80d08d46.png
Verification progress: 28% (317/1130)
Screenshot saved to: /Users/nimcheema/src/cal.com/apps/web/.temp/dessn-component-routes/screenshots/VerifyAccountEmail-808affc2.png
Verification progress: 28% (318/1130)
Screenshot saved to: /Users/nimcheema/src/cal.com/apps/web/.temp/dessn-component-routes/screenshots/VerifyEmailByCode-69c7619f.png
Verification progress: 28% (319/1130)
Screenshot saved to: /Users/nimcheema/src/cal.com/apps/web/.temp/dessn-component-routes/screenshots/ResponseEmail-5392b7c9.png
Verification progress: 28% (320/1130)
Screenshot saved to: /Users/nimcheema/src/cal.com/apps/web/.temp/dessn-component-routes/screenshots/DailyVideoDownloadRecordingEmail-88e7725b.png
Verification progress: 28% (321/1130)
Screenshot saved to: /Users/nimcheema/src/cal.com/apps/web/.temp/dessn-component-routes/screenshots/NoShowFeeChargedEmail-1dcaceb2.png
Screenshot saved to: /Users/nimcheema/src/cal.com/apps/web/.temp/dessn-component-routes/screenshots/DailyVideoDownloadTranscriptEmail-6d33312a.png
Verification progress: 28% (322/1130)
Verification progress: 29% (323/1130)
Screenshot saved to: /Users/nimcheema/src/cal.com/apps/web/.temp/dessn-component-routes/screenshots/OrganisationAccountVerifyEmail-5c8c3059.png
Verification progress: 29% (324/1130)
Screenshot saved to: /Users/nimcheema/src/cal.com/apps/web/.temp/dessn-component-routes/screenshots/OrgAutoInviteEmail-f423608e.png
Screenshot saved to: /Users/nimcheema/src/cal.com/apps/web/.temp/dessn-component-routes/screenshots/OrganizerCancelledEmail-dd3b83d3.png
Verification progress: 29% (325/1130)
Verification progress: 29% (326/1130)
Screenshot saved to: /Users/nimcheema/src/cal.com/apps/web/.temp/dessn-component-routes/screenshots/AdminOrganizationNotificationEmail-26abc43b.png
Verification progress: 29% (327/1130)
Screenshot saved to: /Users/nimcheema/src/cal.com/apps/web/.temp/dessn-component-routes/screenshots/OrganizerRequestedToRescheduleEmail-8643961d.png
Verification progress: 29% (328/1130)
Screenshot saved to: /Users/nimcheema/src/cal.com/apps/web/.temp/dessn-component-routes/screenshots/OrganizationCreationEmail-1f9caed3.png
Verification progress: 29% (329/1130)
Screenshot saved to: /Users/nimcheema/src/cal.com/apps/web/.temp/dessn-component-routes/screenshots/OrganizerAttendeeCancelledSeatEmail-ca617172.png
Verification progress: 29% (330/1130)
Screenshot saved to: /Users/nimcheema/src/cal.com/apps/web/.temp/dessn-component-routes/screenshots/AttendeeAddGuestsEmail-0e64dd05.png
Verification progress: 29% (331/1130)
Screenshot saved to: /Users/nimcheema/src/cal.com/apps/web/.temp/dessn-component-routes/screenshots/Day-0d8effeb.png
Verification progress: 29% (332/1130)
Screenshot saved to: /Users/nimcheema/src/cal.com/apps/web/.temp/dessn-component-routes/screenshots/OrganizerRequestEmailV2-4563e725.png
Verification progress: 29% (333/1130)
Screenshot saved to: /Users/nimcheema/src/cal.com/apps/web/.temp/dessn-component-routes/screenshots/DatePicker-0d8effeb.png
Screenshot saved to: /Users/nimcheema/src/cal.com/apps/web/.temp/dessn-component-routes/screenshots/OrganizerPaymentRefundFailedEmail-68ded3c3.png
Verification progress: 30% (334/1130)
Verification progress: 30% (335/1130)
Screenshot saved to: /Users/nimcheema/src/cal.com/apps/web/.temp/dessn-component-routes/screenshots/TeamInviteEmail-53d11e36.png
Verification progress: 30% (336/1130)
Screenshot saved to: /Users/nimcheema/src/cal.com/apps/web/.temp/dessn-component-routes/screenshots/DateOverrideInputDialog-863a7d8c.png
Verification progress: 30% (337/1130)
Screenshot saved to: /Users/nimcheema/src/cal.com/apps/web/.temp/dessn-component-routes/screenshots/BookingRedirectEmailNotification-fb55611d.png
Verification progress: 30% (338/1130)
Screenshot saved to: /Users/nimcheema/src/cal.com/apps/web/.temp/dessn-component-routes/screenshots/DateOverrideList-60fe34b8.png
Verification progress: 30% (339/1130)
Screenshot saved to: /Users/nimcheema/src/cal.com/apps/web/.temp/dessn-component-routes/screenshots/DateValues-54bc3c9d.png
Verification progress: 30% (340/1130)
Screenshot saved to: /Users/nimcheema/src/cal.com/apps/web/.temp/dessn-component-routes/screenshots/OutOfOfficeInSlots-14b82e5c.png
Verification progress: 30% (341/1130)
Screenshot saved to: /Users/nimcheema/src/cal.com/apps/web/.temp/dessn-component-routes/screenshots/ScheduleComponent-9ac5b094.png
Screenshot saved to: /Users/nimcheema/src/cal.com/apps/web/.temp/dessn-component-routes/screenshots/VerifyEmailChangeEmail-6056e721.png
Screenshot saved to: /Users/nimcheema/src/cal.com/apps/web/.temp/dessn-component-routes/screenshots/Schedule-9ac5b094.png
Verification progress: 30% (342/1130)
Verification progress: 30% (343/1130)
Screenshot saved to: /Users/nimcheema/src/cal.com/apps/web/.temp/dessn-component-routes/screenshots/EmptyCell-74586bd0.png
Verification progress: 30% (344/1130)
Verification progress: 31% (345/1130)
Screenshot saved to: /Users/nimcheema/src/cal.com/apps/web/.temp/dessn-component-routes/screenshots/AvailableCellsForDay-74586bd0.png
Verification progress: 31% (346/1130)
Screenshot saved to: /Users/nimcheema/src/cal.com/apps/web/.temp/dessn-component-routes/screenshots/Event-3de5b7ad.png
Verification progress: 31% (347/1130)
Screenshot saved to: /Users/nimcheema/src/cal.com/apps/web/.temp/dessn-component-routes/screenshots/OrganizerLocationChangeEmail-d4cadf3a.png
Verification progress: 31% (348/1130)
Screenshot saved to: /Users/nimcheema/src/cal.com/apps/web/.temp/dessn-component-routes/screenshots/Spinner-76a1b1bb.png
Verification progress: 31% (349/1130)
Screenshot saved to: /Users/nimcheema/src/cal.com/apps/web/.temp/dessn-component-routes/screenshots/DayRanges-9ac5b094.png
Verification progress: 31% (350/1130)
Screenshot saved to: /Users/nimcheema/src/cal.com/apps/web/.temp/dessn-component-routes/screenshots/Calendar-8580d1b1.png
Verification progress: 31% (351/1130)
Screenshot saved to: /Users/nimcheema/src/cal.com/apps/web/.temp/dessn-component-routes/screenshots/DataTableProvider-3efc4c43.png
Verification progress: 31% (352/1130)
Screenshot saved to: /Users/nimcheema/src/cal.com/apps/web/.temp/dessn-component-routes/screenshots/SchedulerHeading-bdb8a957.png
Verification progress: 31% (353/1130)
Screenshot saved to: /Users/nimcheema/src/cal.com/apps/web/.temp/dessn-component-routes/screenshots/DataTableSelectionBar-0ff95549.png
Verification progress: 31% (354/1130)
Screenshot saved to: /Users/nimcheema/src/cal.com/apps/web/.temp/dessn-component-routes/screenshots/DataTablePagination-d10c9dac.png
Verification progress: 31% (355/1130)
Screenshot saved to: /Users/nimcheema/src/cal.com/apps/web/.temp/dessn-component-routes/screenshots/SchedulerColumns-6b7c8577.png
Verification progress: 32% (356/1130)
Screenshot saved to: /Users/nimcheema/src/cal.com/apps/web/.temp/dessn-component-routes/screenshots/EventList-202797a3.png
Verification progress: 32% (357/1130)
Screenshot saved to: /Users/nimcheema/src/cal.com/apps/web/.temp/dessn-component-routes/screenshots/HorizontalLines-a6bacd5a.png
Verification progress: 32% (358/1130)
Screenshot saved to: /Users/nimcheema/src/cal.com/apps/web/.temp/dessn-component-routes/screenshots/VerticalLines-96f89992.png
Verification progress: 32% (359/1130)
Screenshot saved to: /Users/nimcheema/src/cal.com/apps/web/.temp/dessn-component-routes/screenshots/OrganizerAddGuestsEmail-72bae318.png
Verification progress: 32% (360/1130)
Screenshot saved to: /Users/nimcheema/src/cal.com/apps/web/.temp/dessn-component-routes/screenshots/CurrentTime-63e37576.png
Verification progress: 32% (361/1130)
Screenshot saved to: /Users/nimcheema/src/cal.com/apps/web/.temp/dessn-component-routes/screenshots/ScheduleDay-9ac5b094.png
Verification progress: 32% (362/1130)
Screenshot saved to: /Users/nimcheema/src/cal.com/apps/web/.temp/dessn-component-routes/screenshots/OrganizerRescheduledEmail-18137e22.png
Verification progress: 32% (363/1130)
Screenshot saved to: /Users/nimcheema/src/cal.com/apps/web/.temp/dessn-component-routes/screenshots/ClearFiltersButton-0419b6cb.png
Verification progress: 32% (364/1130)
Screenshot saved to: /Users/nimcheema/src/cal.com/apps/web/.temp/dessn-component-routes/screenshots/DateRangeFilter-d42af04a.png
Verification progress: 32% (365/1130)
Screenshot saved to: /Users/nimcheema/src/cal.com/apps/web/.temp/dessn-component-routes/screenshots/DataTableSkeleton-eaf48de6.png
Verification progress: 32% (366/1130)
Screenshot saved to: /Users/nimcheema/src/cal.com/apps/web/.temp/dessn-component-routes/screenshots/DataTableToolbar-bceca64e.png
Verification progress: 32% (367/1130)
Screenshot saved to: /Users/nimcheema/src/cal.com/apps/web/.temp/dessn-component-routes/screenshots/InvalidAppCredentialBanners-d1f94e1f.png
Screenshot saved to: /Users/nimcheema/src/cal.com/apps/web/.temp/dessn-component-routes/screenshots/NumberFilterOptions-5c8566c5.png
Verification progress: 33% (368/1130)
Verification progress: 33% (369/1130)
Screenshot saved to: /Users/nimcheema/src/cal.com/apps/web/.temp/dessn-component-routes/screenshots/BookingPageTagManager-d80f814d.png
Verification progress: 33% (370/1130)
Screenshot saved to: /Users/nimcheema/src/cal.com/apps/web/.temp/dessn-component-routes/screenshots/VerifyCodeDialog-fc6a8798.png
Verification progress: 33% (371/1130)
Screenshot saved to: /Users/nimcheema/src/cal.com/apps/web/.temp/dessn-component-routes/screenshots/PriceIcon-35f43740.png
Screenshot saved to: /Users/nimcheema/src/cal.com/apps/web/.temp/dessn-component-routes/screenshots/DataTableWrapper-0ce9febf.png
Verification progress: 33% (372/1130)
Verification progress: 33% (373/1130)
Screenshot saved to: /Users/nimcheema/src/cal.com/apps/web/.temp/dessn-component-routes/screenshots/EventDuration-1cace426.png
Verification progress: 33% (374/1130)
Screenshot saved to: /Users/nimcheema/src/cal.com/apps/web/.temp/dessn-component-routes/screenshots/AvailableEventLocations-521c57fc.png
Verification progress: 33% (375/1130)
Screenshot saved to: /Users/nimcheema/src/cal.com/apps/web/.temp/dessn-component-routes/screenshots/EventOccurences-9b8ccb31.png
Verification progress: 33% (376/1130)
Screenshot saved to: /Users/nimcheema/src/cal.com/apps/web/.temp/dessn-component-routes/screenshots/Price-ecb316e6.png
Screenshot saved to: /Users/nimcheema/src/cal.com/apps/web/.temp/dessn-component-routes/screenshots/AlbyPriceComponent-ce29824c.png
Verification progress: 33% (377/1130)
Verification progress: 33% (378/1130)
Screenshot saved to: /Users/nimcheema/src/cal.com/apps/web/.temp/dessn-component-routes/screenshots/InvalidAppCredentialBanner-d1f94e1f.png
Verification progress: 34% (379/1130)
Screenshot saved to: /Users/nimcheema/src/cal.com/apps/web/.temp/dessn-component-routes/screenshots/EventMetaBlock-61630078.png
Verification progress: 34% (380/1130)
Screenshot saved to: /Users/nimcheema/src/cal.com/apps/web/.temp/dessn-component-routes/screenshots/EventTitle-7c57289b.png
Verification progress: 34% (381/1130)
Screenshot saved to: /Users/nimcheema/src/cal.com/apps/web/.temp/dessn-component-routes/screenshots/EventDetails-61630078.png
Verification progress: 34% (382/1130)
Screenshot saved to: /Users/nimcheema/src/cal.com/apps/web/.temp/dessn-component-routes/screenshots/EventMetaSkeleton-ba26c714.png
Verification progress: 34% (383/1130)
Screenshot saved to: /Users/nimcheema/src/cal.com/apps/web/.temp/dessn-component-routes/screenshots/SingleSelectFilterOptions-96fa6e40.png
Screenshot saved to: /Users/nimcheema/src/cal.com/apps/web/.temp/dessn-component-routes/screenshots/PayIcon-18a755c9.png
Screenshot saved to: /Users/nimcheema/src/cal.com/apps/web/.temp/dessn-component-routes/screenshots/EventMembers-0e80d0ea.png
Screenshot saved to: /Users/nimcheema/src/cal.com/apps/web/.temp/dessn-component-routes/screenshots/DataTable-86e34381.png
Verification progress: 34% (384/1130)
Screenshot saved to: /Users/nimcheema/src/cal.com/apps/web/.temp/dessn-component-routes/screenshots/SeatsAvailabilityText-c28a26df.png
Verification progress: 34% (385/1130)
Verification progress: 34% (386/1130)
Verification progress: 34% (387/1130)
Verification progress: 34% (388/1130)
Screenshot saved to: /Users/nimcheema/src/cal.com/apps/web/.temp/dessn-component-routes/screenshots/AvailableTimeSlots-55f2513e.png
Screenshot saved to: /Users/nimcheema/src/cal.com/apps/web/.temp/dessn-component-routes/screenshots/AvailableTimesHeader-36a99c67.png
Screenshot saved to: /Users/nimcheema/src/cal.com/apps/web/.temp/dessn-component-routes/screenshots/AvailableTimes-1347bea0.png
Screenshot saved to: /Users/nimcheema/src/cal.com/apps/web/.temp/dessn-component-routes/screenshots/AvailableTimesSkeleton-1347bea0.png
Verification progress: 34% (389/1130)
Verification progress: 35% (390/1130)
Verification progress: 35% (391/1130)
Verification progress: 35% (392/1130)
Screenshot saved to: /Users/nimcheema/src/cal.com/apps/web/.temp/dessn-component-routes/screenshots/TextFilterOptions-c917d953.png
Screenshot saved to: /Users/nimcheema/src/cal.com/apps/web/.temp/dessn-component-routes/screenshots/FormBuilderField-3d514742.png
Screenshot saved to: /Users/nimcheema/src/cal.com/apps/web/.temp/dessn-component-routes/screenshots/ComponentForField-3d514742.png
Screenshot saved to: /Users/nimcheema/src/cal.com/apps/web/.temp/dessn-component-routes/screenshots/BookingFields-30f12aa6.png
Screenshot saved to: /Users/nimcheema/src/cal.com/apps/web/.temp/dessn-component-routes/screenshots/FormSkeleton-f1a08f21.png
Verification progress: 35% (393/1130)
Verification progress: 35% (394/1130)
Verification progress: 35% (395/1130)
Verification progress: 35% (396/1130)
Verification progress: 35% (397/1130)
Screenshot saved to: /Users/nimcheema/src/cal.com/apps/web/.temp/dessn-component-routes/screenshots/FromTime-54e352a3.png
Screenshot saved to: /Users/nimcheema/src/cal.com/apps/web/.temp/dessn-component-routes/screenshots/BookEventForm-c38a406a.png
Screenshot saved to: /Users/nimcheema/src/cal.com/apps/web/.temp/dessn-component-routes/screenshots/BookFormAsModal-3b804aef.png
Screenshot saved to: /Users/nimcheema/src/cal.com/apps/web/.temp/dessn-component-routes/screenshots/BookEventFormWrapperComponent-3b804aef.png
Verification progress: 35% (398/1130)
Verification progress: 35% (399/1130)
Verification progress: 35% (400/1130)
Verification progress: 35% (401/1130)
Screenshot saved to: /Users/nimcheema/src/cal.com/apps/web/.temp/dessn-component-routes/screenshots/Header-27c92ef1.png
Verification progress: 36% (402/1130)
Screenshot saved to: /Users/nimcheema/src/cal.com/apps/web/.temp/dessn-component-routes/screenshots/DryRunMessage-930d7f4a.png
Screenshot saved to: /Users/nimcheema/src/cal.com/apps/web/.temp/dessn-component-routes/screenshots/HavingTroubleFindingTime-989827cc.png
Verification progress: 36% (403/1130)
Verification progress: 36% (404/1130)
Screenshot saved to: /Users/nimcheema/src/cal.com/apps/web/.temp/dessn-component-routes/screenshots/TimeFormatToggle-1f074389.png
Screenshot saved to: /Users/nimcheema/src/cal.com/apps/web/.temp/dessn-component-routes/screenshots/OverlayCalendarContinueModal-1d0f2870.png
Screenshot saved to: /Users/nimcheema/src/cal.com/apps/web/.temp/dessn-component-routes/screenshots/InstantBooking-3ed457b4.png
Verification progress: 36% (405/1130)
Verification progress: 36% (406/1130)
Verification progress: 36% (407/1130)
Screenshot saved to: /Users/nimcheema/src/cal.com/apps/web/.temp/dessn-component-routes/screenshots/OverlayCalendarSwitch-53845668.png
Screenshot saved to: /Users/nimcheema/src/cal.com/apps/web/.temp/dessn-component-routes/screenshots/OverlayCalendarSettingsModal-9440f370.png
Verification progress: 36% (408/1130)
Verification progress: 36% (409/1130)
Screenshot saved to: /Users/nimcheema/src/cal.com/apps/web/.temp/dessn-component-routes/screenshots/RedirectToInstantMeetingModal-744aa4bb.png
Verification progress: 36% (410/1130)
Screenshot saved to: /Users/nimcheema/src/cal.com/apps/web/.temp/dessn-component-routes/screenshots/EventMeta-93339795.png
Screenshot saved to: /Users/nimcheema/src/cal.com/apps/web/.temp/dessn-component-routes/screenshots/Away-e682df8a.png
Verification progress: 36% (411/1130)
Verification progress: 36% (412/1130)
Screenshot saved to: /Users/nimcheema/src/cal.com/apps/web/.temp/dessn-component-routes/screenshots/FromToTime-54e352a3.png
Verification progress: 37% (413/1130)
Screenshot saved to: /Users/nimcheema/src/cal.com/apps/web/.temp/dessn-component-routes/screenshots/OverlayCalendar-d4483b05.png
Verification progress: 37% (414/1130)
Screenshot saved to: /Users/nimcheema/src/cal.com/apps/web/.temp/dessn-component-routes/screenshots/NotFound-e682df8a.png
Screenshot saved to: /Users/nimcheema/src/cal.com/apps/web/.temp/dessn-component-routes/screenshots/TurnstileWidget-fd83ba7c.png
Verification progress: 37% (415/1130)
Verification progress: 37% (416/1130)
Screenshot saved to: /Users/nimcheema/src/cal.com/apps/web/.temp/dessn-component-routes/screenshots/PoweredByCal-9c83213a.png
Screenshot saved to: /Users/nimcheema/src/cal.com/apps/web/.temp/dessn-component-routes/screenshots/DatePicker-7886dc1a.png
Verification progress: 37% (417/1130)
Verification progress: 37% (418/1130)
Screenshot saved to: /Users/nimcheema/src/cal.com/apps/web/.temp/dessn-component-routes/screenshots/BookerSection-f8cab7dd.png
Verification progress: 37% (419/1130)
Screenshot saved to: /Users/nimcheema/src/cal.com/apps/web/.temp/dessn-component-routes/screenshots/ToastProvider-cd4ba3bb.png
Verification progress: 37% (420/1130)
Screenshot saved to: /Users/nimcheema/src/cal.com/apps/web/.temp/dessn-component-routes/screenshots/BookerWebWrapper-c29ce3ed.png
Verification progress: 37% (421/1130)
Screenshot saved to: /Users/nimcheema/src/cal.com/apps/web/.temp/dessn-component-routes/screenshots/AtomsWrapper-fe82483b.png
Verification progress: 37% (422/1130)
Screenshot saved to: /Users/nimcheema/src/cal.com/apps/web/.temp/dessn-component-routes/screenshots/ToastClose-cd4ba3bb.png
Verification progress: 37% (423/1130)
Screenshot saved to: /Users/nimcheema/src/cal.com/apps/web/.temp/dessn-component-routes/screenshots/ToastTitle-cd4ba3bb.png
Verification progress: 38% (424/1130)
Screenshot saved to: /Users/nimcheema/src/cal.com/apps/web/.temp/dessn-component-routes/screenshots/ToastDescription-cd4ba3bb.png
Verification progress: 38% (425/1130)
Error verifying MultiSelectFilterOptions-bf063057: Recursion limit of 50 reached without hitting a stop condition. You can increase the limit by setting the "recursionLimit" config key.

Troubleshooting URL: https://js.langchain.com/docs/troubleshooting/errors/GRAPH_RECURSION_LIMIT/

Verification progress: 38% (426/1130)
Screenshot saved to: /Users/nimcheema/src/cal.com/apps/web/.temp/dessn-component-routes/screenshots/ToastViewport-cd4ba3bb.png
Verification progress: 38% (427/1130)
Screenshot saved to: /Users/nimcheema/src/cal.com/apps/web/.temp/dessn-component-routes/screenshots/CalProvider-8d1ef571.png
Verification progress: 38% (428/1130)
Error verifying ActiveFilters-10273c2e: Recursion limit of 50 reached without hitting a stop condition. You can increase the limit by setting the "recursionLimit" config key.

Troubleshooting URL: https://js.langchain.com/docs/troubleshooting/errors/GRAPH_RECURSION_LIMIT/

Verification progress: 38% (429/1130)
Screenshot saved to: /Users/nimcheema/src/cal.com/apps/web/.temp/dessn-component-routes/screenshots/Toast-cd4ba3bb.png
Verification progress: 38% (430/1130)
Screenshot saved to: /Users/nimcheema/src/cal.com/apps/web/.temp/dessn-component-routes/screenshots/ToastAction-cd4ba3bb.png
Screenshot saved to: /Users/nimcheema/src/cal.com/apps/web/.temp/dessn-component-routes/screenshots/Toaster-eb102044.png
Verification progress: 38% (431/1130)
Verification progress: 38% (432/1130)
Screenshot saved to: /Users/nimcheema/src/cal.com/apps/web/.temp/dessn-component-routes/screenshots/BaseCalProvider-c4d283ee.png
Verification progress: 38% (433/1130)
Error verifying FilterPopover-8ce19110: Recursion limit of 50 reached without hitting a stop condition. You can increase the limit by setting the "recursionLimit" config key.

Troubleshooting URL: https://js.langchain.com/docs/troubleshooting/errors/GRAPH_RECURSION_LIMIT/

Verification progress: 38% (434/1130)
Screenshot saved to: /Users/nimcheema/src/cal.com/apps/web/.temp/dessn-component-routes/screenshots/DialogTrigger-3556910a.png
Verification progress: 38% (435/1130)
Screenshot saved to: /Users/nimcheema/src/cal.com/apps/web/.temp/dessn-component-routes/screenshots/DialogHeader-3556910a.png
Verification progress: 39% (436/1130)
Error verifying FilterOptions-23b4294a: Recursion limit of 50 reached without hitting a stop condition. You can increase the limit by setting the "recursionLimit" config key.

Troubleshooting URL: https://js.langchain.com/docs/troubleshooting/errors/GRAPH_RECURSION_LIMIT/

Verification progress: 39% (437/1130)
Screenshot saved to: /Users/nimcheema/src/cal.com/apps/web/.temp/dessn-component-routes/screenshots/DialogFooter-3556910a.png
Verification progress: 39% (438/1130)
Screenshot saved to: /Users/nimcheema/src/cal.com/apps/web/.temp/dessn-component-routes/screenshots/DialogPortal-3556910a.png
Verification progress: 39% (439/1130)
Screenshot saved to: /Users/nimcheema/src/cal.com/apps/web/.temp/dessn-component-routes/screenshots/DialogClose-3556910a.png
Verification progress: 39% (440/1130)
Screenshot saved to: /Users/nimcheema/src/cal.com/apps/web/.temp/dessn-component-routes/screenshots/DisconnectIntegration-61a58dce.png
Screenshot saved to: /Users/nimcheema/src/cal.com/apps/web/.temp/dessn-component-routes/screenshots/Dialog-3556910a.png
Verification progress: 39% (441/1130)
Verification progress: 39% (442/1130)
Screenshot saved to: /Users/nimcheema/src/cal.com/apps/web/.temp/dessn-component-routes/screenshots/DialogContent-3556910a.png
Verification progress: 39% (443/1130)
Screenshot saved to: /Users/nimcheema/src/cal.com/apps/web/.temp/dessn-component-routes/screenshots/QueryCell-18bd2b83.png
Verification progress: 39% (444/1130)
Screenshot saved to: /Users/nimcheema/src/cal.com/apps/web/.temp/dessn-component-routes/screenshots/QueryCell-18bd2b83.png
Verification progress: 39% (445/1130)
Screenshot saved to: /Users/nimcheema/src/cal.com/apps/web/.temp/dessn-component-routes/screenshots/AdditionalCalendarSelector-eb06ac95.png
Verification progress: 39% (446/1130)
Screenshot saved to: /Users/nimcheema/src/cal.com/apps/web/.temp/dessn-component-routes/screenshots/SelectedCalendarsSettings-661332e5.png
Verification progress: 40% (447/1130)
Screenshot saved to: /Users/nimcheema/src/cal.com/apps/web/.temp/dessn-component-routes/screenshots/SelectedCalendarsSettingsWebWrapper-3f8e6fb9.png
Verification progress: 40% (448/1130)
Screenshot saved to: /Users/nimcheema/src/cal.com/apps/web/.temp/dessn-component-routes/screenshots/QueryCell-18bd2b83.png
Screenshot saved to: /Users/nimcheema/src/cal.com/apps/web/.temp/dessn-component-routes/screenshots/DialogDescription-3556910a.png
Screenshot saved to: /Users/nimcheema/src/cal.com/apps/web/.temp/dessn-component-routes/screenshots/Timezone-75f85dbf.png
Verification progress: 40% (449/1130)
Verification progress: 40% (450/1130)
Verification progress: 40% (451/1130)
Screenshot saved to: /Users/nimcheema/src/cal.com/apps/web/.temp/dessn-component-routes/screenshots/ChildrenEventTypeSelect-8df00efe.png
Screenshot saved to: /Users/nimcheema/src/cal.com/apps/web/.temp/dessn-component-routes/screenshots/SelectedCalendarsSettingsWebWrapperSkeleton-3f8e6fb9.png
Screenshot saved to: /Users/nimcheema/src/cal.com/apps/web/.temp/dessn-component-routes/screenshots/DialogTitle-3556910a.png
Verification progress: 40% (452/1130)
Verification progress: 40% (453/1130)
Verification progress: 40% (454/1130)
Screenshot saved to: /Users/nimcheema/src/cal.com/apps/web/.temp/dessn-component-routes/screenshots/DestinationCalendarSelector-6a3cf067.png
Screenshot saved to: /Users/nimcheema/src/cal.com/apps/web/.temp/dessn-component-routes/screenshots/DestinationCalendarSelector-13916a22.png
Verification progress: 40% (455/1130)
Verification progress: 40% (456/1130)
Screenshot saved to: /Users/nimcheema/src/cal.com/apps/web/.temp/dessn-component-routes/screenshots/DestinationCalendarSettings-f980c133.png
Verification progress: 40% (457/1130)
Screenshot saved to: /Users/nimcheema/src/cal.com/apps/web/.temp/dessn-component-routes/screenshots/BulkEditDefaultForEventsModal-b76848d9.png
Verification progress: 41% (458/1130)
Screenshot saved to: /Users/nimcheema/src/cal.com/apps/web/.temp/dessn-component-routes/screenshots/KBarRoot-56f2316f.png
Screenshot saved to: /Users/nimcheema/src/cal.com/apps/web/.temp/dessn-component-routes/screenshots/KBarTrigger-56f2316f.png
Screenshot saved to: /Users/nimcheema/src/cal.com/apps/web/.temp/dessn-component-routes/screenshots/KBarContent-56f2316f.png
Verification progress: 41% (459/1130)
Verification progress: 41% (460/1130)
Verification progress: 41% (461/1130)
Error verifying LargeCalendar-8af388ab: Recursion limit of 50 reached without hitting a stop condition. You can increase the limit by setting the "recursionLimit" config key.

Troubleshooting URL: https://js.langchain.com/docs/troubleshooting/errors/GRAPH_RECURSION_LIMIT/

Verification progress: 41% (462/1130)
Screenshot saved to: /Users/nimcheema/src/cal.com/apps/web/.temp/dessn-component-routes/screenshots/NavigationItem-be636c36.png
Verification progress: 41% (463/1130)
Screenshot saved to: /Users/nimcheema/src/cal.com/apps/web/.temp/dessn-component-routes/screenshots/MobileNavigationItem-be636c36.png
Verification progress: 41% (464/1130)
Screenshot saved to: /Users/nimcheema/src/cal.com/apps/web/.temp/dessn-component-routes/screenshots/MobileNavigationMoreItem-be636c36.png
Verification progress: 41% (465/1130)
Screenshot saved to: /Users/nimcheema/src/cal.com/apps/web/.temp/dessn-component-routes/screenshots/MobileNavigationContainer-8d6d220e.png
Verification progress: 41% (466/1130)
Screenshot saved to: /Users/nimcheema/src/cal.com/apps/web/.temp/dessn-component-routes/screenshots/DialogOverlay-3556910a.png
Verification progress: 41% (467/1130)
Screenshot saved to: /Users/nimcheema/src/cal.com/apps/web/.temp/dessn-component-routes/screenshots/TeamInviteBadge-0885630d.png
Verification progress: 41% (468/1130)
Screenshot saved to: /Users/nimcheema/src/cal.com/apps/web/.temp/dessn-component-routes/screenshots/ProfileDropdown-c4c3927c.png
Verification progress: 42% (469/1130)
Screenshot saved to: /Users/nimcheema/src/cal.com/apps/web/.temp/dessn-component-routes/screenshots/Navigation-8d6d220e.png
Screenshot saved to: /Users/nimcheema/src/cal.com/apps/web/.temp/dessn-component-routes/screenshots/FreshChatProvider-53091f5b.png
Verification progress: 42% (470/1130)
Verification progress: 42% (471/1130)
Screenshot saved to: /Users/nimcheema/src/cal.com/apps/web/.temp/dessn-component-routes/screenshots/DestinationCalendarSettingsWebWrapper-4e913c02.png
Verification progress: 42% (472/1130)
Screenshot saved to: /Users/nimcheema/src/cal.com/apps/web/.temp/dessn-component-routes/screenshots/UserDropdown-a94d1c45.png
Verification progress: 42% (473/1130)
Screenshot saved to: /Users/nimcheema/src/cal.com/apps/web/.temp/dessn-component-routes/screenshots/UpgradeTip-d758d3fa.png
Verification progress: 42% (474/1130)
Screenshot saved to: /Users/nimcheema/src/cal.com/apps/web/.temp/dessn-component-routes/screenshots/Booker-91463a97.png
Screenshot saved to: /Users/nimcheema/src/cal.com/apps/web/.temp/dessn-component-routes/screenshots/SideBarContainer-bdf69862.png
Verification progress: 42% (475/1130)
Verification progress: 42% (476/1130)
Screenshot saved to: /Users/nimcheema/src/cal.com/apps/web/.temp/dessn-component-routes/screenshots/OptionComponent-13916a22.png
Verification progress: 42% (477/1130)
Screenshot saved to: /Users/nimcheema/src/cal.com/apps/web/.temp/dessn-component-routes/screenshots/SingleValueComponent-13916a22.png
Screenshot saved to: /Users/nimcheema/src/cal.com/apps/web/.temp/dessn-component-routes/screenshots/TopNavContainer-9354447d.png
Verification progress: 42% (478/1130)
Verification progress: 42% (479/1130)
Screenshot saved to: /Users/nimcheema/src/cal.com/apps/web/.temp/dessn-component-routes/screenshots/OrgUpgradeBanner-aca54486.png
Screenshot saved to: /Users/nimcheema/src/cal.com/apps/web/.temp/dessn-component-routes/screenshots/ImpersonatingBanner-67020f6e.png
Verification progress: 42% (480/1130)
Verification progress: 43% (481/1130)
Screenshot saved to: /Users/nimcheema/src/cal.com/apps/web/.temp/dessn-component-routes/screenshots/FreshChatScript-5cd72cc1.png
Verification progress: 43% (482/1130)
Screenshot saved to: /Users/nimcheema/src/cal.com/apps/web/.temp/dessn-component-routes/screenshots/SideBar-bdf69862.png
Verification progress: 43% (483/1130)
Screenshot saved to: /Users/nimcheema/src/cal.com/apps/web/.temp/dessn-component-routes/screenshots/InviteLinkSettingsModal-abc1ef43.png
Screenshot saved to: /Users/nimcheema/src/cal.com/apps/web/.temp/dessn-component-routes/screenshots/SkeletonLoaderTeamList-784c5484.png
Verification progress: 43% (484/1130)
Verification progress: 43% (485/1130)
Screenshot saved to: /Users/nimcheema/src/cal.com/apps/web/.temp/dessn-component-routes/screenshots/MemberInvitationModalWithoutMembers-f8e9969c.png
Screenshot saved to: /Users/nimcheema/src/cal.com/apps/web/.temp/dessn-component-routes/screenshots/MemberInvitationModal-f8e9969c.png
Screenshot saved to: /Users/nimcheema/src/cal.com/apps/web/.temp/dessn-component-routes/screenshots/TeamInviteFromOrg-b400d552.png
Verification progress: 43% (486/1130)
Verification progress: 43% (487/1130)
Verification progress: 43% (488/1130)
Screenshot saved to: /Users/nimcheema/src/cal.com/apps/web/.temp/dessn-component-routes/screenshots/GoogleWorkspaceInviteButton-ec2b0143.png
Verification progress: 43% (489/1130)
Screenshot saved to: /Users/nimcheema/src/cal.com/apps/web/.temp/dessn-component-routes/screenshots/UnconfirmedBookingBadge-2f0a39ed.png
Verification progress: 43% (490/1130)
Screenshot saved to: /Users/nimcheema/src/cal.com/apps/web/.temp/dessn-component-routes/screenshots/TimezoneChangeDialog-f10025f3.png
Verification progress: 43% (491/1130)
Screenshot saved to: /Users/nimcheema/src/cal.com/apps/web/.temp/dessn-component-routes/screenshots/TeamsUpgradeBanner-74244134.png
Screenshot saved to: /Users/nimcheema/src/cal.com/apps/web/.temp/dessn-component-routes/screenshots/TeamListItem-b3cb7590.png
Verification progress: 44% (492/1130)
Verification progress: 44% (493/1130)
Screenshot saved to: /Users/nimcheema/src/cal.com/apps/web/.temp/dessn-component-routes/screenshots/TeamList-16a7d460.png
Screenshot saved to: /Users/nimcheema/src/cal.com/apps/web/.temp/dessn-component-routes/screenshots/AdminPasswordBanner-2ca1d9a8.png
Verification progress: 44% (494/1130)
Verification progress: 44% (495/1130)
Screenshot saved to: /Users/nimcheema/src/cal.com/apps/web/.temp/dessn-component-routes/screenshots/CalendarCredentialBanner-f8ebdf66.png
Verification progress: 44% (496/1130)
Screenshot saved to: /Users/nimcheema/src/cal.com/apps/web/.temp/dessn-component-routes/screenshots/Shell-fe9d1fd2.png
Screenshot saved to: /Users/nimcheema/src/cal.com/apps/web/.temp/dessn-component-routes/screenshots/ShellMain-fe9d1fd2.png
Verification progress: 44% (497/1130)
Verification progress: 44% (498/1130)
Screenshot saved to: /Users/nimcheema/src/cal.com/apps/web/.temp/dessn-component-routes/screenshots/TeamRole-d26dc51a.png
Screenshot saved to: /Users/nimcheema/src/cal.com/apps/web/.temp/dessn-component-routes/screenshots/TeamPill-d26dc51a.png
Screenshot saved to: /Users/nimcheema/src/cal.com/apps/web/.temp/dessn-component-routes/screenshots/MobileNavigationMoreItems-8d6d220e.png
Verification progress: 44% (499/1130)
Verification progress: 44% (500/1130)
Verification progress: 44% (501/1130)
Screenshot saved to: /Users/nimcheema/src/cal.com/apps/web/.temp/dessn-component-routes/screenshots/Shell-1851bb15.png
Verification progress: 44% (502/1130)
Screenshot saved to: /Users/nimcheema/src/cal.com/apps/web/.temp/dessn-component-routes/screenshots/VerifyEmailBanner-cb67450a.png
Verification progress: 45% (503/1130)
Screenshot saved to: /Users/nimcheema/src/cal.com/apps/web/.temp/dessn-component-routes/screenshots/AvailabilitySettingsPlatformWrapper-758a9e94.png
Screenshot saved to: /Users/nimcheema/src/cal.com/apps/web/.temp/dessn-component-routes/screenshots/useEmbedTypes-0d98799f.png
Verification progress: 45% (504/1130)
Verification progress: 45% (505/1130)
Screenshot saved to: /Users/nimcheema/src/cal.com/apps/web/.temp/dessn-component-routes/screenshots/AvailabilitySettings-36a02cae.png
Screenshot saved to: /Users/nimcheema/src/cal.com/apps/web/.temp/dessn-component-routes/screenshots/TeamsListing-3142f4cc.png
Verification progress: 45% (506/1130)
Verification progress: 45% (507/1130)
Screenshot saved to: /Users/nimcheema/src/cal.com/apps/web/.temp/dessn-component-routes/screenshots/EmbedDialogProvider-4025390e.png
Screenshot saved to: /Users/nimcheema/src/cal.com/apps/web/.temp/dessn-component-routes/screenshots/EmbedDialog-dfe251be.png
Screenshot saved to: /Users/nimcheema/src/cal.com/apps/web/.temp/dessn-component-routes/screenshots/EmbedButton-dfe251be.png
Verification progress: 45% (508/1130)
Verification progress: 45% (509/1130)
Verification progress: 45% (510/1130)
Screenshot saved to: /Users/nimcheema/src/cal.com/apps/web/.temp/dessn-component-routes/screenshots/LockedSwitch-40a865c1.png
Screenshot saved to: /Users/nimcheema/src/cal.com/apps/web/.temp/dessn-component-routes/screenshots/EventTypeSingleLayout-1a837e5c.png
Screenshot saved to: /Users/nimcheema/src/cal.com/apps/web/.temp/dessn-component-routes/screenshots/EventTypeEmbedButton-570f8f7e.png
Screenshot saved to: /Users/nimcheema/src/cal.com/apps/web/.temp/dessn-component-routes/screenshots/LockedIndicator-40a865c1.png
Screenshot saved to: /Users/nimcheema/src/cal.com/apps/web/.temp/dessn-component-routes/screenshots/DeleteDialog-048e6439.png
Verification progress: 45% (511/1130)
Verification progress: 45% (512/1130)
Verification progress: 45% (513/1130)
Verification progress: 45% (514/1130)
Verification progress: 46% (515/1130)
Screenshot saved to: /Users/nimcheema/src/cal.com/apps/web/.temp/dessn-component-routes/screenshots/CreateANewTeamForm-2ffddbc5.png
Screenshot saved to: /Users/nimcheema/src/cal.com/apps/web/.temp/dessn-component-routes/screenshots/ManagedEventDialog-fdc1b89e.png
Verification progress: 46% (516/1130)
Verification progress: 46% (517/1130)
Screenshot saved to: /Users/nimcheema/src/cal.com/apps/web/.temp/dessn-component-routes/screenshots/AssignmentWarningDialog-bcb7422e.png
Screenshot saved to: /Users/nimcheema/src/cal.com/apps/web/.temp/dessn-component-routes/screenshots/CheckboxField-c8ff2385.png
Verification progress: 46% (518/1130)
Verification progress: 46% (519/1130)
Screenshot saved to: /Users/nimcheema/src/cal.com/apps/web/.temp/dessn-component-routes/screenshots/LocationSelect-e30dfec2.png
Verification progress: 46% (520/1130)
Screenshot saved to: /Users/nimcheema/src/cal.com/apps/web/.temp/dessn-component-routes/screenshots/tabs-812f5980.png
Screenshot saved to: /Users/nimcheema/src/cal.com/apps/web/.temp/dessn-component-routes/screenshots/useLockedFieldsManager-40a865c1.png
Screenshot saved to: /Users/nimcheema/src/cal.com/apps/web/.temp/dessn-component-routes/screenshots/Locations-48939af0.png
Screenshot saved to: /Users/nimcheema/src/cal.com/apps/web/.temp/dessn-component-routes/screenshots/EventTypeEmbedDialog-570f8f7e.png
Verification progress: 46% (521/1130)
Verification progress: 46% (522/1130)
Verification progress: 46% (523/1130)
Verification progress: 46% (524/1130)
Screenshot saved to: /Users/nimcheema/src/cal.com/apps/web/.temp/dessn-component-routes/screenshots/Spinner-5112c619.png
Verification progress: 46% (525/1130)
Screenshot saved to: /Users/nimcheema/src/cal.com/apps/web/.temp/dessn-component-routes/screenshots/CheckedTeamSelect-9c54e087.png
Screenshot saved to: /Users/nimcheema/src/cal.com/apps/web/.temp/dessn-component-routes/screenshots/SkeletonLoader-53b46915.png
Verification progress: 47% (526/1130)
Screenshot saved to: /Users/nimcheema/src/cal.com/apps/web/.temp/dessn-component-routes/screenshots/SelectSkeletonLoader-53b46915.png
Verification progress: 47% (527/1130)
Verification progress: 47% (528/1130)
Screenshot saved to: /Users/nimcheema/src/cal.com/apps/web/.temp/dessn-component-routes/screenshots/PriorityDialog-1e42caa5.png
Screenshot saved to: /Users/nimcheema/src/cal.com/apps/web/.temp/dessn-component-routes/screenshots/WeightDialog-1e42caa5.png
Screenshot saved to: /Users/nimcheema/src/cal.com/apps/web/.temp/dessn-component-routes/screenshots/EventAvailabilityTab-efa67857.png
Verification progress: 47% (529/1130)
Verification progress: 47% (530/1130)
Verification progress: 47% (531/1130)
Screenshot saved to: /Users/nimcheema/src/cal.com/apps/web/.temp/dessn-component-routes/screenshots/AssignAllTeamMembers-f281984c.png
Screenshot saved to: /Users/nimcheema/src/cal.com/apps/web/.temp/dessn-component-routes/screenshots/Segment-ea376725.png
Verification progress: 47% (532/1130)
Verification progress: 47% (533/1130)
Screenshot saved to: /Users/nimcheema/src/cal.com/apps/web/.temp/dessn-component-routes/screenshots/EditWeightsForAllTeamMembers-dfb48519.png
Verification progress: 47% (534/1130)
Screenshot saved to: /Users/nimcheema/src/cal.com/apps/web/.temp/dessn-component-routes/screenshots/EventAvailabilityTabWebWrapper-cb006584.png
Screenshot saved to: /Users/nimcheema/src/cal.com/apps/web/.temp/dessn-component-routes/screenshots/AddMembersWithSwitchWrapper-9a2b037e.png
Screenshot saved to: /Users/nimcheema/src/cal.com/apps/web/.temp/dessn-component-routes/screenshots/AddMembersWithSwitch-9a2b037e.png
Verification progress: 47% (535/1130)
Verification progress: 47% (536/1130)
Verification progress: 48% (537/1130)
Screenshot saved to: /Users/nimcheema/src/cal.com/apps/web/.temp/dessn-component-routes/screenshots/EventSetupTab-e39eb720.png
Verification progress: 48% (538/1130)
Screenshot saved to: /Users/nimcheema/src/cal.com/apps/web/.temp/dessn-component-routes/screenshots/EventLimitsTab-99b7ab66.png
Verification progress: 48% (539/1130)
Screenshot saved to: /Users/nimcheema/src/cal.com/apps/web/.temp/dessn-component-routes/screenshots/TeamEventTypeForm-265a98d7.png
Screenshot saved to: /Users/nimcheema/src/cal.com/apps/web/.temp/dessn-component-routes/screenshots/CreateEventTypeForm-6ff803df.png
Verification progress: 48% (540/1130)
Verification progress: 48% (541/1130)
Screenshot saved to: /Users/nimcheema/src/cal.com/apps/web/.temp/dessn-component-routes/screenshots/EventType-d389b771.png
Screenshot saved to: /Users/nimcheema/src/cal.com/apps/web/.temp/dessn-component-routes/screenshots/MultiplePrivateLinksController-c7c23002.png
Verification progress: 48% (542/1130)
Verification progress: 48% (543/1130)
Screenshot saved to: /Users/nimcheema/src/cal.com/apps/web/.temp/dessn-component-routes/screenshots/SectionBottomActions-7120eb32.png
Verification progress: 48% (544/1130)
Screenshot saved to: /Users/nimcheema/src/cal.com/apps/web/.temp/dessn-component-routes/screenshots/IntervalLimitsManager-99b7ab66.png
Screenshot saved to: /Users/nimcheema/src/cal.com/apps/web/.temp/dessn-component-routes/screenshots/EventTeamAssignmentTab-5f2c2dfb.png
Screenshot saved to: /Users/nimcheema/src/cal.com/apps/web/.temp/dessn-component-routes/screenshots/EventLimitsTabWebWrapper-b3408be0.png
Verification progress: 48% (545/1130)
Verification progress: 48% (546/1130)
Verification progress: 48% (547/1130)
Screenshot saved to: /Users/nimcheema/src/cal.com/apps/web/.temp/dessn-component-routes/screenshots/BookerLayoutSelector-58588afa.png
Screenshot saved to: /Users/nimcheema/src/cal.com/apps/web/.temp/dessn-component-routes/screenshots/EventTeamAssignmentTabWebWrapper-2059bfe0.png
Verification progress: 48% (548/1130)
Verification progress: 49% (549/1130)
Screenshot saved to: /Users/nimcheema/src/cal.com/apps/web/.temp/dessn-component-routes/screenshots/EventTypeDescription-65b6efbd.png
Verification progress: 49% (550/1130)
Screenshot saved to: /Users/nimcheema/src/cal.com/apps/web/.temp/dessn-component-routes/screenshots/DisableAllEmailsSetting-43e2eefc.png
Screenshot saved to: /Users/nimcheema/src/cal.com/apps/web/.temp/dessn-component-routes/screenshots/FormBuilder-0c9dd3e7.png
Screenshot saved to: /Users/nimcheema/src/cal.com/apps/web/.temp/dessn-component-routes/screenshots/RequiresConfirmationController-c37a5298.png
Screenshot saved to: /Users/nimcheema/src/cal.com/apps/web/.temp/dessn-component-routes/screenshots/CustomEventTypeModal-a9032116.png
Verification progress: 49% (551/1130)
Verification progress: 49% (552/1130)
Verification progress: 49% (553/1130)
Verification progress: 49% (554/1130)
Screenshot saved to: /Users/nimcheema/src/cal.com/apps/web/.temp/dessn-component-routes/screenshots/TimeTimeUnitInput-20d6e900.png
Verification progress: 49% (555/1130)
Screenshot saved to: /Users/nimcheema/src/cal.com/apps/web/.temp/dessn-component-routes/screenshots/WebhookListItem-c3f17413.png
Screenshot saved to: /Users/nimcheema/src/cal.com/apps/web/.temp/dessn-component-routes/screenshots/WebhookListSkeleton-31ecd22e.png
Screenshot saved to: /Users/nimcheema/src/cal.com/apps/web/.temp/dessn-component-routes/screenshots/WebhookForm-f38e24c5.png
Screenshot saved to: /Users/nimcheema/src/cal.com/apps/web/.temp/dessn-component-routes/screenshots/WebhookListItemSkeleton-93e6f11a.png
Verification progress: 49% (556/1130)
Verification progress: 49% (557/1130)
Verification progress: 49% (558/1130)
Verification progress: 49% (559/1130)
Screenshot saved to: /Users/nimcheema/src/cal.com/apps/web/.temp/dessn-component-routes/screenshots/CreateNewWebhookButton-239dbf52.png
Verification progress: 50% (560/1130)
Screenshot saved to: /Users/nimcheema/src/cal.com/apps/web/.temp/dessn-component-routes/screenshots/RecurringEventController-246fc293.png
Verification progress: 50% (561/1130)
Screenshot saved to: /Users/nimcheema/src/cal.com/apps/web/.temp/dessn-component-routes/screenshots/WebhookTestDisclosure-342d3866.png
Verification progress: 50% (562/1130)
Screenshot saved to: /Users/nimcheema/src/cal.com/apps/web/.temp/dessn-component-routes/screenshots/DynamicComponent-7f9b3e0d.png
Verification progress: 50% (563/1130)
Screenshot saved to: /Users/nimcheema/src/cal.com/apps/web/.temp/dessn-component-routes/screenshots/EventInstantTab-8378a858.png
Verification progress: 50% (564/1130)
Screenshot saved to: /Users/nimcheema/src/cal.com/apps/web/.temp/dessn-component-routes/screenshots/EventRecurringWebWrapper-f051a4e4.png
Screenshot saved to: /Users/nimcheema/src/cal.com/apps/web/.temp/dessn-component-routes/screenshots/EventRecurringTab-ecae8f98.png
Verification progress: 50% (565/1130)
Verification progress: 50% (566/1130)
Screenshot saved to: /Users/nimcheema/src/cal.com/apps/web/.temp/dessn-component-routes/screenshots/InstantEventController-06a6e53d.png
Verification progress: 50% (567/1130)
Screenshot saved to: /Users/nimcheema/src/cal.com/apps/web/.temp/dessn-component-routes/screenshots/SkeletonLoader-304844e0.png
Screenshot saved to: /Users/nimcheema/src/cal.com/apps/web/.temp/dessn-component-routes/screenshots/EventWorkflowsTab-0db36074.png
Verification progress: 50% (568/1130)
Verification progress: 50% (569/1130)
Screenshot saved to: /Users/nimcheema/src/cal.com/apps/web/.temp/dessn-component-routes/screenshots/EventTypeWebhookListItem-2108ff71.png
Verification progress: 50% (570/1130)
Screenshot saved to: /Users/nimcheema/src/cal.com/apps/web/.temp/dessn-component-routes/screenshots/EventAITab-fb5bb96f.png
Screenshot saved to: /Users/nimcheema/src/cal.com/apps/web/.temp/dessn-component-routes/screenshots/AIEventController-ea7bddec.png
Verification progress: 51% (571/1130)
Verification progress: 51% (572/1130)
Screenshot saved to: /Users/nimcheema/src/cal.com/apps/web/.temp/dessn-component-routes/screenshots/EventAdvancedTab-58310fad.png
Verification progress: 51% (573/1130)
Screenshot saved to: /Users/nimcheema/src/cal.com/apps/web/.temp/dessn-component-routes/screenshots/AppSettings-e5d62b79.png
Verification progress: 51% (574/1130)
Screenshot saved to: /Users/nimcheema/src/cal.com/apps/web/.temp/dessn-component-routes/screenshots/EventTypeWebWrapper-842057dd.png
Verification progress: 51% (575/1130)
Screenshot saved to: /Users/nimcheema/src/cal.com/apps/web/.temp/dessn-component-routes/screenshots/EventAdvancedWebWrapper-acac8393.png
Verification progress: 51% (576/1130)
Screenshot saved to: /Users/nimcheema/src/cal.com/apps/web/.temp/dessn-component-routes/screenshots/AppSetDefaultLinkDialog-e572900c.png
Verification progress: 51% (577/1130)
Screenshot saved to: /Users/nimcheema/src/cal.com/apps/web/.temp/dessn-component-routes/screenshots/EventAppsTab-dbbdf659.png
Verification progress: 51% (578/1130)
Screenshot saved to: /Users/nimcheema/src/cal.com/apps/web/.temp/dessn-component-routes/screenshots/AppList-7840a6c2.png
Screenshot saved to: /Users/nimcheema/src/cal.com/apps/web/.temp/dessn-component-routes/screenshots/Header-c1e8dd15.png
Screenshot saved to: /Users/nimcheema/src/cal.com/apps/web/.temp/dessn-component-routes/screenshots/DisconnectIntegrationModal-e3786d5f.png
Verification progress: 51% (579/1130)
Verification progress: 51% (580/1130)
Screenshot saved to: /Users/nimcheema/src/cal.com/apps/web/.temp/dessn-component-routes/screenshots/ConferencingAppsViewWebWrapper-acad4e72.png
Verification progress: 51% (581/1130)
Verification progress: 52% (582/1130)
Screenshot saved to: /Users/nimcheema/src/cal.com/apps/web/.temp/dessn-component-routes/screenshots/LicenseRequired-39958e98.png
Screenshot saved to: /Users/nimcheema/src/cal.com/apps/web/.temp/dessn-component-routes/screenshots/withLicenseRequired-39958e98.png
Verification progress: 52% (583/1130)
Verification progress: 52% (584/1130)
Screenshot saved to: /Users/nimcheema/src/cal.com/apps/web/.temp/dessn-component-routes/screenshots/Provider-bf26ee5b.png
Screenshot saved to: /Users/nimcheema/src/cal.com/apps/web/.temp/dessn-component-routes/screenshots/Provider-85feba69.png
Verification progress: 52% (585/1130)
Verification progress: 52% (586/1130)
Screenshot saved to: /Users/nimcheema/src/cal.com/apps/web/.temp/dessn-component-routes/screenshots/PageWrapper-7a159005.png
Verification progress: 52% (587/1130)
Screenshot saved to: /Users/nimcheema/src/cal.com/apps/web/.temp/dessn-component-routes/screenshots/EventTypeAppCard-b0b1b07f.png
Verification progress: 52% (588/1130)
Screenshot saved to: /Users/nimcheema/src/cal.com/apps/web/.temp/dessn-component-routes/screenshots/TrpcProvider-b8a429f3.png
Verification progress: 52% (589/1130)
Screenshot saved to: /Users/nimcheema/src/cal.com/apps/web/.temp/dessn-component-routes/screenshots/AddMembersWithSwitchPlatformWrapper-3a293d1a.png
Verification progress: 52% (590/1130)
Screenshot saved to: /Users/nimcheema/src/cal.com/apps/web/.temp/dessn-component-routes/screenshots/Providers-0cb67f6b.png
Verification progress: 52% (591/1130)
Screenshot saved to: /Users/nimcheema/src/cal.com/apps/web/.temp/dessn-component-routes/screenshots/PlainChat-6515ffcb.png
Screenshot saved to: /Users/nimcheema/src/cal.com/apps/web/.temp/dessn-component-routes/screenshots/EventSetupTabWebWrapper-0884fe8b.png
Verification progress: 52% (592/1130)
Verification progress: 52% (593/1130)
Screenshot saved to: /Users/nimcheema/src/cal.com/apps/web/.temp/dessn-component-routes/screenshots/CreateEventTypeDialog-a8fc9613.png
Screenshot saved to: /Users/nimcheema/src/cal.com/apps/web/.temp/dessn-component-routes/screenshots/ErrorPage-a418a05e.png
Verification progress: 53% (594/1130)
Verification progress: 53% (595/1130)
Screenshot saved to: /Users/nimcheema/src/cal.com/apps/web/.temp/dessn-component-routes/screenshots/createHydrateClient-40538f9b.png
Verification progress: 53% (596/1130)
Screenshot saved to: /Users/nimcheema/src/cal.com/apps/web/.temp/dessn-component-routes/screenshots/GoogleTagManagerComponent-65e14aad.png
Verification progress: 53% (597/1130)
Screenshot saved to: /Users/nimcheema/src/cal.com/apps/web/.temp/dessn-component-routes/screenshots/EventWebhooksTab-a52028a3.png
Verification progress: 53% (598/1130)
Screenshot saved to: /Users/nimcheema/src/cal.com/apps/web/.temp/dessn-component-routes/screenshots/Error-f5e7c65c.png
Verification progress: 53% (599/1130)
Screenshot saved to: /Users/nimcheema/src/cal.com/apps/web/.temp/dessn-component-routes/screenshots/EnterprisePage-56710ce2.png
Verification progress: 53% (600/1130)
Screenshot saved to: /Users/nimcheema/src/cal.com/apps/web/.temp/dessn-component-routes/screenshots/WithLayout-4fa0efb0.png
Verification progress: 53% (601/1130)
Screenshot saved to: /Users/nimcheema/src/cal.com/apps/web/.temp/dessn-component-routes/screenshots/QueryCell-a260aaca.png
Screenshot saved to: /Users/nimcheema/src/cal.com/apps/web/.temp/dessn-component-routes/screenshots/AppProviders-25ee4f5f.png
Screenshot saved to: /Users/nimcheema/src/cal.com/apps/web/.temp/dessn-component-routes/screenshots/AddMembersWithSwitchWebWrapper-af92ac1d.png
Verification progress: 53% (602/1130)
Verification progress: 53% (603/1130)
Verification progress: 53% (604/1130)
Screenshot saved to: /Users/nimcheema/src/cal.com/apps/web/.temp/dessn-component-routes/screenshots/QueryCell-a260aaca.png
Screenshot saved to: /Users/nimcheema/src/cal.com/apps/web/.temp/dessn-component-routes/screenshots/ServerPage-6b5e188a.png
Screenshot saved to: /Users/nimcheema/src/cal.com/apps/web/.temp/dessn-component-routes/screenshots/Signup-5b3f34b6.png
Verification progress: 54% (605/1130)
Verification progress: 54% (606/1130)
Verification progress: 54% (607/1130)
Screenshot saved to: /Users/nimcheema/src/cal.com/apps/web/.temp/dessn-component-routes/screenshots/QueryCell-a260aaca.png
Verification progress: 54% (608/1130)
Screenshot saved to: /Users/nimcheema/src/cal.com/apps/web/.temp/dessn-component-routes/screenshots/IconGrid-1998b5df.png
Verification progress: 54% (609/1130)
Screenshot saved to: /Users/nimcheema/src/cal.com/apps/web/.temp/dessn-component-routes/screenshots/SettingInputContainer-71ba2c76.png
Verification progress: 54% (610/1130)
Screenshot saved to: /Users/nimcheema/src/cal.com/apps/web/.temp/dessn-component-routes/screenshots/LinkIconButton-58e9f994.png
Verification progress: 54% (611/1130)
Screenshot saved to: /Users/nimcheema/src/cal.com/apps/web/.temp/dessn-component-routes/screenshots/AppProviders-c5de0756.png
Screenshot saved to: /Users/nimcheema/src/cal.com/apps/web/.temp/dessn-component-routes/screenshots/AuthContainer-f5c26472.png
Verification progress: 54% (612/1130)
Verification progress: 54% (613/1130)
Screenshot saved to: /Users/nimcheema/src/cal.com/apps/web/.temp/dessn-component-routes/screenshots/AddToHomescreen-3a2e64fd.png
Verification progress: 54% (614/1130)
Screenshot saved to: /Users/nimcheema/src/cal.com/apps/web/.temp/dessn-component-routes/screenshots/TwoFactor-b82ce90c.png
Screenshot saved to: /Users/nimcheema/src/cal.com/apps/web/.temp/dessn-component-routes/screenshots/EnableTwoFactorModal-2831f663.png
Verification progress: 54% (615/1130)
Verification progress: 55% (616/1130)
Screenshot saved to: /Users/nimcheema/src/cal.com/apps/web/.temp/dessn-component-routes/screenshots/BannerContainer-5ca73166.png
Verification progress: 55% (617/1130)
Screenshot saved to: /Users/nimcheema/src/cal.com/apps/web/.temp/dessn-component-routes/screenshots/PageWrapperLayout-1f292898.png
Screenshot saved to: /Users/nimcheema/src/cal.com/apps/web/.temp/dessn-component-routes/screenshots/DisplayInfo-926e2d3e.png
Screenshot saved to: /Users/nimcheema/src/cal.com/apps/web/.temp/dessn-component-routes/screenshots/TravelScheduleModal-439f1863.png
Verification progress: 55% (618/1130)
Verification progress: 55% (619/1130)
Verification progress: 55% (620/1130)
Screenshot saved to: /Users/nimcheema/src/cal.com/apps/web/.temp/dessn-component-routes/screenshots/PageWrapper-707e5bc0.png
Verification progress: 55% (621/1130)
Screenshot saved to: /Users/nimcheema/src/cal.com/apps/web/.temp/dessn-component-routes/screenshots/SecondaryEmailConfirmModal-25d4447c.png
Verification progress: 55% (622/1130)
Screenshot saved to: /Users/nimcheema/src/cal.com/apps/web/.temp/dessn-component-routes/screenshots/UsernameTextfield-a0153757.png
Screenshot saved to: /Users/nimcheema/src/cal.com/apps/web/.temp/dessn-component-routes/screenshots/PremiumTextfield-d216122b.png
Screenshot saved to: /Users/nimcheema/src/cal.com/apps/web/.temp/dessn-component-routes/screenshots/SecondaryEmailModal-2efa54a2.png
Verification progress: 55% (623/1130)
Verification progress: 55% (624/1130)
Screenshot saved to: /Users/nimcheema/src/cal.com/apps/web/.temp/dessn-component-routes/screenshots/UsernameAvailabilityField-d33acdaf.png
Verification progress: 55% (625/1130)
Screenshot saved to: /Users/nimcheema/src/cal.com/apps/web/.temp/dessn-component-routes/screenshots/Custom404-fe028023.png
Verification progress: 55% (626/1130)
Verification progress: 55% (627/1130)
Screenshot saved to: /Users/nimcheema/src/cal.com/apps/web/.temp/dessn-component-routes/screenshots/UsernameAvailability-d33acdaf.png
Verification progress: 56% (628/1130)
Screenshot saved to: /Users/nimcheema/src/cal.com/apps/web/.temp/dessn-component-routes/screenshots/ModalContainer-85bcea0b.png
Screenshot saved to: /Users/nimcheema/src/cal.com/apps/web/.temp/dessn-component-routes/screenshots/RootLayout-147784be.png
Screenshot saved to: /Users/nimcheema/src/cal.com/apps/web/.temp/dessn-component-routes/screenshots/CustomEmailTextField-f6885918.png
Screenshot saved to: /Users/nimcheema/src/cal.com/apps/web/.temp/dessn-component-routes/screenshots/TwoFactorModalHeader-d225edaa.png
Screenshot saved to: /Users/nimcheema/src/cal.com/apps/web/.temp/dessn-component-routes/screenshots/DisableTwoFactorAuthModal-c1ea99d6.png
Verification progress: 56% (629/1130)
Screenshot saved to: /Users/nimcheema/src/cal.com/apps/web/.temp/dessn-component-routes/screenshots/TwoFactor-7388fe86.png
Verification progress: 56% (630/1130)
Verification progress: 56% (631/1130)
Verification progress: 56% (632/1130)
Verification progress: 56% (633/1130)
Verification progress: 56% (634/1130)
Screenshot saved to: /Users/nimcheema/src/cal.com/apps/web/.temp/dessn-component-routes/screenshots/EnableTwoFactorModal-afccbbe5.png
Verification progress: 56% (635/1130)
Screenshot saved to: /Users/nimcheema/src/cal.com/apps/web/.temp/dessn-component-routes/screenshots/DisableTwoFactorAuthModal-5d9ac255.png
Screenshot saved to: /Users/nimcheema/src/cal.com/apps/web/.temp/dessn-component-routes/screenshots/ChangePasswordSection-ea025b84.png
Screenshot saved to: /Users/nimcheema/src/cal.com/apps/web/.temp/dessn-component-routes/screenshots/DisableUserImpersonation-ee301e45.png
Screenshot saved to: /Users/nimcheema/src/cal.com/apps/web/.temp/dessn-component-routes/screenshots/RecordingListSkeleton-dcaadd1f.png
Screenshot saved to: /Users/nimcheema/src/cal.com/apps/web/.temp/dessn-component-routes/screenshots/RecordingListItemSkeleton-cac41507.png
Screenshot saved to: /Users/nimcheema/src/cal.com/apps/web/.temp/dessn-component-routes/screenshots/TwoFactorAuthSection-72f24ae5.png
Screenshot saved to: /Users/nimcheema/src/cal.com/apps/web/.temp/dessn-component-routes/screenshots/SkeletonLoader-8b75522f.png
Verification progress: 56% (636/1130)
Verification progress: 56% (637/1130)
Verification progress: 56% (638/1130)
Verification progress: 57% (639/1130)
Verification progress: 57% (640/1130)
Verification progress: 57% (641/1130)
Verification progress: 57% (642/1130)
Screenshot saved to: /Users/nimcheema/src/cal.com/apps/web/.temp/dessn-component-routes/screenshots/ChargeCardDialog-59374fc0.png
Screenshot saved to: /Users/nimcheema/src/cal.com/apps/web/.temp/dessn-component-routes/screenshots/ReassignDialog-fbacf63e.png
Screenshot saved to: /Users/nimcheema/src/cal.com/apps/web/.temp/dessn-component-routes/screenshots/AddGuestsDialog-94dd9ea9.png
Verification progress: 57% (643/1130)
Verification progress: 57% (644/1130)
Screenshot saved to: /Users/nimcheema/src/cal.com/apps/web/.temp/dessn-component-routes/screenshots/ViewRecordingsDialog-c22733cb.png
Screenshot saved to: /Users/nimcheema/src/cal.com/apps/web/.temp/dessn-component-routes/screenshots/FormInputFields-4f8c71c0.png
Verification progress: 57% (645/1130)
Verification progress: 57% (646/1130)
Verification progress: 57% (647/1130)
Screenshot saved to: /Users/nimcheema/src/cal.com/apps/web/.temp/dessn-component-routes/screenshots/EditLocationDialog-0f41e042.png
Verification progress: 57% (648/1130)
Screenshot saved to: /Users/nimcheema/src/cal.com/apps/web/.temp/dessn-component-routes/screenshots/RescheduleDialog-1e907932.png
Screenshot saved to: /Users/nimcheema/src/cal.com/apps/web/.temp/dessn-component-routes/screenshots/RerouteDialog-88c1be28.png
Verification progress: 57% (649/1130)
Verification progress: 58% (650/1130)
Screenshot saved to: /Users/nimcheema/src/cal.com/apps/web/.temp/dessn-component-routes/screenshots/SubHeadingTitleWithConnections-1b151bc7.png
Verification progress: 58% (651/1130)
Screenshot saved to: /Users/nimcheema/src/cal.com/apps/web/.temp/dessn-component-routes/screenshots/EventTypeDescriptionSafeHTML-638a47bc.png
Screenshot saved to: /Users/nimcheema/src/cal.com/apps/web/.temp/dessn-component-routes/screenshots/ChooseLicense-9d9785e5.png
Verification progress: 58% (652/1130)
Verification progress: 58% (653/1130)
Screenshot saved to: /Users/nimcheema/src/cal.com/apps/web/.temp/dessn-component-routes/screenshots/EnterpriseLicense-5bdbcfa5.png
Verification progress: 58% (654/1130)
Screenshot saved to: /Users/nimcheema/src/cal.com/apps/web/.temp/dessn-component-routes/screenshots/AdminUserContainer-b0f24470.png
Screenshot saved to: /Users/nimcheema/src/cal.com/apps/web/.temp/dessn-component-routes/screenshots/AdminUser-b0f24470.png
Screenshot saved to: /Users/nimcheema/src/cal.com/apps/web/.temp/dessn-component-routes/screenshots/FormInputFieldsSkeleton-4f8c71c0.png
Verification progress: 58% (655/1130)
Verification progress: 58% (656/1130)
Verification progress: 58% (657/1130)
Screenshot saved to: /Users/nimcheema/src/cal.com/apps/web/.temp/dessn-component-routes/screenshots/StepDone-1f68c816.png
Verification progress: 58% (658/1130)
Screenshot saved to: /Users/nimcheema/src/cal.com/apps/web/.temp/dessn-component-routes/screenshots/GeneralQueryView-ef57bbfb.png
Screenshot saved to: /Users/nimcheema/src/cal.com/apps/web/.temp/dessn-component-routes/screenshots/InstallAppButtonChild-66d978f0.png
Screenshot saved to: /Users/nimcheema/src/cal.com/apps/web/.temp/dessn-component-routes/screenshots/AppPage-969b8369.png
Screenshot saved to: /Users/nimcheema/src/cal.com/apps/web/.temp/dessn-component-routes/screenshots/WrappedApp-f5c942c4.png
Verification progress: 58% (659/1130)
Verification progress: 58% (660/1130)
Verification progress: 58% (661/1130)
Verification progress: 59% (662/1130)
Screenshot saved to: /Users/nimcheema/src/cal.com/apps/web/.temp/dessn-component-routes/screenshots/CalendarListContainer-76c0dc0b.png
Verification progress: 59% (663/1130)
Screenshot saved to: /Users/nimcheema/src/cal.com/apps/web/.temp/dessn-component-routes/screenshots/EventReservationSchema-8af5d16d.png
Verification progress: 59% (664/1130)
Screenshot saved to: /Users/nimcheema/src/cal.com/apps/web/.temp/dessn-component-routes/screenshots/FormActionsDropdown-a7afc660.png
Screenshot saved to: /Users/nimcheema/src/cal.com/apps/web/.temp/dessn-component-routes/screenshots/ProfileView-6773ab0f.png
Verification progress: 59% (665/1130)
Verification progress: 59% (666/1130)
Screenshot saved to: /Users/nimcheema/src/cal.com/apps/web/.temp/dessn-component-routes/screenshots/FormActionsProvider-a7afc660.png
Verification progress: 59% (667/1130)
Screenshot saved to: /Users/nimcheema/src/cal.com/apps/web/.temp/dessn-component-routes/screenshots/RoutingNavBar-772df229.png
Verification progress: 59% (668/1130)
Screenshot saved to: /Users/nimcheema/src/cal.com/apps/web/.temp/dessn-component-routes/screenshots/IconsPage-56dc2b77.png
Verification progress: 59% (669/1130)
Screenshot saved to: /Users/nimcheema/src/cal.com/apps/web/.temp/dessn-component-routes/screenshots/InfoLostWarningDialog-8b2755e6.png
Verification progress: 59% (670/1130)
Screenshot saved to: /Users/nimcheema/src/cal.com/apps/web/.temp/dessn-component-routes/screenshots/InsightsVirtualQueuesPage-a4546e1d.png
Verification progress: 59% (671/1130)
Screenshot saved to: /Users/nimcheema/src/cal.com/apps/web/.temp/dessn-component-routes/screenshots/UpgradePage-a3edee68.png
Verification progress: 59% (672/1130)
Screenshot saved to: /Users/nimcheema/src/cal.com/apps/web/.temp/dessn-component-routes/screenshots/TeamsFilter-5f2b1d9e.png
Verification progress: 60% (673/1130)
Screenshot saved to: /Users/nimcheema/src/cal.com/apps/web/.temp/dessn-component-routes/screenshots/CancelBooking-75cc8659.png
Screenshot saved to: /Users/nimcheema/src/cal.com/apps/web/.temp/dessn-component-routes/screenshots/FilterCheckboxField-5f2b1d9e.png
Screenshot saved to: /Users/nimcheema/src/cal.com/apps/web/.temp/dessn-component-routes/screenshots/FilterCheckboxFieldsContainer-5f2b1d9e.png
Verification progress: 60% (674/1130)
Verification progress: 60% (675/1130)
Verification progress: 60% (676/1130)
Screenshot saved to: /Users/nimcheema/src/cal.com/apps/web/.temp/dessn-component-routes/screenshots/RoutingFormEmbedButton-25bcc31a.png
Verification progress: 60% (677/1130)
Screenshot saved to: /Users/nimcheema/src/cal.com/apps/web/.temp/dessn-component-routes/screenshots/FormAction-a7afc660.png
Screenshot saved to: /Users/nimcheema/src/cal.com/apps/web/.temp/dessn-component-routes/screenshots/CardInsights-501fd003.png
Verification progress: 60% (678/1130)
Verification progress: 60% (679/1130)
Screenshot saved to: /Users/nimcheema/src/cal.com/apps/web/.temp/dessn-component-routes/screenshots/InsightsOrgTeamsProvider-23ef9613.png
Verification progress: 60% (680/1130)
Screenshot saved to: /Users/nimcheema/src/cal.com/apps/web/.temp/dessn-component-routes/screenshots/LineChart-49bee913.png
Verification progress: 60% (681/1130)
Screenshot saved to: /Users/nimcheema/src/cal.com/apps/web/.temp/dessn-component-routes/screenshots/SingleFormWrapper-64eaf91e.png
Screenshot saved to: /Users/nimcheema/src/cal.com/apps/web/.temp/dessn-component-routes/screenshots/LoadingInsight-9faae806.png
Verification progress: 60% (682/1130)
Verification progress: 60% (683/1130)
Screenshot saved to: /Users/nimcheema/src/cal.com/apps/web/.temp/dessn-component-routes/screenshots/KPICard-b6916eef.png
Verification progress: 61% (684/1130)
Screenshot saved to: /Users/nimcheema/src/cal.com/apps/web/.temp/dessn-component-routes/screenshots/TotalBookingUsersTable-1b9154bc.png
Verification progress: 61% (685/1130)
Screenshot saved to: /Users/nimcheema/src/cal.com/apps/web/.temp/dessn-component-routes/screenshots/RoutingFormEmbedDialog-25bcc31a.png
Verification progress: 61% (686/1130)
Screenshot saved to: /Users/nimcheema/src/cal.com/apps/web/.temp/dessn-component-routes/screenshots/OrgTeamsFilter-7eacba61.png
Verification progress: 61% (687/1130)
Received SIGINT signal, shutting down...
