🎭 Starting component verification...
🎭 Starting component verification...
✅ 0 components verified without fixes
Updating Convex task status to completed
✅ Pipeline completed successfully!

=== Pipeline Summary ===
Total Components: 1130
Completed: 0
Successful: 0
Failed: 0
====================

Screenshot saved to: /Users/nimcheema/src/cal.com/apps/web/.temp/dessn-component-routes/screenshots/SpeculationRules-e636aa0e.png
Screenshot saved to: /Users/nimcheema/src/cal.com/apps/web/.temp/dessn-component-routes/screenshots/App-b7fbf4a7.png
Screenshot saved to: /Users/nimcheema/src/cal.com/apps/web/.temp/dessn-component-routes/screenshots/Generic-b7fbf4a7.png
Screenshot saved to: /Users/nimcheema/src/cal.com/apps/web/.temp/dessn-component-routes/screenshots/Meeting-b7fbf4a7.png
Screenshot saved to: /Users/nimcheema/src/cal.com/apps/web/.temp/dessn-component-routes/screenshots/ScreenShot-b7fbf4a7.png
Generated screenshot embedding for SpeculationRules-e636aa0e
Generated screenshot embedding for Generic-b7fbf4a7
Verification progress: 0% (1/1130)
Verification progress: 0% (2/1130)
Generated screenshot embedding for Meeting-b7fbf4a7
Verification progress: 0% (3/1130)
Generated screenshot embedding for App-b7fbf4a7
Verification progress: 0% (4/1130)
Generated screenshot embedding for ScreenShot-b7fbf4a7
Verification progress: 0% (5/1130)
Screenshot saved to: /Users/nimcheema/src/cal.com/apps/web/.temp/dessn-component-routes/screenshots/Avatar-72403f10.png
Screenshot saved to: /Users/nimcheema/src/cal.com/apps/web/.temp/dessn-component-routes/screenshots/Tooltip-cf029c20.png
Screenshot saved to: /Users/nimcheema/src/cal.com/apps/web/.temp/dessn-component-routes/screenshots/UserAvatarGroup-bf7f904b.png
Screenshot saved to: /Users/nimcheema/src/cal.com/apps/web/.temp/dessn-component-routes/screenshots/UserAvatar-79939b5b.png
Generated screenshot embedding for Avatar-72403f10
Verification progress: 1% (6/1130)
Generated screenshot embedding for Tooltip-cf029c20
Generated screenshot embedding for UserAvatarGroup-bf7f904b
Verification progress: 1% (7/1130)
Generated screenshot embedding for UserAvatar-79939b5b
Verification progress: 1% (8/1130)
Screenshot saved to: /Users/nimcheema/src/cal.com/apps/web/.temp/dessn-component-routes/screenshots/AvatarGroup-36c9eb44.png
Verification progress: 1% (9/1130)
Generated screenshot embedding for AvatarGroup-36c9eb44
Verification progress: 1% (10/1130)
Screenshot saved to: /Users/nimcheema/src/cal.com/apps/web/.temp/dessn-component-routes/screenshots/ArrowButton-1b812d4b.png
Screenshot saved to: /Users/nimcheema/src/cal.com/apps/web/.temp/dessn-component-routes/screenshots/IconSprites-50e9e1f5.png
Screenshot saved to: /Users/nimcheema/src/cal.com/apps/web/.temp/dessn-component-routes/screenshots/Icon-80df850e.png
Screenshot saved to: /Users/nimcheema/src/cal.com/apps/web/.temp/dessn-component-routes/screenshots/UserAvatarGroupWithOrg-23275912.png
Screenshot saved to: /Users/nimcheema/src/cal.com/apps/web/.temp/dessn-component-routes/screenshots/Badge-db0b4515.png
Generated screenshot embedding for ArrowButton-1b812d4b
Generated screenshot embedding for Icon-80df850e
Verification progress: 1% (11/1130)
Generated screenshot embedding for Badge-db0b4515
Verification progress: 1% (12/1130)
Generated screenshot embedding for UserAvatarGroupWithOrg-23275912
Generated screenshot embedding for IconSprites-50e9e1f5
Verification progress: 1% (13/1130)
Verification progress: 1% (14/1130)
Verification progress: 1% (15/1130)
Screenshot saved to: /Users/nimcheema/src/cal.com/apps/web/.temp/dessn-component-routes/screenshots/BreadcrumbItem-002bc113.png
Screenshot saved to: /Users/nimcheema/src/cal.com/apps/web/.temp/dessn-component-routes/screenshots/Breadcrumb-002bc113.png
Screenshot saved to: /Users/nimcheema/src/cal.com/apps/web/.temp/dessn-component-routes/screenshots/InfoBadge-5843e765.png
Screenshot saved to: /Users/nimcheema/src/cal.com/apps/web/.temp/dessn-component-routes/screenshots/UpgradeOrgsBadge-d8ff1dbc.png
Generated screenshot embedding for InfoBadge-5843e765
Generated screenshot embedding for UpgradeOrgsBadge-d8ff1dbc
Verification progress: 1% (16/1130)
Generated screenshot embedding for BreadcrumbItem-002bc113
Verification progress: 2% (17/1130)
Generated screenshot embedding for Breadcrumb-002bc113
Verification progress: 2% (18/1130)
Verification progress: 2% (19/1130)
Screenshot saved to: /Users/nimcheema/src/cal.com/apps/web/.temp/dessn-component-routes/screenshots/LinkIconButton-05848fa2.png
Screenshot saved to: /Users/nimcheema/src/cal.com/apps/web/.temp/dessn-component-routes/screenshots/ButtonGroup-1f8aea50.png
Screenshot saved to: /Users/nimcheema/src/cal.com/apps/web/.temp/dessn-component-routes/screenshots/EditableHeading-23f955e5.png
Generated screenshot embedding for ButtonGroup-1f8aea50
Generated screenshot embedding for LinkIconButton-05848fa2
Generated screenshot embedding for EditableHeading-23f955e5
Screenshot saved to: /Users/nimcheema/src/cal.com/apps/web/.temp/dessn-component-routes/screenshots/SplitButton-3d2be6b9.png
Screenshot saved to: /Users/nimcheema/src/cal.com/apps/web/.temp/dessn-component-routes/screenshots/Button-3e82cba7.png
Screenshot saved to: /Users/nimcheema/src/cal.com/apps/web/.temp/dessn-component-routes/screenshots/Checkbox-2b51e4b8.png
Screenshot saved to: /Users/nimcheema/src/cal.com/apps/web/.temp/dessn-component-routes/screenshots/Label-5a0149c9.png
Verification progress: 2% (20/1130)
Screenshot saved to: /Users/nimcheema/src/cal.com/apps/web/.temp/dessn-component-routes/screenshots/FilterSelect-7e291970.png
Screenshot saved to: /Users/nimcheema/src/cal.com/apps/web/.temp/dessn-component-routes/screenshots/CheckboxField-2b51e4b8.png
Generated screenshot embedding for SplitButton-3d2be6b9
Verification progress: 2% (21/1130)
Generated screenshot embedding for Button-3e82cba7
Generated screenshot embedding for FilterSelect-7e291970
Verification progress: 2% (22/1130)
Generated screenshot embedding for Label-5a0149c9
Generated screenshot embedding for Checkbox-2b51e4b8
Verification progress: 2% (23/1130)
Generated screenshot embedding for CheckboxField-2b51e4b8
Verification progress: 2% (24/1130)
Verification progress: 2% (25/1130)
Verification progress: 2% (26/1130)
Verification progress: 2% (27/1130)
Verification progress: 2% (28/1130)
Screenshot saved to: /Users/nimcheema/src/cal.com/apps/web/.temp/dessn-component-routes/screenshots/HintsOrErrors-42bb8729.png
Generated screenshot embedding for HintsOrErrors-42bb8729
Verification progress: 3% (29/1130)
Screenshot saved to: /Users/nimcheema/src/cal.com/apps/web/.temp/dessn-component-routes/screenshots/InputError-4746a382.png
Generated screenshot embedding for InputError-4746a382
Verification progress: 3% (30/1130)
Screenshot saved to: /Users/nimcheema/src/cal.com/apps/web/.temp/dessn-component-routes/screenshots/TextField-85de7318.png
Screenshot saved to: /Users/nimcheema/src/cal.com/apps/web/.temp/dessn-component-routes/screenshots/Input-85de7318.png
Screenshot saved to: /Users/nimcheema/src/cal.com/apps/web/.temp/dessn-component-routes/screenshots/InputField-85de7318.png
Generated screenshot embedding for TextField-85de7318
Generated screenshot embedding for InputField-85de7318
Generated screenshot embedding for Input-85de7318
Verification progress: 3% (31/1130)
Verification progress: 3% (32/1130)
Verification progress: 3% (33/1130)
Screenshot saved to: /Users/nimcheema/src/cal.com/apps/web/.temp/dessn-component-routes/screenshots/UpgradeTeamsBadge-3683ef0e.png
Generated screenshot embedding for UpgradeTeamsBadge-3683ef0e
Verification progress: 3% (34/1130)
Screenshot saved to: /Users/nimcheema/src/cal.com/apps/web/.temp/dessn-component-routes/screenshots/SelectField-51e1c4ea.png
Screenshot saved to: /Users/nimcheema/src/cal.com/apps/web/.temp/dessn-component-routes/screenshots/Alert-5fde7b6d.png
Screenshot saved to: /Users/nimcheema/src/cal.com/apps/web/.temp/dessn-component-routes/screenshots/Select-51e1c4ea.png
Generated screenshot embedding for SelectField-51e1c4ea
Generated screenshot embedding for Alert-5fde7b6d
Verification progress: 3% (35/1130)
Generated screenshot embedding for Select-51e1c4ea
Verification progress: 3% (36/1130)
Verification progress: 3% (37/1130)
Screenshot saved to: /Users/nimcheema/src/cal.com/apps/web/.temp/dessn-component-routes/screenshots/SelectWithValidation-51e1c4ea.png
Screenshot saved to: /Users/nimcheema/src/cal.com/apps/web/.temp/dessn-component-routes/screenshots/MultiSelectCheckboxes-fd7157c7.png
Generated screenshot embedding for SelectWithValidation-51e1c4ea
Generated screenshot embedding for MultiSelectCheckboxes-fd7157c7
Verification progress: 3% (38/1130)
Verification progress: 3% (39/1130)
Screenshot saved to: /Users/nimcheema/src/cal.com/apps/web/.temp/dessn-component-routes/screenshots/InputLeading-f4982884.png
Generated screenshot embedding for InputLeading-f4982884
Verification progress: 4% (40/1130)
Screenshot saved to: /Users/nimcheema/src/cal.com/apps/web/.temp/dessn-component-routes/screenshots/PasswordField-f4982884.png
Screenshot saved to: /Users/nimcheema/src/cal.com/apps/web/.temp/dessn-component-routes/screenshots/EmailInput-f4982884.png
Screenshot saved to: /Users/nimcheema/src/cal.com/apps/web/.temp/dessn-component-routes/screenshots/EmailField-f4982884.png
Generated screenshot embedding for PasswordField-f4982884
Generated screenshot embedding for EmailInput-f4982884
Verification progress: 4% (41/1130)
Generated screenshot embedding for EmailField-f4982884
Verification progress: 4% (42/1130)
Verification progress: 4% (43/1130)
Screenshot saved to: /Users/nimcheema/src/cal.com/apps/web/.temp/dessn-component-routes/screenshots/TextAreaField-f4982884.png
Screenshot saved to: /Users/nimcheema/src/cal.com/apps/web/.temp/dessn-component-routes/screenshots/FieldsetLegend-f4982884.png
Screenshot saved to: /Users/nimcheema/src/cal.com/apps/web/.temp/dessn-component-routes/screenshots/TextArea-f4982884.png
Generated screenshot embedding for TextAreaField-f4982884
Verification progress: 4% (44/1130)
Generated screenshot embedding for FieldsetLegend-f4982884
Generated screenshot embedding for TextArea-f4982884
Verification progress: 4% (45/1130)
Verification progress: 4% (46/1130)
Screenshot saved to: /Users/nimcheema/src/cal.com/apps/web/.temp/dessn-component-routes/screenshots/NumberInput-f4982884.png
Screenshot saved to: /Users/nimcheema/src/cal.com/apps/web/.temp/dessn-component-routes/screenshots/UnstyledSelect-e25c4bfb.png
Screenshot saved to: /Users/nimcheema/src/cal.com/apps/web/.temp/dessn-component-routes/screenshots/FilterSearchField-f4982884.png
Screenshot saved to: /Users/nimcheema/src/cal.com/apps/web/.temp/dessn-component-routes/screenshots/Select-e25c4bfb.png
Screenshot saved to: /Users/nimcheema/src/cal.com/apps/web/.temp/dessn-component-routes/screenshots/InputGroupBox-f4982884.png
Generated screenshot embedding for NumberInput-f4982884
Verification progress: 4% (47/1130)
Generated screenshot embedding for UnstyledSelect-e25c4bfb
Generated screenshot embedding for Select-e25c4bfb
Generated screenshot embedding for FilterSearchField-f4982884
Generated screenshot embedding for InputGroupBox-f4982884
Verification progress: 4% (48/1130)
Verification progress: 4% (49/1130)
Verification progress: 4% (50/1130)
Verification progress: 5% (51/1130)
Screenshot saved to: /Users/nimcheema/src/cal.com/apps/web/.temp/dessn-component-routes/screenshots/SuccessToast-75615def.png
Screenshot saved to: /Users/nimcheema/src/cal.com/apps/web/.temp/dessn-component-routes/screenshots/InputFieldWithSelect-429e5e69.png
Generated screenshot embedding for SuccessToast-75615def
Generated screenshot embedding for InputFieldWithSelect-429e5e69
Verification progress: 5% (52/1130)
Verification progress: 5% (53/1130)
Screenshot saved to: /Users/nimcheema/src/cal.com/apps/web/.temp/dessn-component-routes/screenshots/ErrorToast-75615def.png
Screenshot saved to: /Users/nimcheema/src/cal.com/apps/web/.temp/dessn-component-routes/screenshots/WarningToast-75615def.png
Generated screenshot embedding for ErrorToast-75615def
Verification progress: 5% (54/1130)
Generated screenshot embedding for WarningToast-75615def
Verification progress: 5% (55/1130)
Screenshot saved to: /Users/nimcheema/src/cal.com/apps/web/.temp/dessn-component-routes/screenshots/Calendar-437143e3.png
Generated screenshot embedding for Calendar-437143e3
Verification progress: 5% (56/1130)
Screenshot saved to: /Users/nimcheema/src/cal.com/apps/web/.temp/dessn-component-routes/screenshots/DatePickerWithRange-c4f5232a.png
Screenshot saved to: /Users/nimcheema/src/cal.com/apps/web/.temp/dessn-component-routes/screenshots/InputComponent-b921da27.png
Screenshot saved to: /Users/nimcheema/src/cal.com/apps/web/.temp/dessn-component-routes/screenshots/ToggleGroup-b9984fb0.png
Generated screenshot embedding for DatePickerWithRange-c4f5232a
Generated screenshot embedding for InputComponent-b921da27
Verification progress: 5% (57/1130)
Verification progress: 5% (58/1130)
Generated screenshot embedding for ToggleGroup-b9984fb0
Verification progress: 5% (59/1130)
Screenshot saved to: /Users/nimcheema/src/cal.com/apps/web/.temp/dessn-component-routes/screenshots/BooleanToggleGroup-8681b1b9.png
Generated screenshot embedding for BooleanToggleGroup-8681b1b9
Verification progress: 5% (60/1130)
Screenshot saved to: /Users/nimcheema/src/cal.com/apps/web/.temp/dessn-component-routes/screenshots/OptionComponent-b921da27.png
Screenshot saved to: /Users/nimcheema/src/cal.com/apps/web/.temp/dessn-component-routes/screenshots/InputComponent-e25c4bfb.png
Screenshot saved to: /Users/nimcheema/src/cal.com/apps/web/.temp/dessn-component-routes/screenshots/DatePicker-20d22580.png
Generated screenshot embedding for OptionComponent-b921da27
Verification progress: 5% (61/1130)
Generated screenshot embedding for InputComponent-e25c4bfb
Generated screenshot embedding for DatePicker-20d22580
Verification progress: 5% (62/1130)
Verification progress: 6% (63/1130)
Screenshot saved to: /Users/nimcheema/src/cal.com/apps/web/.temp/dessn-component-routes/screenshots/FormStep-0e8618aa.png
Screenshot saved to: /Users/nimcheema/src/cal.com/apps/web/.temp/dessn-component-routes/screenshots/BooleanToggleGroupField-8681b1b9.png
Generated screenshot embedding for FormStep-0e8618aa
Verification progress: 6% (64/1130)
Generated screenshot embedding for BooleanToggleGroupField-8681b1b9
Verification progress: 6% (65/1130)
Screenshot saved to: /Users/nimcheema/src/cal.com/apps/web/.temp/dessn-component-routes/screenshots/Steps-1cafbf36.png
Generated screenshot embedding for Steps-1cafbf36
Verification progress: 6% (66/1130)
Screenshot saved to: /Users/nimcheema/src/cal.com/apps/web/.temp/dessn-component-routes/screenshots/Stepper-6bfb575b.png
Generated screenshot embedding for Stepper-6bfb575b
Verification progress: 6% (67/1130)
Screenshot saved to: /Users/nimcheema/src/cal.com/apps/web/.temp/dessn-component-routes/screenshots/WizardForm-7111e737.png
Screenshot saved to: /Users/nimcheema/src/cal.com/apps/web/.temp/dessn-component-routes/screenshots/ColorPicker-6c79793b.png
Generated screenshot embedding for WizardForm-7111e737
Generated screenshot embedding for ColorPicker-6c79793b
Verification progress: 6% (68/1130)
Verification progress: 6% (69/1130)
Screenshot saved to: /Users/nimcheema/src/cal.com/apps/web/.temp/dessn-component-routes/screenshots/Slider-a8c621b4.png
Generated screenshot embedding for Slider-a8c621b4
Verification progress: 6% (70/1130)
Screenshot saved to: /Users/nimcheema/src/cal.com/apps/web/.temp/dessn-component-routes/screenshots/SettingsToggle-7b4846ef.png
Screenshot saved to: /Users/nimcheema/src/cal.com/apps/web/.temp/dessn-component-routes/screenshots/TimezoneSelect-bf133f2d.png
Screenshot saved to: /Users/nimcheema/src/cal.com/apps/web/.temp/dessn-component-routes/screenshots/Switch-9b1c2e45.png
Screenshot saved to: /Users/nimcheema/src/cal.com/apps/web/.temp/dessn-component-routes/screenshots/RangeSliderPopover-3bfae8e8.png
Generated screenshot embedding for SettingsToggle-7b4846ef
Generated screenshot embedding for TimezoneSelect-bf133f2d
Generated screenshot embedding for Switch-9b1c2e45
Generated screenshot embedding for RangeSliderPopover-3bfae8e8
Screenshot saved to: /Users/nimcheema/src/cal.com/apps/web/.temp/dessn-component-routes/screenshots/InstallAppButton-dc2a479f.png
Screenshot saved to: /Users/nimcheema/src/cal.com/apps/web/.temp/dessn-component-routes/screenshots/InstallAppButton-80d9e418.png
Generated screenshot embedding for InstallAppButton-dc2a479f
Verification progress: 6% (71/1130)
Generated screenshot embedding for InstallAppButton-80d9e418
Verification progress: 6% (72/1130)
Verification progress: 6% (73/1130)
Verification progress: 7% (74/1130)
Verification progress: 7% (75/1130)
Verification progress: 7% (76/1130)
Screenshot saved to: /Users/nimcheema/src/cal.com/apps/web/.temp/dessn-component-routes/screenshots/ControlComponent-b921da27.png
Generated screenshot embedding for ControlComponent-b921da27
Verification progress: 7% (77/1130)
Screenshot saved to: /Users/nimcheema/src/cal.com/apps/web/.temp/dessn-component-routes/screenshots/EmptyScreen-72e24647.png
Screenshot saved to: /Users/nimcheema/src/cal.com/apps/web/.temp/dessn-component-routes/screenshots/TimezoneSelectComponent-bf133f2d.png
Generated screenshot embedding for TimezoneSelectComponent-bf133f2d
Generated screenshot embedding for EmptyScreen-72e24647
Verification progress: 7% (78/1130)
Verification progress: 7% (79/1130)
Screenshot saved to: /Users/nimcheema/src/cal.com/apps/web/.temp/dessn-component-routes/screenshots/AccountDialog-a48e285e.png
Screenshot saved to: /Users/nimcheema/src/cal.com/apps/web/.temp/dessn-component-routes/screenshots/TemplateCard-5beec422.png
Screenshot saved to: /Users/nimcheema/src/cal.com/apps/web/.temp/dessn-component-routes/screenshots/InstallAppButton-492fd313.png
Screenshot saved to: /Users/nimcheema/src/cal.com/apps/web/.temp/dessn-component-routes/screenshots/AppSettings-fac53ccc.png
Screenshot saved to: /Users/nimcheema/src/cal.com/apps/web/.temp/dessn-component-routes/screenshots/AppSettings-34dfdd6a.png
Screenshot saved to: /Users/nimcheema/src/cal.com/apps/web/.temp/dessn-component-routes/screenshots/InstallAppButton-d94c98b7.png
Generated screenshot embedding for AccountDialog-a48e285e
Generated screenshot embedding for InstallAppButton-492fd313
Generated screenshot embedding for TemplateCard-5beec422
Verification progress: 7% (80/1130)
Generated screenshot embedding for AppSettings-34dfdd6a
Verification progress: 7% (81/1130)
Verification progress: 7% (82/1130)
Generated screenshot embedding for AppSettings-fac53ccc
Verification progress: 7% (83/1130)
Generated screenshot embedding for InstallAppButton-d94c98b7
Verification progress: 7% (84/1130)
Verification progress: 8% (85/1130)
Screenshot saved to: /Users/nimcheema/src/cal.com/apps/web/.temp/dessn-component-routes/screenshots/AppSettings-82e8d49e.png
Screenshot saved to: /Users/nimcheema/src/cal.com/apps/web/.temp/dessn-component-routes/screenshots/OmniInstallAppButton-ef706fa7.png
Generated screenshot embedding for OmniInstallAppButton-ef706fa7
Verification progress: 8% (86/1130)
Generated screenshot embedding for AppSettings-82e8d49e
Verification progress: 8% (87/1130)
Screenshot saved to: /Users/nimcheema/src/cal.com/apps/web/.temp/dessn-component-routes/screenshots/AppCard-fb3a1dbe.png
Generated screenshot embedding for AppCard-fb3a1dbe
Verification progress: 8% (88/1130)
Screenshot saved to: /Users/nimcheema/src/cal.com/apps/web/.temp/dessn-component-routes/screenshots/EventTypeAppSettingsInterface-e83c38b4.png
Screenshot saved to: /Users/nimcheema/src/cal.com/apps/web/.temp/dessn-component-routes/screenshots/EventTypeAppSettingsInterface-cf833187.png
Screenshot saved to: /Users/nimcheema/src/cal.com/apps/web/.temp/dessn-component-routes/screenshots/EventTypeAppCard-f1bf7cbd.png
Screenshot saved to: /Users/nimcheema/src/cal.com/apps/web/.temp/dessn-component-routes/screenshots/SatSymbol-fa4b036e.png
Screenshot saved to: /Users/nimcheema/src/cal.com/apps/web/.temp/dessn-component-routes/screenshots/EventTypeAppSettingsInterface-5d483178.png
Generated screenshot embedding for EventTypeAppSettingsInterface-e83c38b4
Verification progress: 8% (89/1130)
Generated screenshot embedding for EventTypeAppCard-f1bf7cbd
Verification progress: 8% (90/1130)
Generated screenshot embedding for SatSymbol-fa4b036e
Generated screenshot embedding for EventTypeAppSettingsInterface-5d483178
Verification progress: 8% (91/1130)
Verification progress: 8% (92/1130)
Generated screenshot embedding for EventTypeAppSettingsInterface-cf833187
Verification progress: 8% (93/1130)
Screenshot saved to: /Users/nimcheema/src/cal.com/apps/web/.temp/dessn-component-routes/screenshots/EventTypeAppCard-dba8d7b6.png
Screenshot saved to: /Users/nimcheema/src/cal.com/apps/web/.temp/dessn-component-routes/screenshots/EventTypeAppSettingsInterface-268068d0.png
Generated screenshot embedding for EventTypeAppCard-dba8d7b6
Generated screenshot embedding for EventTypeAppSettingsInterface-268068d0
Verification progress: 8% (94/1130)
Verification progress: 8% (95/1130)
Screenshot saved to: /Users/nimcheema/src/cal.com/apps/web/.temp/dessn-component-routes/screenshots/EventTypeAppSettingsInterface-cf5327f1.png
Screenshot saved to: /Users/nimcheema/src/cal.com/apps/web/.temp/dessn-component-routes/screenshots/SelectGifInput-48b1b6a9.png
Screenshot saved to: /Users/nimcheema/src/cal.com/apps/web/.temp/dessn-component-routes/screenshots/EventTypeAppSettingsInterface-48514a00.png
Screenshot saved to: /Users/nimcheema/src/cal.com/apps/web/.temp/dessn-component-routes/screenshots/SearchDialog-018e2d7a.png
Generated screenshot embedding for EventTypeAppSettingsInterface-cf5327f1
Generated screenshot embedding for EventTypeAppSettingsInterface-48514a00
Generated screenshot embedding for SelectGifInput-48b1b6a9
Generated screenshot embedding for SearchDialog-018e2d7a
Verification progress: 8% (96/1130)
Verification progress: 9% (97/1130)
Verification progress: 9% (98/1130)
Verification progress: 9% (99/1130)
Screenshot saved to: /Users/nimcheema/src/cal.com/apps/web/.temp/dessn-component-routes/screenshots/EventTypeAppSettingsInterface-3e087d6c.png
Screenshot saved to: /Users/nimcheema/src/cal.com/apps/web/.temp/dessn-component-routes/screenshots/EventTypeAppCard-de0dc5d6.png
Generated screenshot embedding for EventTypeAppSettingsInterface-3e087d6c
Verification progress: 9% (100/1130)
Generated screenshot embedding for EventTypeAppCard-de0dc5d6
Verification progress: 9% (101/1130)
Screenshot saved to: /Users/nimcheema/src/cal.com/apps/web/.temp/dessn-component-routes/screenshots/EventTypeAppSettingsInterface-bc3a1c64.png
Generated screenshot embedding for EventTypeAppSettingsInterface-bc3a1c64
Verification progress: 9% (102/1130)
Screenshot saved to: /Users/nimcheema/src/cal.com/apps/web/.temp/dessn-component-routes/screenshots/EventTypeAppCard-5eec8125.png
Generated screenshot embedding for EventTypeAppCard-5eec8125
Verification progress: 9% (103/1130)
Screenshot saved to: /Users/nimcheema/src/cal.com/apps/web/.temp/dessn-component-routes/screenshots/EventTypeAppCard-38cc0a64.png
Generated screenshot embedding for EventTypeAppCard-38cc0a64
Screenshot saved to: /Users/nimcheema/src/cal.com/apps/web/.temp/dessn-component-routes/screenshots/EventTypeAppCard-01aca4c0.png
Verification progress: 9% (104/1130)
Generated screenshot embedding for EventTypeAppCard-01aca4c0
Verification progress: 9% (105/1130)
Screenshot saved to: /Users/nimcheema/src/cal.com/apps/web/.temp/dessn-component-routes/screenshots/EventTypeAppSettingsInterface-0a8af8bb.png
Screenshot saved to: /Users/nimcheema/src/cal.com/apps/web/.temp/dessn-component-routes/screenshots/EventTypeAppCard-fa0052d1.png
Generated screenshot embedding for EventTypeAppSettingsInterface-0a8af8bb
Generated screenshot embedding for EventTypeAppCard-fa0052d1
Verification progress: 9% (106/1130)
Verification progress: 9% (107/1130)
Screenshot saved to: /Users/nimcheema/src/cal.com/apps/web/.temp/dessn-component-routes/screenshots/EventTypeAppSettingsInterface-17efae1c.png
Generated screenshot embedding for EventTypeAppSettingsInterface-17efae1c
Verification progress: 10% (108/1130)
Screenshot saved to: /Users/nimcheema/src/cal.com/apps/web/.temp/dessn-component-routes/screenshots/EventTypeAppCard-51266bf8.png
Generated screenshot embedding for EventTypeAppCard-51266bf8
Verification progress: 10% (109/1130)
Screenshot saved to: /Users/nimcheema/src/cal.com/apps/web/.temp/dessn-component-routes/screenshots/EventTypeAppCard-fc36fb87.png
Generated screenshot embedding for EventTypeAppCard-fc36fb87
Verification progress: 10% (110/1130)
Screenshot saved to: /Users/nimcheema/src/cal.com/apps/web/.temp/dessn-component-routes/screenshots/EventTypeAppSettingsInterface-a0160d2f.png
Generated screenshot embedding for EventTypeAppSettingsInterface-a0160d2f
Verification progress: 10% (111/1130)
Screenshot saved to: /Users/nimcheema/src/cal.com/apps/web/.temp/dessn-component-routes/screenshots/EventTypeAppCard-1a57e4ec.png
Generated screenshot embedding for EventTypeAppCard-1a57e4ec
Verification progress: 10% (112/1130)
Screenshot saved to: /Users/nimcheema/src/cal.com/apps/web/.temp/dessn-component-routes/screenshots/EventTypeAppCard-57751b28.png
Generated screenshot embedding for EventTypeAppCard-57751b28
Verification progress: 10% (113/1130)
Screenshot saved to: /Users/nimcheema/src/cal.com/apps/web/.temp/dessn-component-routes/screenshots/EventTypeAppSettingsInterface-bc947c42.png
Generated screenshot embedding for EventTypeAppSettingsInterface-bc947c42
Verification progress: 10% (114/1130)
Screenshot saved to: /Users/nimcheema/src/cal.com/apps/web/.temp/dessn-component-routes/screenshots/EventTypeAppCard-a9997b0a.png
Generated screenshot embedding for EventTypeAppCard-a9997b0a
Verification progress: 10% (115/1130)
Screenshot saved to: /Users/nimcheema/src/cal.com/apps/web/.temp/dessn-component-routes/screenshots/EventTypeAppCard-349ab428.png
Screenshot saved to: /Users/nimcheema/src/cal.com/apps/web/.temp/dessn-component-routes/screenshots/EventTypeAppCard-3af9b7b6.png
Generated screenshot embedding for EventTypeAppCard-349ab428
Verification progress: 10% (116/1130)
Generated screenshot embedding for EventTypeAppCard-3af9b7b6
Verification progress: 10% (117/1130)
Screenshot saved to: /Users/nimcheema/src/cal.com/apps/web/.temp/dessn-component-routes/screenshots/EventTypeAppCard-7794b0fb.png
Screenshot saved to: /Users/nimcheema/src/cal.com/apps/web/.temp/dessn-component-routes/screenshots/EventTypeAppCard-07ffbfd6.png
Generated screenshot embedding for EventTypeAppCard-7794b0fb
Verification progress: 10% (118/1130)
Generated screenshot embedding for EventTypeAppCard-07ffbfd6
Verification progress: 11% (119/1130)
Screenshot saved to: /Users/nimcheema/src/cal.com/apps/web/.temp/dessn-component-routes/screenshots/EventTypeAppCard-c005b11d.png
Generated screenshot embedding for EventTypeAppCard-c005b11d
Verification progress: 11% (120/1130)
Screenshot saved to: /Users/nimcheema/src/cal.com/apps/web/.temp/dessn-component-routes/screenshots/EventTypeAppCard-3b8d2836.png
Generated screenshot embedding for EventTypeAppCard-3b8d2836
Screenshot saved to: /Users/nimcheema/src/cal.com/apps/web/.temp/dessn-component-routes/screenshots/EventTypeAppCard-7b108e94.png
Verification progress: 11% (121/1130)
Generated screenshot embedding for EventTypeAppCard-7b108e94
Verification progress: 11% (122/1130)
Screenshot saved to: /Users/nimcheema/src/cal.com/apps/web/.temp/dessn-component-routes/screenshots/EventTypeAppCard-c2fd3d4e.png
Generated screenshot embedding for EventTypeAppCard-c2fd3d4e
Verification progress: 11% (123/1130)
Screenshot saved to: /Users/nimcheema/src/cal.com/apps/web/.temp/dessn-component-routes/screenshots/AppConfiguration-798fb503.png
Screenshot saved to: /Users/nimcheema/src/cal.com/apps/web/.temp/dessn-component-routes/screenshots/AppConfiguration-1893fa49.png
Generated screenshot embedding for AppConfiguration-798fb503
Generated screenshot embedding for AppConfiguration-1893fa49
Verification progress: 11% (124/1130)
Verification progress: 11% (125/1130)
Screenshot saved to: /Users/nimcheema/src/cal.com/apps/web/.temp/dessn-component-routes/screenshots/EventTypeAppCard-bde52ee6.png
Generated screenshot embedding for EventTypeAppCard-bde52ee6
Verification progress: 11% (126/1130)
Error verifying IconLeading-b921da27: Recursion limit of 50 reached without hitting a stop condition. You can increase the limit by setting the "recursionLimit" config key.

Troubleshooting URL: https://js.langchain.com/docs/troubleshooting/errors/GRAPH_RECURSION_LIMIT/

Verification progress: 11% (127/1130)
Screenshot saved to: /Users/nimcheema/src/cal.com/apps/web/.temp/dessn-component-routes/screenshots/InstallAppButtonWithoutPlanCheck-a5b04c94.png
Screenshot saved to: /Users/nimcheema/src/cal.com/apps/web/.temp/dessn-component-routes/screenshots/EventTypeAppCard-0fe8643a.png
Generated screenshot embedding for EventTypeAppCard-0fe8643a
Generated screenshot embedding for InstallAppButtonWithoutPlanCheck-a5b04c94
Verification progress: 11% (128/1130)
Verification progress: 11% (129/1130)
Screenshot saved to: /Users/nimcheema/src/cal.com/apps/web/.temp/dessn-component-routes/screenshots/InstallAppButton-a5b04c94.png
Generated screenshot embedding for InstallAppButton-a5b04c94
Verification progress: 12% (130/1130)
Screenshot saved to: /Users/nimcheema/src/cal.com/apps/web/.temp/dessn-component-routes/screenshots/AppDependencyComponent-a5b04c94.png
Screenshot saved to: /Users/nimcheema/src/cal.com/apps/web/.temp/dessn-component-routes/screenshots/EventTypeAppCard-9e1b9be7.png
Screenshot saved to: /Users/nimcheema/src/cal.com/apps/web/.temp/dessn-component-routes/screenshots/AppCard-fa80d75d.png
Generated screenshot embedding for EventTypeAppCard-9e1b9be7
Verification progress: 12% (131/1130)
Generated screenshot embedding for AppDependencyComponent-a5b04c94
Generated screenshot embedding for AppCard-fa80d75d
Verification progress: 12% (132/1130)
Verification progress: 12% (133/1130)
Screenshot saved to: /Users/nimcheema/src/cal.com/apps/web/.temp/dessn-component-routes/screenshots/EventTypeAppCard-1645e38a.png
Generated screenshot embedding for EventTypeAppCard-1645e38a
Verification progress: 12% (134/1130)
Screenshot saved to: /Users/nimcheema/src/cal.com/apps/web/.temp/dessn-component-routes/screenshots/SkeletonAvatar-9bc6b401.png
Screenshot saved to: /Users/nimcheema/src/cal.com/apps/web/.temp/dessn-component-routes/screenshots/AllApps-f4e44dbe.png
Screenshot saved to: /Users/nimcheema/src/cal.com/apps/web/.temp/dessn-component-routes/screenshots/useShouldShowArrows-f4e44dbe.png
Screenshot saved to: /Users/nimcheema/src/cal.com/apps/web/.temp/dessn-component-routes/screenshots/Skeleton-9bc6b401.png
Generated screenshot embedding for SkeletonAvatar-9bc6b401
Generated screenshot embedding for AllApps-f4e44dbe
Verification progress: 12% (135/1130)
Generated screenshot embedding for useShouldShowArrows-f4e44dbe
Verification progress: 12% (136/1130)
Generated screenshot embedding for Skeleton-9bc6b401
Verification progress: 12% (137/1130)
Verification progress: 12% (138/1130)
Screenshot saved to: /Users/nimcheema/src/cal.com/apps/web/.temp/dessn-component-routes/screenshots/EventTypeAppCard-151eed06.png
Generated screenshot embedding for EventTypeAppCard-151eed06
Verification progress: 12% (139/1130)
Screenshot saved to: /Users/nimcheema/src/cal.com/apps/web/.temp/dessn-component-routes/screenshots/SkeletonButton-9bc6b401.png
Screenshot saved to: /Users/nimcheema/src/cal.com/apps/web/.temp/dessn-component-routes/screenshots/SkeletonContainer-9bc6b401.png
Screenshot saved to: /Users/nimcheema/src/cal.com/apps/web/.temp/dessn-component-routes/screenshots/SkeletonText-9bc6b401.png
Screenshot saved to: /Users/nimcheema/src/cal.com/apps/web/.temp/dessn-component-routes/screenshots/MetaProvider-80e7bf29.png
Screenshot saved to: /Users/nimcheema/src/cal.com/apps/web/.temp/dessn-component-routes/screenshots/ShellSubHeading-f1bee9b8.png
Generated screenshot embedding for SkeletonButton-9bc6b401
Screenshot saved to: /Users/nimcheema/src/cal.com/apps/web/.temp/dessn-component-routes/screenshots/Loader-1e50c0b0.png
Verification progress: 12% (140/1130)
Generated screenshot embedding for SkeletonContainer-9bc6b401
Generated screenshot embedding for SkeletonText-9bc6b401
Verification progress: 12% (141/1130)
Verification progress: 13% (142/1130)
Generated screenshot embedding for ShellSubHeading-f1bee9b8
Generated screenshot embedding for Loader-1e50c0b0
Verification progress: 13% (143/1130)
Generated screenshot embedding for MetaProvider-80e7bf29
Verification progress: 13% (144/1130)
Verification progress: 13% (145/1130)
Screenshot saved to: /Users/nimcheema/src/cal.com/apps/web/.temp/dessn-component-routes/screenshots/Slider-f99c600e.png
Screenshot saved to: /Users/nimcheema/src/cal.com/apps/web/.temp/dessn-component-routes/screenshots/SelectSkeletonLoader-9bc6b401.png
Generated screenshot embedding for Slider-f99c600e
Verification progress: 13% (146/1130)
Generated screenshot embedding for SelectSkeletonLoader-9bc6b401
Verification progress: 13% (147/1130)
Screenshot saved to: /Users/nimcheema/src/cal.com/apps/web/.temp/dessn-component-routes/screenshots/Meta-80e7bf29.png
Generated screenshot embedding for Meta-80e7bf29
Verification progress: 13% (148/1130)
Screenshot saved to: /Users/nimcheema/src/cal.com/apps/web/.temp/dessn-component-routes/screenshots/RecentAppsSlider-bd1146f3.png
Screenshot saved to: /Users/nimcheema/src/cal.com/apps/web/.temp/dessn-component-routes/screenshots/TopBanner-4bd2c8f7.png
Screenshot saved to: /Users/nimcheema/src/cal.com/apps/web/.temp/dessn-component-routes/screenshots/PopularAppsSlider-93668114.png
Generated screenshot embedding for TopBanner-4bd2c8f7
Screenshot saved to: /Users/nimcheema/src/cal.com/apps/web/.temp/dessn-component-routes/screenshots/AppStoreCategories-4be09033.png
Generated screenshot embedding for RecentAppsSlider-bd1146f3
Screenshot saved to: /Users/nimcheema/src/cal.com/apps/web/.temp/dessn-component-routes/screenshots/SkeletonLoader-64e54060.png
Verification progress: 13% (149/1130)
Verification progress: 13% (150/1130)
Generated screenshot embedding for PopularAppsSlider-93668114
Verification progress: 13% (151/1130)
Generated screenshot embedding for AppStoreCategories-4be09033
Verification progress: 13% (152/1130)
Generated screenshot embedding for SkeletonLoader-64e54060
Verification progress: 14% (153/1130)
Screenshot saved to: /Users/nimcheema/src/cal.com/apps/web/.temp/dessn-component-routes/screenshots/AnimatedPopover-9cfea3e0.png
Generated screenshot embedding for AnimatedPopover-9cfea3e0
Verification progress: 14% (154/1130)
Screenshot saved to: /Users/nimcheema/src/cal.com/apps/web/.temp/dessn-component-routes/screenshots/DropdownMenuTriggerItem-1e023307.png
Generated screenshot embedding for DropdownMenuTriggerItem-1e023307
Screenshot saved to: /Users/nimcheema/src/cal.com/apps/web/.temp/dessn-component-routes/screenshots/Dropdown-1e023307.png
Verification progress: 14% (155/1130)
Generated screenshot embedding for Dropdown-1e023307
Verification progress: 14% (156/1130)
Screenshot saved to: /Users/nimcheema/src/cal.com/apps/web/.temp/dessn-component-routes/screenshots/DropdownMenuContent-1e023307.png
Screenshot saved to: /Users/nimcheema/src/cal.com/apps/web/.temp/dessn-component-routes/screenshots/DropdownMenuLabel-1e023307.png
Generated screenshot embedding for DropdownMenuContent-1e023307
Generated screenshot embedding for DropdownMenuLabel-1e023307
Verification progress: 14% (157/1130)
Verification progress: 14% (158/1130)
Screenshot saved to: /Users/nimcheema/src/cal.com/apps/web/.temp/dessn-component-routes/screenshots/DropdownMenuGroup-1e023307.png
Generated screenshot embedding for DropdownMenuGroup-1e023307
Verification progress: 14% (159/1130)
Screenshot saved to: /Users/nimcheema/src/cal.com/apps/web/.temp/dessn-component-routes/screenshots/PopoverTrigger-497a550c.png
Screenshot saved to: /Users/nimcheema/src/cal.com/apps/web/.temp/dessn-component-routes/screenshots/PopoverContent-497a550c.png
Generated screenshot embedding for PopoverTrigger-497a550c
Verification progress: 14% (160/1130)
Generated screenshot embedding for PopoverContent-497a550c
Verification progress: 14% (161/1130)
Screenshot saved to: /Users/nimcheema/src/cal.com/apps/web/.temp/dessn-component-routes/screenshots/DropdownMenuRadioGroup-1e023307.png
Screenshot saved to: /Users/nimcheema/src/cal.com/apps/web/.temp/dessn-component-routes/screenshots/EventTypeAppCard-f28e7f37.png
Generated screenshot embedding for DropdownMenuRadioGroup-1e023307
Generated screenshot embedding for EventTypeAppCard-f28e7f37
Verification progress: 14% (162/1130)
Verification progress: 14% (163/1130)
Screenshot saved to: /Users/nimcheema/src/cal.com/apps/web/.temp/dessn-component-routes/screenshots/ButtonOrLink-1e023307.png
Generated screenshot embedding for ButtonOrLink-1e023307
Verification progress: 15% (164/1130)
Screenshot saved to: /Users/nimcheema/src/cal.com/apps/web/.temp/dessn-component-routes/screenshots/DropdownItem-1e023307.png
Screenshot saved to: /Users/nimcheema/src/cal.com/apps/web/.temp/dessn-component-routes/screenshots/DropdownMenuSeparator-1e023307.png
Generated screenshot embedding for DropdownItem-1e023307
Generated screenshot embedding for DropdownMenuSeparator-1e023307
Verification progress: 15% (165/1130)
Verification progress: 15% (166/1130)
Screenshot saved to: /Users/nimcheema/src/cal.com/apps/web/.temp/dessn-component-routes/screenshots/DropdownMenuTrigger-1e023307.png
Screenshot saved to: /Users/nimcheema/src/cal.com/apps/web/.temp/dessn-component-routes/screenshots/Logo-e1e1562b.png
Generated screenshot embedding for DropdownMenuTrigger-1e023307
Generated screenshot embedding for Logo-e1e1562b
Verification progress: 15% (167/1130)
Verification progress: 15% (168/1130)
Screenshot saved to: /Users/nimcheema/src/cal.com/apps/web/.temp/dessn-component-routes/screenshots/Popover-497a550c.png
Screenshot saved to: /Users/nimcheema/src/cal.com/apps/web/.temp/dessn-component-routes/screenshots/DropdownActions-5463f74e.png
Screenshot saved to: /Users/nimcheema/src/cal.com/apps/web/.temp/dessn-component-routes/screenshots/TableActions-5463f74e.png
Screenshot saved to: /Users/nimcheema/src/cal.com/apps/web/.temp/dessn-component-routes/screenshots/DropdownMenuItem-1e023307.png
Generated screenshot embedding for Popover-497a550c
Generated screenshot embedding for TableActions-5463f74e
Verification progress: 15% (169/1130)
Screenshot saved to: /Users/nimcheema/src/cal.com/apps/web/.temp/dessn-component-routes/screenshots/Credits-50986d36.png
Verification progress: 15% (170/1130)
Generated screenshot embedding for DropdownActions-5463f74e
Generated screenshot embedding for DropdownMenuItem-1e023307
Verification progress: 15% (171/1130)
Verification progress: 15% (172/1130)
Generated screenshot embedding for Credits-50986d36
Verification progress: 15% (173/1130)
Screenshot saved to: /Users/nimcheema/src/cal.com/apps/web/.temp/dessn-component-routes/screenshots/DropdownMenuCheckboxItem-1e023307.png
Screenshot saved to: /Users/nimcheema/src/cal.com/apps/web/.temp/dessn-component-routes/screenshots/VerticalDivider-30631592.png
Screenshot saved to: /Users/nimcheema/src/cal.com/apps/web/.temp/dessn-component-routes/screenshots/DropdownMenuRadioItem-1e023307.png
Generated screenshot embedding for DropdownMenuCheckboxItem-1e023307
Generated screenshot embedding for DropdownMenuRadioItem-1e023307
Generated screenshot embedding for VerticalDivider-30631592
Verification progress: 15% (174/1130)
Verification progress: 15% (175/1130)
Verification progress: 16% (176/1130)
Screenshot saved to: /Users/nimcheema/src/cal.com/apps/web/.temp/dessn-component-routes/screenshots/List-2afc4dd7.png
Screenshot saved to: /Users/nimcheema/src/cal.com/apps/web/.temp/dessn-component-routes/screenshots/UnpublishedEntity-733b4827.png
Screenshot saved to: /Users/nimcheema/src/cal.com/apps/web/.temp/dessn-component-routes/screenshots/ListItem-2afc4dd7.png
Screenshot saved to: /Users/nimcheema/src/cal.com/apps/web/.temp/dessn-component-routes/screenshots/ListLinkItem-2afc4dd7.png
Generated screenshot embedding for List-2afc4dd7
Verification progress: 16% (177/1130)
Generated screenshot embedding for ListItem-2afc4dd7
Generated screenshot embedding for ListLinkItem-2afc4dd7
Verification progress: 16% (178/1130)
Generated screenshot embedding for UnpublishedEntity-733b4827
Screenshot saved to: /Users/nimcheema/src/cal.com/apps/web/.temp/dessn-component-routes/screenshots/HeadSeo-2a61f1f1.png
Generated screenshot embedding for HeadSeo-2a61f1f1
Verification progress: 16% (179/1130)
Verification progress: 16% (180/1130)
Screenshot saved to: /Users/nimcheema/src/cal.com/apps/web/.temp/dessn-component-routes/screenshots/ListItemText-2afc4dd7.png
Screenshot saved to: /Users/nimcheema/src/cal.com/apps/web/.temp/dessn-component-routes/screenshots/ListItemTitle-2afc4dd7.png
Screenshot saved to: /Users/nimcheema/src/cal.com/apps/web/.temp/dessn-component-routes/screenshots/DropdownMenuPortal-1e023307.png
Verification progress: 16% (181/1130)
Generated screenshot embedding for ListItemTitle-2afc4dd7
Generated screenshot embedding for DropdownMenuPortal-1e023307
Generated screenshot embedding for ListItemText-2afc4dd7
Screenshot saved to: /Users/nimcheema/src/cal.com/apps/web/.temp/dessn-component-routes/screenshots/VerticalTabItem-f49aaf4f.png
Verification progress: 16% (182/1130)
Verification progress: 16% (183/1130)
Verification progress: 16% (184/1130)
Generated screenshot embedding for VerticalTabItem-f49aaf4f
Verification progress: 16% (185/1130)
Screenshot saved to: /Users/nimcheema/src/cal.com/apps/web/.temp/dessn-component-routes/screenshots/NavTabs-293c9def.png
Screenshot saved to: /Users/nimcheema/src/cal.com/apps/web/.temp/dessn-component-routes/screenshots/HorizontalTabs-bad1e453.png
Generated screenshot embedding for NavTabs-293c9def
Generated screenshot embedding for HorizontalTabs-bad1e453
Verification progress: 16% (186/1130)
Verification progress: 17% (187/1130)
Screenshot saved to: /Users/nimcheema/src/cal.com/apps/web/.temp/dessn-component-routes/screenshots/HorizontalTabItem-505b0f7e.png
Screenshot saved to: /Users/nimcheema/src/cal.com/apps/web/.temp/dessn-component-routes/screenshots/StepCard-d4735813.png
Generated screenshot embedding for StepCard-d4735813
Generated screenshot embedding for HorizontalTabItem-505b0f7e
Verification progress: 17% (188/1130)
Verification progress: 17% (189/1130)
Screenshot saved to: /Users/nimcheema/src/cal.com/apps/web/.temp/dessn-component-routes/screenshots/MeetingTimeInTimezones-125e0652.png
Generated screenshot embedding for MeetingTimeInTimezones-125e0652
Verification progress: 17% (190/1130)
Screenshot saved to: /Users/nimcheema/src/cal.com/apps/web/.temp/dessn-component-routes/screenshots/FormCard-de7353d7.png
Screenshot saved to: /Users/nimcheema/src/cal.com/apps/web/.temp/dessn-component-routes/screenshots/Card-d249e982.png
Generated screenshot embedding for Card-d249e982
Generated screenshot embedding for FormCard-de7353d7
Verification progress: 17% (191/1130)
Verification progress: 17% (192/1130)
Screenshot saved to: /Users/nimcheema/src/cal.com/apps/web/.temp/dessn-component-routes/screenshots/AddVariablesPlugin-c39a2781.png
Screenshot saved to: /Users/nimcheema/src/cal.com/apps/web/.temp/dessn-component-routes/screenshots/Editor-a1120813.png
Screenshot saved to: /Users/nimcheema/src/cal.com/apps/web/.temp/dessn-component-routes/screenshots/AddVariablesDropdown-e1c95ec2.png
Screenshot saved to: /Users/nimcheema/src/cal.com/apps/web/.temp/dessn-component-routes/screenshots/ToolbarPlugin-a80184d6.png
Generated screenshot embedding for AddVariablesPlugin-c39a2781
Generated screenshot embedding for Editor-a1120813
Generated screenshot embedding for ToolbarPlugin-a80184d6
Verification progress: 17% (193/1130)
Generated screenshot embedding for AddVariablesDropdown-e1c95ec2
Verification progress: 17% (194/1130)
Verification progress: 17% (195/1130)
Verification progress: 17% (196/1130)
Screenshot saved to: /Users/nimcheema/src/cal.com/apps/web/.temp/dessn-component-routes/screenshots/DialogHeader-57f794de.png
Generated screenshot embedding for DialogHeader-57f794de
Verification progress: 17% (197/1130)
Screenshot saved to: /Users/nimcheema/src/cal.com/apps/web/.temp/dessn-component-routes/screenshots/DialogFooter-57f794de.png
Generated screenshot embedding for DialogFooter-57f794de
Verification progress: 18% (198/1130)
Screenshot saved to: /Users/nimcheema/src/cal.com/apps/web/.temp/dessn-component-routes/screenshots/PlaygroundAutoLinkPlugin-bbfb5d6f.png
Generated screenshot embedding for PlaygroundAutoLinkPlugin-bbfb5d6f
Verification progress: 18% (199/1130)
Screenshot saved to: /Users/nimcheema/src/cal.com/apps/web/.temp/dessn-component-routes/screenshots/AppListCard-798cef26.png
Generated screenshot embedding for AppListCard-798cef26
Verification progress: 18% (200/1130)
Screenshot saved to: /Users/nimcheema/src/cal.com/apps/web/.temp/dessn-component-routes/screenshots/Divider-30631592.png
Screenshot saved to: /Users/nimcheema/src/cal.com/apps/web/.temp/dessn-component-routes/screenshots/AppListCard-5efde8da.png
Generated screenshot embedding for Divider-30631592
Generated screenshot embedding for AppListCard-5efde8da
Screenshot saved to: /Users/nimcheema/src/cal.com/apps/web/.temp/dessn-component-routes/screenshots/CalendarSwitch-48ab30b6.png
Screenshot saved to: /Users/nimcheema/src/cal.com/apps/web/.temp/dessn-component-routes/screenshots/DisconnectIntegrationComponent-e32bd45f.png
Generated screenshot embedding for DisconnectIntegrationComponent-e32bd45f
Generated screenshot embedding for CalendarSwitch-48ab30b6
Verification progress: 18% (201/1130)
Verification progress: 18% (202/1130)
Verification progress: 18% (203/1130)
Verification progress: 18% (204/1130)
Screenshot saved to: /Users/nimcheema/src/cal.com/apps/web/.temp/dessn-component-routes/screenshots/DialogContent-57f794de.png
Screenshot saved to: /Users/nimcheema/src/cal.com/apps/web/.temp/dessn-component-routes/screenshots/CalendarSwitchComponent-229b8ed4.png
Screenshot saved to: /Users/nimcheema/src/cal.com/apps/web/.temp/dessn-component-routes/screenshots/EventCalendarSwitch-48ab30b6.png
Screenshot saved to: /Users/nimcheema/src/cal.com/apps/web/.temp/dessn-component-routes/screenshots/ConfirmationContent-3d36f80f.png
Screenshot saved to: /Users/nimcheema/src/cal.com/apps/web/.temp/dessn-component-routes/screenshots/UserCalendarSwitch-48ab30b6.png
Generated screenshot embedding for DialogContent-57f794de
Generated screenshot embedding for EventCalendarSwitch-48ab30b6
Generated screenshot embedding for CalendarSwitchComponent-229b8ed4
Screenshot saved to: /Users/nimcheema/src/cal.com/apps/web/.temp/dessn-component-routes/screenshots/AddressInput-513f5d54.png
Generated screenshot embedding for UserCalendarSwitch-48ab30b6
Verification progress: 18% (205/1130)
Verification progress: 18% (206/1130)
Verification progress: 18% (207/1130)
Verification progress: 18% (208/1130)
Generated screenshot embedding for ConfirmationContent-3d36f80f
Verification progress: 18% (209/1130)
Generated screenshot embedding for AddressInput-513f5d54
Verification progress: 19% (210/1130)
Screenshot saved to: /Users/nimcheema/src/cal.com/apps/web/.temp/dessn-component-routes/screenshots/DialogClose-57f794de.png
Generated screenshot embedding for DialogClose-57f794de
Verification progress: 19% (211/1130)
Screenshot saved to: /Users/nimcheema/src/cal.com/apps/web/.temp/dessn-component-routes/screenshots/BasePhoneInput-f50470c0.png
Generated screenshot embedding for BasePhoneInput-f50470c0
Screenshot saved to: /Users/nimcheema/src/cal.com/apps/web/.temp/dessn-component-routes/screenshots/MultiEmail-0a17c6ed.png
Verification progress: 19% (212/1130)
Generated screenshot embedding for MultiEmail-0a17c6ed
Verification progress: 19% (213/1130)
Screenshot saved to: /Users/nimcheema/src/cal.com/apps/web/.temp/dessn-component-routes/screenshots/Label-caa432b7.png
Generated screenshot embedding for Label-caa432b7
Verification progress: 19% (214/1130)
Screenshot saved to: /Users/nimcheema/src/cal.com/apps/web/.temp/dessn-component-routes/screenshots/createImage-152179c5.png
Generated screenshot embedding for createImage-152179c5
Verification progress: 19% (215/1130)
Screenshot saved to: /Users/nimcheema/src/cal.com/apps/web/.temp/dessn-component-routes/screenshots/Slider-152179c5.png
Generated screenshot embedding for Slider-152179c5
Verification progress: 19% (216/1130)
Screenshot saved to: /Users/nimcheema/src/cal.com/apps/web/.temp/dessn-component-routes/screenshots/DialogTrigger-57f794de.png
Generated screenshot embedding for DialogTrigger-57f794de
Verification progress: 19% (217/1130)
Screenshot saved to: /Users/nimcheema/src/cal.com/apps/web/.temp/dessn-component-routes/screenshots/Indicator-caa432b7.png
Screenshot saved to: /Users/nimcheema/src/cal.com/apps/web/.temp/dessn-component-routes/screenshots/RadioAreaGroup-1c0a2c73.png
Screenshot saved to: /Users/nimcheema/src/cal.com/apps/web/.temp/dessn-component-routes/screenshots/RadioArea-1c0a2c73.png
Generated screenshot embedding for RadioAreaGroup-1c0a2c73
Generated screenshot embedding for Indicator-caa432b7
Generated screenshot embedding for RadioArea-1c0a2c73
Verification progress: 19% (218/1130)
Verification progress: 19% (219/1130)
Verification progress: 19% (220/1130)
Screenshot saved to: /Users/nimcheema/src/cal.com/apps/web/.temp/dessn-component-routes/screenshots/BannerUploader-8d2bf839.png
Generated screenshot embedding for BannerUploader-8d2bf839
Verification progress: 20% (221/1130)
Screenshot saved to: /Users/nimcheema/src/cal.com/apps/web/.temp/dessn-component-routes/screenshots/RadioField-caa432b7.png
Screenshot saved to: /Users/nimcheema/src/cal.com/apps/web/.temp/dessn-component-routes/screenshots/ConfirmationDialogContent-3d36f80f.png
Screenshot saved to: /Users/nimcheema/src/cal.com/apps/web/.temp/dessn-component-routes/screenshots/ScrollableArea-eecb6e07.png
Generated screenshot embedding for RadioField-caa432b7
Generated screenshot embedding for ScrollableArea-eecb6e07
Verification progress: 20% (222/1130)
Verification progress: 20% (223/1130)
Generated screenshot embedding for ConfirmationDialogContent-3d36f80f
Verification progress: 20% (224/1130)
Screenshot saved to: /Users/nimcheema/src/cal.com/apps/web/.temp/dessn-component-routes/screenshots/CreateButton-68938fe9.png
Screenshot saved to: /Users/nimcheema/src/cal.com/apps/web/.temp/dessn-component-routes/screenshots/WizardLayout-b0a4c8f0.png
Generated screenshot embedding for CreateButton-68938fe9
Generated screenshot embedding for WizardLayout-b0a4c8f0
Verification progress: 20% (225/1130)
Verification progress: 20% (226/1130)
Screenshot saved to: /Users/nimcheema/src/cal.com/apps/web/.temp/dessn-component-routes/screenshots/getLayout-b0a4c8f0.png
Generated screenshot embedding for getLayout-b0a4c8f0
Verification progress: 20% (227/1130)
Screenshot saved to: /Users/nimcheema/src/cal.com/apps/web/.temp/dessn-component-routes/screenshots/ImageUploader-0be00c2e.png
Generated screenshot embedding for ImageUploader-0be00c2e
Verification progress: 20% (228/1130)
Screenshot saved to: /Users/nimcheema/src/cal.com/apps/web/.temp/dessn-component-routes/screenshots/Group-caa432b7.png
Generated screenshot embedding for Group-caa432b7
Screenshot saved to: /Users/nimcheema/src/cal.com/apps/web/.temp/dessn-component-routes/screenshots/CreateButtonWithTeamsList-da856c45.png
Verification progress: 20% (229/1130)
Generated screenshot embedding for CreateButtonWithTeamsList-da856c45
Verification progress: 20% (230/1130)
Screenshot saved to: /Users/nimcheema/src/cal.com/apps/web/.temp/dessn-component-routes/screenshots/Dialog-57f794de.png
Screenshot saved to: /Users/nimcheema/src/cal.com/apps/web/.temp/dessn-component-routes/screenshots/SheetTrigger-fc56f4fa.png
Generated screenshot embedding for Dialog-57f794de
Verification progress: 20% (231/1130)
Generated screenshot embedding for SheetTrigger-fc56f4fa
Verification progress: 21% (232/1130)
Screenshot saved to: /Users/nimcheema/src/cal.com/apps/web/.temp/dessn-component-routes/screenshots/Sheet-fc56f4fa.png
Screenshot saved to: /Users/nimcheema/src/cal.com/apps/web/.temp/dessn-component-routes/screenshots/SheetBody-fc56f4fa.png
Generated screenshot embedding for SheetBody-fc56f4fa
Verification progress: 21% (233/1130)
Generated screenshot embedding for Sheet-fc56f4fa
Verification progress: 21% (234/1130)
Screenshot saved to: /Users/nimcheema/src/cal.com/apps/web/.temp/dessn-component-routes/screenshots/Table-c6f53f89.png
Screenshot saved to: /Users/nimcheema/src/cal.com/apps/web/.temp/dessn-component-routes/screenshots/SheetClose-fc56f4fa.png
Generated screenshot embedding for Table-c6f53f89
Verification progress: 21% (235/1130)
Generated screenshot embedding for SheetClose-fc56f4fa
Verification progress: 21% (236/1130)
Screenshot saved to: /Users/nimcheema/src/cal.com/apps/web/.temp/dessn-component-routes/screenshots/TableHeader-d8f2d822.png
Screenshot saved to: /Users/nimcheema/src/cal.com/apps/web/.temp/dessn-component-routes/screenshots/SheetFooter-fc56f4fa.png
Screenshot saved to: /Users/nimcheema/src/cal.com/apps/web/.temp/dessn-component-routes/screenshots/SheetHeader-fc56f4fa.png
Generated screenshot embedding for SheetFooter-fc56f4fa
Generated screenshot embedding for TableHeader-d8f2d822
Verification progress: 21% (237/1130)
Generated screenshot embedding for SheetHeader-fc56f4fa
Verification progress: 21% (238/1130)
Verification progress: 21% (239/1130)
Screenshot saved to: /Users/nimcheema/src/cal.com/apps/web/.temp/dessn-component-routes/screenshots/Radio-caa432b7.png
Screenshot saved to: /Users/nimcheema/src/cal.com/apps/web/.temp/dessn-component-routes/screenshots/TableBody-d8f2d822.png
Screenshot saved to: /Users/nimcheema/src/cal.com/apps/web/.temp/dessn-component-routes/screenshots/SheetTitle-fc56f4fa.png
Generated screenshot embedding for Radio-caa432b7
Generated screenshot embedding for TableBody-d8f2d822
Generated screenshot embedding for SheetTitle-fc56f4fa
Verification progress: 21% (240/1130)
Verification progress: 21% (241/1130)
Verification progress: 21% (242/1130)
Screenshot saved to: /Users/nimcheema/src/cal.com/apps/web/.temp/dessn-component-routes/screenshots/TableFooter-d8f2d822.png
Screenshot saved to: /Users/nimcheema/src/cal.com/apps/web/.temp/dessn-component-routes/screenshots/TableHead-d8f2d822.png
Screenshot saved to: /Users/nimcheema/src/cal.com/apps/web/.temp/dessn-component-routes/screenshots/TableCell-d8f2d822.png
Screenshot saved to: /Users/nimcheema/src/cal.com/apps/web/.temp/dessn-component-routes/screenshots/TableRow-d8f2d822.png
Generated screenshot embedding for TableCell-d8f2d822
Generated screenshot embedding for TableFooter-d8f2d822
Verification progress: 22% (243/1130)
Generated screenshot embedding for TableHead-d8f2d822
Generated screenshot embedding for TableRow-d8f2d822
Verification progress: 22% (244/1130)
Verification progress: 22% (245/1130)
Verification progress: 22% (246/1130)
Screenshot saved to: /Users/nimcheema/src/cal.com/apps/web/.temp/dessn-component-routes/screenshots/TableCaption-d8f2d822.png
Screenshot saved to: /Users/nimcheema/src/cal.com/apps/web/.temp/dessn-component-routes/screenshots/SheetContent-fc56f4fa.png
Generated screenshot embedding for SheetContent-fc56f4fa
Generated screenshot embedding for TableCaption-d8f2d822
Verification progress: 22% (247/1130)
Verification progress: 22% (248/1130)
Screenshot saved to: /Users/nimcheema/src/cal.com/apps/web/.temp/dessn-component-routes/screenshots/CommandDialog-8539b5ed.png
Generated screenshot embedding for CommandDialog-8539b5ed
Verification progress: 22% (249/1130)
Screenshot saved to: /Users/nimcheema/src/cal.com/apps/web/.temp/dessn-component-routes/screenshots/SheetDescription-fc56f4fa.png
Screenshot saved to: /Users/nimcheema/src/cal.com/apps/web/.temp/dessn-component-routes/screenshots/Table-d8f2d822.png
Generated screenshot embedding for SheetDescription-fc56f4fa
Generated screenshot embedding for Table-d8f2d822
Verification progress: 22% (250/1130)
Verification progress: 22% (251/1130)
Screenshot saved to: /Users/nimcheema/src/cal.com/apps/web/.temp/dessn-component-routes/screenshots/CommandShortcut-8539b5ed.png
Generated screenshot embedding for CommandShortcut-8539b5ed
Verification progress: 22% (252/1130)
Screenshot saved to: /Users/nimcheema/src/cal.com/apps/web/.temp/dessn-component-routes/screenshots/CommandEmpty-8539b5ed.png
Screenshot saved to: /Users/nimcheema/src/cal.com/apps/web/.temp/dessn-component-routes/screenshots/CommandList-8539b5ed.png
Screenshot saved to: /Users/nimcheema/src/cal.com/apps/web/.temp/dessn-component-routes/screenshots/CommandGroup-8539b5ed.png
Generated screenshot embedding for CommandEmpty-8539b5ed
Verification progress: 22% (253/1130)
Generated screenshot embedding for CommandList-8539b5ed
Generated screenshot embedding for CommandGroup-8539b5ed
Verification progress: 22% (254/1130)
Verification progress: 23% (255/1130)
Screenshot saved to: /Users/nimcheema/src/cal.com/apps/web/.temp/dessn-component-routes/screenshots/StorybookTrpcProvider-309240c1.png
Generated screenshot embedding for StorybookTrpcProvider-309240c1
Verification progress: 23% (256/1130)
Screenshot saved to: /Users/nimcheema/src/cal.com/apps/web/.temp/dessn-component-routes/screenshots/CommandItem-8539b5ed.png
Screenshot saved to: /Users/nimcheema/src/cal.com/apps/web/.temp/dessn-component-routes/screenshots/Pagination-88cbc536.png
Generated screenshot embedding for Pagination-88cbc536
Verification progress: 23% (257/1130)
Generated screenshot embedding for CommandItem-8539b5ed
Verification progress: 23% (258/1130)
Screenshot saved to: /Users/nimcheema/src/cal.com/apps/web/.temp/dessn-component-routes/screenshots/HoverCardPortal-f32f8bfd.png
Generated screenshot embedding for HoverCardPortal-f32f8bfd
Verification progress: 23% (259/1130)
Screenshot saved to: /Users/nimcheema/src/cal.com/apps/web/.temp/dessn-component-routes/screenshots/HoverCardTrigger-f32f8bfd.png
Screenshot saved to: /Users/nimcheema/src/cal.com/apps/web/.temp/dessn-component-routes/screenshots/NewScheduleButton-0c7e0fe7.png
Generated screenshot embedding for HoverCardTrigger-f32f8bfd
Verification progress: 23% (260/1130)
Generated screenshot embedding for NewScheduleButton-0c7e0fe7
Verification progress: 23% (261/1130)
Screenshot saved to: /Users/nimcheema/src/cal.com/apps/web/.temp/dessn-component-routes/screenshots/CommandSeparator-8539b5ed.png
Generated screenshot embedding for CommandSeparator-8539b5ed
Screenshot saved to: /Users/nimcheema/src/cal.com/apps/web/.temp/dessn-component-routes/screenshots/HoverCardContent-f32f8bfd.png
Screenshot saved to: /Users/nimcheema/src/cal.com/apps/web/.temp/dessn-component-routes/screenshots/getActionIcon-b2767a3d.png
Verification progress: 23% (262/1130)
Generated screenshot embedding for getActionIcon-b2767a3d
Verification progress: 23% (263/1130)
Generated screenshot embedding for HoverCardContent-f32f8bfd
Verification progress: 23% (264/1130)
Screenshot saved to: /Users/nimcheema/src/cal.com/apps/web/.temp/dessn-component-routes/screenshots/DeleteDialog-1e8661b1.png
Generated screenshot embedding for DeleteDialog-1e8661b1
Screenshot saved to: /Users/nimcheema/src/cal.com/apps/web/.temp/dessn-component-routes/screenshots/HoverCard-f32f8bfd.png
Screenshot saved to: /Users/nimcheema/src/cal.com/apps/web/.temp/dessn-component-routes/screenshots/BaseTable-d09a866d.png
Screenshot saved to: /Users/nimcheema/src/cal.com/apps/web/.temp/dessn-component-routes/screenshots/WorkflowListPage-0434a21a.png
Verification progress: 23% (265/1130)
Screenshot saved to: /Users/nimcheema/src/cal.com/apps/web/.temp/dessn-component-routes/screenshots/Row-04c4762d.png
Generated screenshot embedding for HoverCard-f32f8bfd
Generated screenshot embedding for WorkflowListPage-0434a21a
Generated screenshot embedding for Row-04c4762d
Generated screenshot embedding for BaseTable-d09a866d
Screenshot saved to: /Users/nimcheema/src/cal.com/apps/web/.temp/dessn-component-routes/screenshots/CommandInput-8539b5ed.png
Verification progress: 24% (266/1130)
Generated screenshot embedding for CommandInput-8539b5ed
Verification progress: 24% (267/1130)
Screenshot saved to: /Users/nimcheema/src/cal.com/apps/web/.temp/dessn-component-routes/screenshots/EmailBodyLogo-7cdfff68.png
Verification progress: 24% (268/1130)
Screenshot saved to: /Users/nimcheema/src/cal.com/apps/web/.temp/dessn-component-routes/screenshots/OrgBanner-4f01ed54.png
Generated screenshot embedding for EmailBodyLogo-7cdfff68
Verification progress: 24% (269/1130)
Verification progress: 24% (270/1130)
Generated screenshot embedding for OrgBanner-4f01ed54
Verification progress: 24% (271/1130)
Verification progress: 24% (272/1130)
Screenshot saved to: /Users/nimcheema/src/cal.com/apps/web/.temp/dessn-component-routes/screenshots/Command-8539b5ed.png
Generated screenshot embedding for Command-8539b5ed
Screenshot saved to: /Users/nimcheema/src/cal.com/apps/web/.temp/dessn-component-routes/screenshots/EmailScheduledBodyHeaderContent-ce3c450e.png
Screenshot saved to: /Users/nimcheema/src/cal.com/apps/web/.temp/dessn-component-routes/screenshots/EmailCommonDivider-bd87461e.png
Verification progress: 24% (273/1130)
Screenshot saved to: /Users/nimcheema/src/cal.com/apps/web/.temp/dessn-component-routes/screenshots/EmailSchedulingBodyDivider-898c9fde.png
Screenshot saved to: /Users/nimcheema/src/cal.com/apps/web/.temp/dessn-component-routes/screenshots/BookingConfirmationForm-8098ee22.png
Generated screenshot embedding for BookingConfirmationForm-8098ee22
Verification progress: 24% (274/1130)
Generated screenshot embedding for EmailSchedulingBodyDivider-898c9fde
Verification progress: 24% (275/1130)
Generated screenshot embedding for EmailScheduledBodyHeaderContent-ce3c450e
Verification progress: 24% (276/1130)
Generated screenshot embedding for EmailCommonDivider-bd87461e
Verification progress: 25% (277/1130)
Screenshot saved to: /Users/nimcheema/src/cal.com/apps/web/.temp/dessn-component-routes/screenshots/EmailSchedulingBodyHeader-0b3ec944.png
Screenshot saved to: /Users/nimcheema/src/cal.com/apps/web/.temp/dessn-component-routes/screenshots/BaseEmailHtml-0ed7e7f8.png
Generated screenshot embedding for EmailSchedulingBodyHeader-0b3ec944
Verification progress: 25% (278/1130)
Generated screenshot embedding for BaseEmailHtml-0ed7e7f8
Verification progress: 25% (279/1130)
Screenshot saved to: /Users/nimcheema/src/cal.com/apps/web/.temp/dessn-component-routes/screenshots/V2BaseEmailHtml-e543661b.png
Screenshot saved to: /Users/nimcheema/src/cal.com/apps/web/.temp/dessn-component-routes/screenshots/CallToActionIcon-4567b69c.png
Generated screenshot embedding for V2BaseEmailHtml-e543661b
Generated screenshot embedding for CallToActionIcon-4567b69c
Verification progress: 25% (280/1130)
Verification progress: 25% (281/1130)
Screenshot saved to: /Users/nimcheema/src/cal.com/apps/web/.temp/dessn-component-routes/screenshots/CallToAction-c2b23457.png
Screenshot saved to: /Users/nimcheema/src/cal.com/apps/web/.temp/dessn-component-routes/screenshots/ScheduleListItem-9827be07.png
Screenshot saved to: /Users/nimcheema/src/cal.com/apps/web/.temp/dessn-component-routes/screenshots/Info-5df7a2ed.png
Screenshot saved to: /Users/nimcheema/src/cal.com/apps/web/.temp/dessn-component-routes/screenshots/CallToActionTable-a8eed944.png
Generated screenshot embedding for CallToActionTable-a8eed944
Generated screenshot embedding for CallToAction-c2b23457
Verification progress: 25% (282/1130)
Generated screenshot embedding for ScheduleListItem-9827be07
Verification progress: 25% (283/1130)
Generated screenshot embedding for Info-5df7a2ed
Verification progress: 25% (284/1130)
Verification progress: 25% (285/1130)
Screenshot saved to: /Users/nimcheema/src/cal.com/apps/web/.temp/dessn-component-routes/screenshots/WhenInfo-feee39b8.png
Screenshot saved to: /Users/nimcheema/src/cal.com/apps/web/.temp/dessn-component-routes/screenshots/PersonInfo-d5d06e1b.png
Screenshot saved to: /Users/nimcheema/src/cal.com/apps/web/.temp/dessn-component-routes/screenshots/WhoInfo-d5d06e1b.png
Screenshot saved to: /Users/nimcheema/src/cal.com/apps/web/.temp/dessn-component-routes/screenshots/UserFieldsResponses-099d9b3b.png
Screenshot saved to: /Users/nimcheema/src/cal.com/apps/web/.temp/dessn-component-routes/screenshots/LocationInfo-3d745c7b.png
Generated screenshot embedding for WhenInfo-feee39b8
Verification progress: 25% (286/1130)
Generated screenshot embedding for PersonInfo-d5d06e1b
Verification progress: 25% (287/1130)
Generated screenshot embedding for WhoInfo-d5d06e1b
Verification progress: 25% (288/1130)
Generated screenshot embedding for UserFieldsResponses-099d9b3b
Verification progress: 26% (289/1130)
Generated screenshot embedding for LocationInfo-3d745c7b
Verification progress: 26% (290/1130)
Screenshot saved to: /Users/nimcheema/src/cal.com/apps/web/.temp/dessn-component-routes/screenshots/AppsStatus-0be4644b.png
Screenshot saved to: /Users/nimcheema/src/cal.com/apps/web/.temp/dessn-component-routes/screenshots/Separator-28f1eb38.png
Generated screenshot embedding for Separator-28f1eb38
Verification progress: 26% (291/1130)
Generated screenshot embedding for AppsStatus-0be4644b
Verification progress: 26% (292/1130)
Screenshot saved to: /Users/nimcheema/src/cal.com/apps/web/.temp/dessn-component-routes/screenshots/AttendeeCancelledSeatEmail-6c27cd47.png
Generated screenshot embedding for AttendeeCancelledSeatEmail-6c27cd47
Verification progress: 26% (293/1130)
Screenshot saved to: /Users/nimcheema/src/cal.com/apps/web/.temp/dessn-component-routes/screenshots/RawHtml-732411e1.png
Generated screenshot embedding for RawHtml-732411e1
Verification progress: 26% (294/1130)
Screenshot saved to: /Users/nimcheema/src/cal.com/apps/web/.temp/dessn-component-routes/screenshots/EmailHead-3abad10d.png
Generated screenshot embedding for EmailHead-3abad10d
Verification progress: 26% (295/1130)
Screenshot saved to: /Users/nimcheema/src/cal.com/apps/web/.temp/dessn-component-routes/screenshots/OrganizationAdminNoSlotsEmail-4bc21b4e.png
Generated screenshot embedding for OrganizationAdminNoSlotsEmail-4bc21b4e
Verification progress: 26% (296/1130)
Screenshot saved to: /Users/nimcheema/src/cal.com/apps/web/.temp/dessn-component-routes/screenshots/AttendeeAwaitingPaymentEmail-ed601637.png
Generated screenshot embedding for AttendeeAwaitingPaymentEmail-ed601637
Verification progress: 26% (297/1130)
Screenshot saved to: /Users/nimcheema/src/cal.com/apps/web/.temp/dessn-component-routes/screenshots/AttendeeWasRequestedToRescheduleEmail-6af941bf.png
Generated screenshot embedding for AttendeeWasRequestedToRescheduleEmail-6af941bf
Verification progress: 26% (298/1130)
Screenshot saved to: /Users/nimcheema/src/cal.com/apps/web/.temp/dessn-component-routes/screenshots/ManageLink-12311252.png
Screenshot saved to: /Users/nimcheema/src/cal.com/apps/web/.temp/dessn-component-routes/screenshots/MonthlyDigestEmail-85f33101.png
Generated screenshot embedding for ManageLink-12311252
Verification progress: 26% (299/1130)
Generated screenshot embedding for MonthlyDigestEmail-85f33101
Verification progress: 27% (300/1130)
Screenshot saved to: /Users/nimcheema/src/cal.com/apps/web/.temp/dessn-component-routes/screenshots/AttendeeCancelledEmail-87bbbd7a.png
Generated screenshot embedding for AttendeeCancelledEmail-87bbbd7a
Verification progress: 27% (301/1130)
Screenshot saved to: /Users/nimcheema/src/cal.com/apps/web/.temp/dessn-component-routes/screenshots/SlugReplacementEmail-89c5a52e.png
Generated screenshot embedding for SlugReplacementEmail-89c5a52e
Verification progress: 27% (302/1130)
Screenshot saved to: /Users/nimcheema/src/cal.com/apps/web/.temp/dessn-component-routes/screenshots/FeedbackEmail-87483e06.png
Generated screenshot embedding for FeedbackEmail-87483e06
Verification progress: 27% (303/1130)
Screenshot saved to: /Users/nimcheema/src/cal.com/apps/web/.temp/dessn-component-routes/screenshots/ForgotPasswordEmail-3cc12130.png
Generated screenshot embedding for ForgotPasswordEmail-3cc12130
Verification progress: 27% (304/1130)
Screenshot saved to: /Users/nimcheema/src/cal.com/apps/web/.temp/dessn-component-routes/screenshots/BaseScheduledEmail-0dd17f7f.png
Generated screenshot embedding for BaseScheduledEmail-0dd17f7f
Verification progress: 27% (305/1130)
Screenshot saved to: /Users/nimcheema/src/cal.com/apps/web/.temp/dessn-component-routes/screenshots/AttendeeDeclinedEmail-ed1a2153.png
Generated screenshot embedding for AttendeeDeclinedEmail-ed1a2153
Verification progress: 27% (306/1130)
Screenshot saved to: /Users/nimcheema/src/cal.com/apps/web/.temp/dessn-component-routes/screenshots/OrganizerCancelledEmail-dd3b83d3.png
Generated screenshot embedding for OrganizerCancelledEmail-dd3b83d3
Verification progress: 27% (307/1130)
Screenshot saved to: /Users/nimcheema/src/cal.com/apps/web/.temp/dessn-component-routes/screenshots/AttendeeRequestEmail-448cee51.png
Generated screenshot embedding for AttendeeRequestEmail-448cee51
Verification progress: 27% (308/1130)
Screenshot saved to: /Users/nimcheema/src/cal.com/apps/web/.temp/dessn-component-routes/screenshots/OrganizerReassignedEmail-46bf7968.png
Generated screenshot embedding for OrganizerReassignedEmail-46bf7968
Verification progress: 27% (309/1130)
Screenshot saved to: /Users/nimcheema/src/cal.com/apps/web/.temp/dessn-component-routes/screenshots/DisabledAppEmail-d3ede1b9.png
Generated screenshot embedding for DisabledAppEmail-d3ede1b9
Verification progress: 27% (310/1130)
Screenshot saved to: /Users/nimcheema/src/cal.com/apps/web/.temp/dessn-component-routes/screenshots/OrganizerRequestReminderEmail-7b66471d.png
Generated screenshot embedding for OrganizerRequestReminderEmail-7b66471d
Verification progress: 28% (311/1130)
Screenshot saved to: /Users/nimcheema/src/cal.com/apps/web/.temp/dessn-component-routes/screenshots/OrganizerRequestEmail-80d08d46.png
Generated screenshot embedding for OrganizerRequestEmail-80d08d46
Verification progress: 28% (312/1130)
Screenshot saved to: /Users/nimcheema/src/cal.com/apps/web/.temp/dessn-component-routes/screenshots/OrganizerScheduledEmail-3d93806d.png
Generated screenshot embedding for OrganizerScheduledEmail-3d93806d
Verification progress: 28% (313/1130)
Screenshot saved to: /Users/nimcheema/src/cal.com/apps/web/.temp/dessn-component-routes/screenshots/AttendeeUpdatedEmail-54a603e3.png
Screenshot saved to: /Users/nimcheema/src/cal.com/apps/web/.temp/dessn-component-routes/screenshots/OrganizerRequestedToRescheduleEmail-8643961d.png
Generated screenshot embedding for AttendeeUpdatedEmail-54a603e3
Generated screenshot embedding for OrganizerRequestedToRescheduleEmail-8643961d
Verification progress: 28% (314/1130)
Verification progress: 28% (315/1130)
Screenshot saved to: /Users/nimcheema/src/cal.com/apps/web/.temp/dessn-component-routes/screenshots/OrganizerRequestEmailV2-4563e725.png
Generated screenshot embedding for OrganizerRequestEmailV2-4563e725
Verification progress: 28% (316/1130)
Screenshot saved to: /Users/nimcheema/src/cal.com/apps/web/.temp/dessn-component-routes/screenshots/BrokenIntegrationEmail-d4741ddd.png
Screenshot saved to: /Users/nimcheema/src/cal.com/apps/web/.temp/dessn-component-routes/screenshots/TeamInviteEmail-53d11e36.png
Generated screenshot embedding for TeamInviteEmail-53d11e36
Generated screenshot embedding for BrokenIntegrationEmail-d4741ddd
Verification progress: 28% (317/1130)
Verification progress: 28% (318/1130)
Screenshot saved to: /Users/nimcheema/src/cal.com/apps/web/.temp/dessn-component-routes/screenshots/VerifyAccountEmail-808affc2.png
Generated screenshot embedding for VerifyAccountEmail-808affc2
Verification progress: 28% (319/1130)
Screenshot saved to: /Users/nimcheema/src/cal.com/apps/web/.temp/dessn-component-routes/screenshots/VerifyEmailByCode-69c7619f.png
Generated screenshot embedding for VerifyEmailByCode-69c7619f
Verification progress: 28% (320/1130)
Screenshot saved to: /Users/nimcheema/src/cal.com/apps/web/.temp/dessn-component-routes/screenshots/ResponseEmail-5392b7c9.png
Generated screenshot embedding for ResponseEmail-5392b7c9
Verification progress: 28% (321/1130)
Screenshot saved to: /Users/nimcheema/src/cal.com/apps/web/.temp/dessn-component-routes/screenshots/DailyVideoDownloadRecordingEmail-88e7725b.png
Generated screenshot embedding for DailyVideoDownloadRecordingEmail-88e7725b
Verification progress: 28% (322/1130)
Screenshot saved to: /Users/nimcheema/src/cal.com/apps/web/.temp/dessn-component-routes/screenshots/DailyVideoDownloadTranscriptEmail-6d33312a.png
Screenshot saved to: /Users/nimcheema/src/cal.com/apps/web/.temp/dessn-component-routes/screenshots/OrganisationAccountVerifyEmail-5c8c3059.png
Generated screenshot embedding for DailyVideoDownloadTranscriptEmail-6d33312a
Verification progress: 29% (323/1130)
Generated screenshot embedding for OrganisationAccountVerifyEmail-5c8c3059
Verification progress: 29% (324/1130)
Screenshot saved to: /Users/nimcheema/src/cal.com/apps/web/.temp/dessn-component-routes/screenshots/OrgAutoInviteEmail-f423608e.png
Screenshot saved to: /Users/nimcheema/src/cal.com/apps/web/.temp/dessn-component-routes/screenshots/AdminOrganizationNotificationEmail-26abc43b.png
Generated screenshot embedding for OrgAutoInviteEmail-f423608e
Verification progress: 29% (325/1130)
Generated screenshot embedding for AdminOrganizationNotificationEmail-26abc43b
Verification progress: 29% (326/1130)
Screenshot saved to: /Users/nimcheema/src/cal.com/apps/web/.temp/dessn-component-routes/screenshots/BookingRedirectEmailNotification-fb55611d.png
Screenshot saved to: /Users/nimcheema/src/cal.com/apps/web/.temp/dessn-component-routes/screenshots/VerifyEmailChangeEmail-6056e721.png
Generated screenshot embedding for BookingRedirectEmailNotification-fb55611d
Verification progress: 29% (327/1130)
Generated screenshot embedding for VerifyEmailChangeEmail-6056e721
Verification progress: 29% (328/1130)
Screenshot saved to: /Users/nimcheema/src/cal.com/apps/web/.temp/dessn-component-routes/screenshots/OrganizationCreationEmail-1f9caed3.png
Screenshot saved to: /Users/nimcheema/src/cal.com/apps/web/.temp/dessn-component-routes/screenshots/OrganizerPaymentRefundFailedEmail-68ded3c3.png
Generated screenshot embedding for OrganizerPaymentRefundFailedEmail-68ded3c3
Generated screenshot embedding for OrganizationCreationEmail-1f9caed3
Verification progress: 29% (329/1130)
Verification progress: 29% (330/1130)
Screenshot saved to: /Users/nimcheema/src/cal.com/apps/web/.temp/dessn-component-routes/screenshots/Day-0d8effeb.png
Generated screenshot embedding for Day-0d8effeb
Verification progress: 29% (331/1130)
Screenshot saved to: /Users/nimcheema/src/cal.com/apps/web/.temp/dessn-component-routes/screenshots/AttendeeLocationChangeEmail-2498db89.png
Screenshot saved to: /Users/nimcheema/src/cal.com/apps/web/.temp/dessn-component-routes/screenshots/DatePicker-0d8effeb.png
Generated screenshot embedding for DatePicker-0d8effeb
Generated screenshot embedding for AttendeeLocationChangeEmail-2498db89
Verification progress: 29% (332/1130)
Verification progress: 29% (333/1130)
Screenshot saved to: /Users/nimcheema/src/cal.com/apps/web/.temp/dessn-component-routes/screenshots/OrganizerAttendeeCancelledSeatEmail-ca617172.png
Generated screenshot embedding for OrganizerAttendeeCancelledSeatEmail-ca617172
Verification progress: 30% (334/1130)
Error verifying AttendeeScheduledEmail-95dceb24: Recursion limit of 50 reached without hitting a stop condition. You can increase the limit by setting the "recursionLimit" config key.

Troubleshooting URL: https://js.langchain.com/docs/troubleshooting/errors/GRAPH_RECURSION_LIMIT/

Verification progress: 30% (335/1130)
Screenshot saved to: /Users/nimcheema/src/cal.com/apps/web/.temp/dessn-component-routes/screenshots/Schedule-9ac5b094.png
Generated screenshot embedding for Schedule-9ac5b094
Verification progress: 30% (336/1130)
Screenshot saved to: /Users/nimcheema/src/cal.com/apps/web/.temp/dessn-component-routes/screenshots/DateOverrideInputDialog-863a7d8c.png
Generated screenshot embedding for DateOverrideInputDialog-863a7d8c
Verification progress: 30% (337/1130)
Screenshot saved to: /Users/nimcheema/src/cal.com/apps/web/.temp/dessn-component-routes/screenshots/DayRanges-9ac5b094.png
Generated screenshot embedding for DayRanges-9ac5b094
Verification progress: 30% (338/1130)
Screenshot saved to: /Users/nimcheema/src/cal.com/apps/web/.temp/dessn-component-routes/screenshots/DateOverrideList-60fe34b8.png
Generated screenshot embedding for DateOverrideList-60fe34b8
Verification progress: 30% (339/1130)
Screenshot saved to: /Users/nimcheema/src/cal.com/apps/web/.temp/dessn-component-routes/screenshots/DateValues-54bc3c9d.png
Generated screenshot embedding for DateValues-54bc3c9d
Verification progress: 30% (340/1130)
Screenshot saved to: /Users/nimcheema/src/cal.com/apps/web/.temp/dessn-component-routes/screenshots/OutOfOfficeInSlots-14b82e5c.png
Generated screenshot embedding for OutOfOfficeInSlots-14b82e5c
Verification progress: 30% (341/1130)
Screenshot saved to: /Users/nimcheema/src/cal.com/apps/web/.temp/dessn-component-routes/screenshots/EmptyCell-74586bd0.png
Generated screenshot embedding for EmptyCell-74586bd0
Verification progress: 30% (342/1130)
Screenshot saved to: /Users/nimcheema/src/cal.com/apps/web/.temp/dessn-component-routes/screenshots/AvailableCellsForDay-74586bd0.png
Generated screenshot embedding for AvailableCellsForDay-74586bd0
Verification progress: 30% (343/1130)
Screenshot saved to: /Users/nimcheema/src/cal.com/apps/web/.temp/dessn-component-routes/screenshots/Event-3de5b7ad.png
Generated screenshot embedding for Event-3de5b7ad
Verification progress: 30% (344/1130)
Screenshot saved to: /Users/nimcheema/src/cal.com/apps/web/.temp/dessn-component-routes/screenshots/ScheduleComponent-9ac5b094.png
Generated screenshot embedding for ScheduleComponent-9ac5b094
Verification progress: 31% (345/1130)
Screenshot saved to: /Users/nimcheema/src/cal.com/apps/web/.temp/dessn-component-routes/screenshots/OrganizerLocationChangeEmail-d4cadf3a.png
Generated screenshot embedding for OrganizerLocationChangeEmail-d4cadf3a
Verification progress: 31% (346/1130)
Screenshot saved to: /Users/nimcheema/src/cal.com/apps/web/.temp/dessn-component-routes/screenshots/AttendeeAddGuestsEmail-0e64dd05.png
Generated screenshot embedding for AttendeeAddGuestsEmail-0e64dd05
Verification progress: 31% (347/1130)
Screenshot saved to: /Users/nimcheema/src/cal.com/apps/web/.temp/dessn-component-routes/screenshots/CurrentTime-63e37576.png
Generated screenshot embedding for CurrentTime-63e37576
Verification progress: 31% (348/1130)
Error verifying AttendeeRescheduledEmail-59bcfa76: Recursion limit of 50 reached without hitting a stop condition. You can increase the limit by setting the "recursionLimit" config key.

Troubleshooting URL: https://js.langchain.com/docs/troubleshooting/errors/GRAPH_RECURSION_LIMIT/

Verification progress: 31% (349/1130)
Screenshot saved to: /Users/nimcheema/src/cal.com/apps/web/.temp/dessn-component-routes/screenshots/Spinner-76a1b1bb.png
Generated screenshot embedding for Spinner-76a1b1bb
Verification progress: 31% (350/1130)
Screenshot saved to: /Users/nimcheema/src/cal.com/apps/web/.temp/dessn-component-routes/screenshots/EventList-202797a3.png
Generated screenshot embedding for EventList-202797a3
Verification progress: 31% (351/1130)
Screenshot saved to: /Users/nimcheema/src/cal.com/apps/web/.temp/dessn-component-routes/screenshots/Calendar-8580d1b1.png
Screenshot saved to: /Users/nimcheema/src/cal.com/apps/web/.temp/dessn-component-routes/screenshots/DataTableProvider-3efc4c43.png
Generated screenshot embedding for DataTableProvider-3efc4c43
Verification progress: 31% (352/1130)
Generated screenshot embedding for Calendar-8580d1b1
Verification progress: 31% (353/1130)
Screenshot saved to: /Users/nimcheema/src/cal.com/apps/web/.temp/dessn-component-routes/screenshots/NoShowFeeChargedEmail-1dcaceb2.png
Screenshot saved to: /Users/nimcheema/src/cal.com/apps/web/.temp/dessn-component-routes/screenshots/SchedulerHeading-bdb8a957.png
Generated screenshot embedding for SchedulerHeading-bdb8a957
Verification progress: 31% (354/1130)
Generated screenshot embedding for NoShowFeeChargedEmail-1dcaceb2
Verification progress: 31% (355/1130)
Screenshot saved to: /Users/nimcheema/src/cal.com/apps/web/.temp/dessn-component-routes/screenshots/DataTablePagination-d10c9dac.png
Generated screenshot embedding for DataTablePagination-d10c9dac
Verification progress: 32% (356/1130)
Screenshot saved to: /Users/nimcheema/src/cal.com/apps/web/.temp/dessn-component-routes/screenshots/OrganizerRescheduledEmail-18137e22.png
Screenshot saved to: /Users/nimcheema/src/cal.com/apps/web/.temp/dessn-component-routes/screenshots/DataTableSelectionBar-0ff95549.png
Generated screenshot embedding for OrganizerRescheduledEmail-18137e22
Verification progress: 32% (357/1130)
Generated screenshot embedding for DataTableSelectionBar-0ff95549
Verification progress: 32% (358/1130)
Screenshot saved to: /Users/nimcheema/src/cal.com/apps/web/.temp/dessn-component-routes/screenshots/OrganizerAddGuestsEmail-72bae318.png
Generated screenshot embedding for OrganizerAddGuestsEmail-72bae318
Verification progress: 32% (359/1130)
Screenshot saved to: /Users/nimcheema/src/cal.com/apps/web/.temp/dessn-component-routes/screenshots/SchedulerColumns-6b7c8577.png
Generated screenshot embedding for SchedulerColumns-6b7c8577
Verification progress: 32% (360/1130)
Screenshot saved to: /Users/nimcheema/src/cal.com/apps/web/.temp/dessn-component-routes/screenshots/HorizontalLines-a6bacd5a.png
Generated screenshot embedding for HorizontalLines-a6bacd5a
Verification progress: 32% (361/1130)
Screenshot saved to: /Users/nimcheema/src/cal.com/apps/web/.temp/dessn-component-routes/screenshots/VerticalLines-96f89992.png
Generated screenshot embedding for VerticalLines-96f89992
Verification progress: 32% (362/1130)
Screenshot saved to: /Users/nimcheema/src/cal.com/apps/web/.temp/dessn-component-routes/screenshots/DataTableToolbar-bceca64e.png
Generated screenshot embedding for DataTableToolbar-bceca64e
Verification progress: 32% (363/1130)
Screenshot saved to: /Users/nimcheema/src/cal.com/apps/web/.temp/dessn-component-routes/screenshots/TextFilterOptions-c917d953.png
Generated screenshot embedding for TextFilterOptions-c917d953
Verification progress: 32% (364/1130)
Screenshot saved to: /Users/nimcheema/src/cal.com/apps/web/.temp/dessn-component-routes/screenshots/ScheduleDay-9ac5b094.png
Generated screenshot embedding for ScheduleDay-9ac5b094
Verification progress: 32% (365/1130)
Screenshot saved to: /Users/nimcheema/src/cal.com/apps/web/.temp/dessn-component-routes/screenshots/DataTableSkeleton-eaf48de6.png
Generated screenshot embedding for DataTableSkeleton-eaf48de6
Verification progress: 32% (366/1130)
Screenshot saved to: /Users/nimcheema/src/cal.com/apps/web/.temp/dessn-component-routes/screenshots/NumberFilterOptions-5c8566c5.png
Generated screenshot embedding for NumberFilterOptions-5c8566c5
Verification progress: 32% (367/1130)
Screenshot saved to: /Users/nimcheema/src/cal.com/apps/web/.temp/dessn-component-routes/screenshots/InvalidAppCredentialBanners-d1f94e1f.png
Generated screenshot embedding for InvalidAppCredentialBanners-d1f94e1f
Verification progress: 33% (368/1130)
Screenshot saved to: /Users/nimcheema/src/cal.com/apps/web/.temp/dessn-component-routes/screenshots/ClearFiltersButton-0419b6cb.png
Generated screenshot embedding for ClearFiltersButton-0419b6cb
Verification progress: 33% (369/1130)
Screenshot saved to: /Users/nimcheema/src/cal.com/apps/web/.temp/dessn-component-routes/screenshots/InvalidAppCredentialBanner-d1f94e1f.png
Generated screenshot embedding for InvalidAppCredentialBanner-d1f94e1f
Verification progress: 33% (370/1130)
Screenshot saved to: /Users/nimcheema/src/cal.com/apps/web/.temp/dessn-component-routes/screenshots/BookingPageTagManager-d80f814d.png
Generated screenshot embedding for BookingPageTagManager-d80f814d
Verification progress: 33% (371/1130)
Screenshot saved to: /Users/nimcheema/src/cal.com/apps/web/.temp/dessn-component-routes/screenshots/PriceIcon-35f43740.png
Screenshot saved to: /Users/nimcheema/src/cal.com/apps/web/.temp/dessn-component-routes/screenshots/VerifyCodeDialog-fc6a8798.png
Generated screenshot embedding for PriceIcon-35f43740
Verification progress: 33% (372/1130)
Generated screenshot embedding for VerifyCodeDialog-fc6a8798
Verification progress: 33% (373/1130)
Screenshot saved to: /Users/nimcheema/src/cal.com/apps/web/.temp/dessn-component-routes/screenshots/AvailableEventLocations-521c57fc.png
Screenshot saved to: /Users/nimcheema/src/cal.com/apps/web/.temp/dessn-component-routes/screenshots/EventDuration-1cace426.png
Generated screenshot embedding for EventDuration-1cace426
Generated screenshot embedding for AvailableEventLocations-521c57fc
Verification progress: 33% (374/1130)
Verification progress: 33% (375/1130)
Screenshot saved to: /Users/nimcheema/src/cal.com/apps/web/.temp/dessn-component-routes/screenshots/ActiveFilters-10273c2e.png
Generated screenshot embedding for ActiveFilters-10273c2e
Verification progress: 33% (376/1130)
Screenshot saved to: /Users/nimcheema/src/cal.com/apps/web/.temp/dessn-component-routes/screenshots/FilterOptions-23b4294a.png
Screenshot saved to: /Users/nimcheema/src/cal.com/apps/web/.temp/dessn-component-routes/screenshots/Price-ecb316e6.png
Generated screenshot embedding for FilterOptions-23b4294a
Verification progress: 33% (377/1130)
Generated screenshot embedding for Price-ecb316e6
Verification progress: 33% (378/1130)
Screenshot saved to: /Users/nimcheema/src/cal.com/apps/web/.temp/dessn-component-routes/screenshots/AlbyPriceComponent-ce29824c.png
Generated screenshot embedding for AlbyPriceComponent-ce29824c
Verification progress: 34% (379/1130)
Screenshot saved to: /Users/nimcheema/src/cal.com/apps/web/.temp/dessn-component-routes/screenshots/EventOccurences-9b8ccb31.png
Generated screenshot embedding for EventOccurences-9b8ccb31
Verification progress: 34% (380/1130)
Screenshot saved to: /Users/nimcheema/src/cal.com/apps/web/.temp/dessn-component-routes/screenshots/EventMetaBlock-61630078.png
Screenshot saved to: /Users/nimcheema/src/cal.com/apps/web/.temp/dessn-component-routes/screenshots/EventTitle-7c57289b.png
Screenshot saved to: /Users/nimcheema/src/cal.com/apps/web/.temp/dessn-component-routes/screenshots/EventDetails-61630078.png
Generated screenshot embedding for EventMetaBlock-61630078
Generated screenshot embedding for EventTitle-7c57289b
Verification progress: 34% (381/1130)
Verification progress: 34% (382/1130)
Generated screenshot embedding for EventDetails-61630078
Verification progress: 34% (383/1130)
Screenshot saved to: /Users/nimcheema/src/cal.com/apps/web/.temp/dessn-component-routes/screenshots/EventMetaSkeleton-ba26c714.png
Screenshot saved to: /Users/nimcheema/src/cal.com/apps/web/.temp/dessn-component-routes/screenshots/DataTable-86e34381.png
Generated screenshot embedding for EventMetaSkeleton-ba26c714
Generated screenshot embedding for DataTable-86e34381
Verification progress: 34% (384/1130)
Verification progress: 34% (385/1130)
Screenshot saved to: /Users/nimcheema/src/cal.com/apps/web/.temp/dessn-component-routes/screenshots/AvailableTimes-1347bea0.png
Screenshot saved to: /Users/nimcheema/src/cal.com/apps/web/.temp/dessn-component-routes/screenshots/PayIcon-18a755c9.png
Screenshot saved to: /Users/nimcheema/src/cal.com/apps/web/.temp/dessn-component-routes/screenshots/AvailableTimesSkeleton-1347bea0.png
Screenshot saved to: /Users/nimcheema/src/cal.com/apps/web/.temp/dessn-component-routes/screenshots/SeatsAvailabilityText-c28a26df.png
Screenshot saved to: /Users/nimcheema/src/cal.com/apps/web/.temp/dessn-component-routes/screenshots/EventMembers-0e80d0ea.png
Generated screenshot embedding for PayIcon-18a755c9
Generated screenshot embedding for AvailableTimes-1347bea0
Verification progress: 34% (386/1130)
Generated screenshot embedding for AvailableTimesSkeleton-1347bea0
Verification progress: 34% (387/1130)
Generated screenshot embedding for SeatsAvailabilityText-c28a26df
Generated screenshot embedding for EventMembers-0e80d0ea
Verification progress: 34% (388/1130)
Verification progress: 34% (389/1130)
Verification progress: 35% (390/1130)
Screenshot saved to: /Users/nimcheema/src/cal.com/apps/web/.temp/dessn-component-routes/screenshots/DataTableWrapper-0ce9febf.png
Generated screenshot embedding for DataTableWrapper-0ce9febf
Verification progress: 35% (391/1130)
Screenshot saved to: /Users/nimcheema/src/cal.com/apps/web/.temp/dessn-component-routes/screenshots/DateRangeFilter-d42af04a.png
Generated screenshot embedding for DateRangeFilter-d42af04a
Verification progress: 35% (392/1130)
Screenshot saved to: /Users/nimcheema/src/cal.com/apps/web/.temp/dessn-component-routes/screenshots/AvailableTimeSlots-55f2513e.png
Screenshot saved to: /Users/nimcheema/src/cal.com/apps/web/.temp/dessn-component-routes/screenshots/ComponentForField-3d514742.png
Screenshot saved to: /Users/nimcheema/src/cal.com/apps/web/.temp/dessn-component-routes/screenshots/AvailableTimesHeader-36a99c67.png
Screenshot saved to: /Users/nimcheema/src/cal.com/apps/web/.temp/dessn-component-routes/screenshots/FormBuilderField-3d514742.png
Generated screenshot embedding for FormBuilderField-3d514742
Generated screenshot embedding for ComponentForField-3d514742
Generated screenshot embedding for AvailableTimeSlots-55f2513e
Generated screenshot embedding for AvailableTimesHeader-36a99c67
Verification progress: 35% (393/1130)
Verification progress: 35% (394/1130)
Screenshot saved to: /Users/nimcheema/src/cal.com/apps/web/.temp/dessn-component-routes/screenshots/BookingFields-30f12aa6.png
Generated screenshot embedding for BookingFields-30f12aa6
Verification progress: 35% (395/1130)
Screenshot saved to: /Users/nimcheema/src/cal.com/apps/web/.temp/dessn-component-routes/screenshots/FormSkeleton-f1a08f21.png
Generated screenshot embedding for FormSkeleton-f1a08f21
Verification progress: 35% (396/1130)
Verification progress: 35% (397/1130)
Verification progress: 35% (398/1130)
Screenshot saved to: /Users/nimcheema/src/cal.com/apps/web/.temp/dessn-component-routes/screenshots/FromTime-54e352a3.png
Generated screenshot embedding for FromTime-54e352a3
Verification progress: 35% (399/1130)
Screenshot saved to: /Users/nimcheema/src/cal.com/apps/web/.temp/dessn-component-routes/screenshots/BookEventForm-c38a406a.png
Generated screenshot embedding for BookEventForm-c38a406a
Verification progress: 35% (400/1130)
Screenshot saved to: /Users/nimcheema/src/cal.com/apps/web/.temp/dessn-component-routes/screenshots/DryRunMessage-930d7f4a.png
Screenshot saved to: /Users/nimcheema/src/cal.com/apps/web/.temp/dessn-component-routes/screenshots/BookFormAsModal-3b804aef.png
Screenshot saved to: /Users/nimcheema/src/cal.com/apps/web/.temp/dessn-component-routes/screenshots/BookEventFormWrapperComponent-3b804aef.png
Generated screenshot embedding for DryRunMessage-930d7f4a
Verification progress: 35% (401/1130)
Generated screenshot embedding for BookFormAsModal-3b804aef
Verification progress: 36% (402/1130)
Generated screenshot embedding for BookEventFormWrapperComponent-3b804aef
Verification progress: 36% (403/1130)
Screenshot saved to: /Users/nimcheema/src/cal.com/apps/web/.temp/dessn-component-routes/screenshots/MultiSelectFilterOptions-bf063057.png
Screenshot saved to: /Users/nimcheema/src/cal.com/apps/web/.temp/dessn-component-routes/screenshots/HavingTroubleFindingTime-989827cc.png
Generated screenshot embedding for MultiSelectFilterOptions-bf063057
Generated screenshot embedding for HavingTroubleFindingTime-989827cc
Verification progress: 36% (404/1130)
Verification progress: 36% (405/1130)
Screenshot saved to: /Users/nimcheema/src/cal.com/apps/web/.temp/dessn-component-routes/screenshots/FilterPopover-8ce19110.png
Screenshot saved to: /Users/nimcheema/src/cal.com/apps/web/.temp/dessn-component-routes/screenshots/Header-27c92ef1.png
Generated screenshot embedding for FilterPopover-8ce19110
Generated screenshot embedding for Header-27c92ef1
Verification progress: 36% (406/1130)
Verification progress: 36% (407/1130)
Screenshot saved to: /Users/nimcheema/src/cal.com/apps/web/.temp/dessn-component-routes/screenshots/OverlayCalendarContinueModal-1d0f2870.png
Generated screenshot embedding for OverlayCalendarContinueModal-1d0f2870
Verification progress: 36% (408/1130)
Screenshot saved to: /Users/nimcheema/src/cal.com/apps/web/.temp/dessn-component-routes/screenshots/LargeCalendar-8af388ab.png
Screenshot saved to: /Users/nimcheema/src/cal.com/apps/web/.temp/dessn-component-routes/screenshots/OverlayCalendarSettingsModal-9440f370.png
Screenshot saved to: /Users/nimcheema/src/cal.com/apps/web/.temp/dessn-component-routes/screenshots/InstantBooking-3ed457b4.png
Generated screenshot embedding for LargeCalendar-8af388ab
Generated screenshot embedding for InstantBooking-3ed457b4
Verification progress: 36% (409/1130)
Generated screenshot embedding for OverlayCalendarSettingsModal-9440f370
Verification progress: 36% (410/1130)
Verification progress: 36% (411/1130)
Screenshot saved to: /Users/nimcheema/src/cal.com/apps/web/.temp/dessn-component-routes/screenshots/TimeFormatToggle-1f074389.png
Screenshot saved to: /Users/nimcheema/src/cal.com/apps/web/.temp/dessn-component-routes/screenshots/OverlayCalendarSwitch-53845668.png
Generated screenshot embedding for TimeFormatToggle-1f074389
Generated screenshot embedding for OverlayCalendarSwitch-53845668
Verification progress: 36% (412/1130)
Verification progress: 37% (413/1130)
Screenshot saved to: /Users/nimcheema/src/cal.com/apps/web/.temp/dessn-component-routes/screenshots/NotFound-e682df8a.png
Screenshot saved to: /Users/nimcheema/src/cal.com/apps/web/.temp/dessn-component-routes/screenshots/Away-e682df8a.png
Generated screenshot embedding for NotFound-e682df8a
Generated screenshot embedding for Away-e682df8a
Verification progress: 37% (414/1130)
Verification progress: 37% (415/1130)
Screenshot saved to: /Users/nimcheema/src/cal.com/apps/web/.temp/dessn-component-routes/screenshots/RedirectToInstantMeetingModal-744aa4bb.png
Screenshot saved to: /Users/nimcheema/src/cal.com/apps/web/.temp/dessn-component-routes/screenshots/TurnstileWidget-fd83ba7c.png
Generated screenshot embedding for RedirectToInstantMeetingModal-744aa4bb
Verification progress: 37% (416/1130)
Generated screenshot embedding for TurnstileWidget-fd83ba7c
Verification progress: 37% (417/1130)
Screenshot saved to: /Users/nimcheema/src/cal.com/apps/web/.temp/dessn-component-routes/screenshots/FromToTime-54e352a3.png
Screenshot saved to: /Users/nimcheema/src/cal.com/apps/web/.temp/dessn-component-routes/screenshots/AtomsWrapper-fe82483b.png
Screenshot saved to: /Users/nimcheema/src/cal.com/apps/web/.temp/dessn-component-routes/screenshots/BookerWebWrapper-c29ce3ed.png
Screenshot saved to: /Users/nimcheema/src/cal.com/apps/web/.temp/dessn-component-routes/screenshots/OverlayCalendar-d4483b05.png
Generated screenshot embedding for FromToTime-54e352a3
Generated screenshot embedding for AtomsWrapper-fe82483b
Generated screenshot embedding for BookerWebWrapper-c29ce3ed
Generated screenshot embedding for OverlayCalendar-d4483b05
Verification progress: 37% (418/1130)
Verification progress: 37% (419/1130)
Verification progress: 37% (420/1130)
Verification progress: 37% (421/1130)
Screenshot saved to: /Users/nimcheema/src/cal.com/apps/web/.temp/dessn-component-routes/screenshots/ToastProvider-cd4ba3bb.png
Generated screenshot embedding for ToastProvider-cd4ba3bb
Verification progress: 37% (422/1130)
Screenshot saved to: /Users/nimcheema/src/cal.com/apps/web/.temp/dessn-component-routes/screenshots/BookerSection-f8cab7dd.png
Generated screenshot embedding for BookerSection-f8cab7dd
Verification progress: 37% (423/1130)
Screenshot saved to: /Users/nimcheema/src/cal.com/apps/web/.temp/dessn-component-routes/screenshots/PoweredByCal-9c83213a.png
Generated screenshot embedding for PoweredByCal-9c83213a
Verification progress: 38% (424/1130)
Screenshot saved to: /Users/nimcheema/src/cal.com/apps/web/.temp/dessn-component-routes/screenshots/ToastClose-cd4ba3bb.png
Screenshot saved to: /Users/nimcheema/src/cal.com/apps/web/.temp/dessn-component-routes/screenshots/DatePicker-7886dc1a.png
Generated screenshot embedding for ToastClose-cd4ba3bb
Generated screenshot embedding for DatePicker-7886dc1a
Verification progress: 38% (425/1130)
Verification progress: 38% (426/1130)
Screenshot saved to: /Users/nimcheema/src/cal.com/apps/web/.temp/dessn-component-routes/screenshots/ToastDescription-cd4ba3bb.png
Generated screenshot embedding for ToastDescription-cd4ba3bb
Verification progress: 38% (427/1130)
Screenshot saved to: /Users/nimcheema/src/cal.com/apps/web/.temp/dessn-component-routes/screenshots/CalProvider-8d1ef571.png
Generated screenshot embedding for CalProvider-8d1ef571
Verification progress: 38% (428/1130)
Screenshot saved to: /Users/nimcheema/src/cal.com/apps/web/.temp/dessn-component-routes/screenshots/ToastTitle-cd4ba3bb.png
Generated screenshot embedding for ToastTitle-cd4ba3bb
Verification progress: 38% (429/1130)
Screenshot saved to: /Users/nimcheema/src/cal.com/apps/web/.temp/dessn-component-routes/screenshots/EventMeta-93339795.png
Generated screenshot embedding for EventMeta-93339795
Verification progress: 38% (430/1130)
Screenshot saved to: /Users/nimcheema/src/cal.com/apps/web/.temp/dessn-component-routes/screenshots/Dialog-3556910a.png
Generated screenshot embedding for Dialog-3556910a
Verification progress: 38% (431/1130)
Screenshot saved to: /Users/nimcheema/src/cal.com/apps/web/.temp/dessn-component-routes/screenshots/DialogTrigger-3556910a.png
Screenshot saved to: /Users/nimcheema/src/cal.com/apps/web/.temp/dessn-component-routes/screenshots/DialogClose-3556910a.png
Generated screenshot embedding for DialogTrigger-3556910a
Verification progress: 38% (432/1130)
Generated screenshot embedding for DialogClose-3556910a
Verification progress: 38% (433/1130)
Screenshot saved to: /Users/nimcheema/src/cal.com/apps/web/.temp/dessn-component-routes/screenshots/ToastViewport-cd4ba3bb.png
Screenshot saved to: /Users/nimcheema/src/cal.com/apps/web/.temp/dessn-component-routes/screenshots/Toaster-eb102044.png
Screenshot saved to: /Users/nimcheema/src/cal.com/apps/web/.temp/dessn-component-routes/screenshots/BaseCalProvider-c4d283ee.png
Generated screenshot embedding for ToastViewport-cd4ba3bb
Generated screenshot embedding for Toaster-eb102044
Verification progress: 38% (434/1130)
Verification progress: 38% (435/1130)
Generated screenshot embedding for BaseCalProvider-c4d283ee
Verification progress: 39% (436/1130)
Screenshot saved to: /Users/nimcheema/src/cal.com/apps/web/.temp/dessn-component-routes/screenshots/DialogHeader-3556910a.png
Generated screenshot embedding for DialogHeader-3556910a
Verification progress: 39% (437/1130)
Screenshot saved to: /Users/nimcheema/src/cal.com/apps/web/.temp/dessn-component-routes/screenshots/DialogFooter-3556910a.png
Screenshot saved to: /Users/nimcheema/src/cal.com/apps/web/.temp/dessn-component-routes/screenshots/DialogPortal-3556910a.png
Generated screenshot embedding for DialogFooter-3556910a
Generated screenshot embedding for DialogPortal-3556910a
Verification progress: 39% (438/1130)
Verification progress: 39% (439/1130)
Screenshot saved to: /Users/nimcheema/src/cal.com/apps/web/.temp/dessn-component-routes/screenshots/DisconnectIntegration-61a58dce.png
Generated screenshot embedding for DisconnectIntegration-61a58dce
Verification progress: 39% (440/1130)
Screenshot saved to: /Users/nimcheema/src/cal.com/apps/web/.temp/dessn-component-routes/screenshots/DialogOverlay-3556910a.png
Generated screenshot embedding for DialogOverlay-3556910a
Screenshot saved to: /Users/nimcheema/src/cal.com/apps/web/.temp/dessn-component-routes/screenshots/DialogContent-3556910a.png
Verification progress: 39% (441/1130)
Generated screenshot embedding for DialogContent-3556910a
Verification progress: 39% (442/1130)
Error verifying SingleSelectFilterOptions-96fa6e40: Recursion limit of 50 reached without hitting a stop condition. You can increase the limit by setting the "recursionLimit" config key.

Troubleshooting URL: https://js.langchain.com/docs/troubleshooting/errors/GRAPH_RECURSION_LIMIT/

Verification progress: 39% (443/1130)
Screenshot saved to: /Users/nimcheema/src/cal.com/apps/web/.temp/dessn-component-routes/screenshots/DialogTitle-3556910a.png
Generated screenshot embedding for DialogTitle-3556910a
Verification progress: 39% (444/1130)
Screenshot saved to: /Users/nimcheema/src/cal.com/apps/web/.temp/dessn-component-routes/screenshots/QueryCell-18bd2b83.png
Screenshot saved to: /Users/nimcheema/src/cal.com/apps/web/.temp/dessn-component-routes/screenshots/Toast-cd4ba3bb.png
Generated screenshot embedding for QueryCell-18bd2b83
Verification progress: 39% (445/1130)
Generated screenshot embedding for Toast-cd4ba3bb
Verification progress: 39% (446/1130)
Screenshot saved to: /Users/nimcheema/src/cal.com/apps/web/.temp/dessn-component-routes/screenshots/QueryCell-18bd2b83.png
Screenshot saved to: /Users/nimcheema/src/cal.com/apps/web/.temp/dessn-component-routes/screenshots/QueryCell-18bd2b83.png
Generated screenshot embedding for QueryCell-18bd2b83
Generated screenshot embedding for QueryCell-18bd2b83
Verification progress: 40% (447/1130)
Verification progress: 40% (448/1130)
Screenshot saved to: /Users/nimcheema/src/cal.com/apps/web/.temp/dessn-component-routes/screenshots/DialogDescription-3556910a.png
Screenshot saved to: /Users/nimcheema/src/cal.com/apps/web/.temp/dessn-component-routes/screenshots/Timezone-75f85dbf.png
Screenshot saved to: /Users/nimcheema/src/cal.com/apps/web/.temp/dessn-component-routes/screenshots/SelectedCalendarsSettings-661332e5.png
Screenshot saved to: /Users/nimcheema/src/cal.com/apps/web/.temp/dessn-component-routes/screenshots/AdditionalCalendarSelector-eb06ac95.png
Generated screenshot embedding for Timezone-75f85dbf
Generated screenshot embedding for SelectedCalendarsSettings-661332e5
Generated screenshot embedding for DialogDescription-3556910a
Verification progress: 40% (449/1130)
Verification progress: 40% (450/1130)
Verification progress: 40% (451/1130)
Generated screenshot embedding for AdditionalCalendarSelector-eb06ac95
Verification progress: 40% (452/1130)
Screenshot saved to: /Users/nimcheema/src/cal.com/apps/web/.temp/dessn-component-routes/screenshots/ToastAction-cd4ba3bb.png
Generated screenshot embedding for ToastAction-cd4ba3bb
Verification progress: 40% (453/1130)
Screenshot saved to: /Users/nimcheema/src/cal.com/apps/web/.temp/dessn-component-routes/screenshots/SelectedCalendarsSettingsWebWrapper-3f8e6fb9.png
Screenshot saved to: /Users/nimcheema/src/cal.com/apps/web/.temp/dessn-component-routes/screenshots/SelectedCalendarsSettingsWebWrapperSkeleton-3f8e6fb9.png
Generated screenshot embedding for SelectedCalendarsSettingsWebWrapper-3f8e6fb9
Generated screenshot embedding for SelectedCalendarsSettingsWebWrapperSkeleton-3f8e6fb9
Verification progress: 40% (454/1130)
Verification progress: 40% (455/1130)
Screenshot saved to: /Users/nimcheema/src/cal.com/apps/web/.temp/dessn-component-routes/screenshots/ChildrenEventTypeSelect-8df00efe.png
Screenshot saved to: /Users/nimcheema/src/cal.com/apps/web/.temp/dessn-component-routes/screenshots/DestinationCalendarSelector-6a3cf067.png
Screenshot saved to: /Users/nimcheema/src/cal.com/apps/web/.temp/dessn-component-routes/screenshots/DestinationCalendarSelector-13916a22.png
Generated screenshot embedding for DestinationCalendarSelector-13916a22
Generated screenshot embedding for DestinationCalendarSelector-6a3cf067
Verification progress: 40% (456/1130)
Verification progress: 40% (457/1130)
Generated screenshot embedding for ChildrenEventTypeSelect-8df00efe
Verification progress: 41% (458/1130)
Screenshot saved to: /Users/nimcheema/src/cal.com/apps/web/.temp/dessn-component-routes/screenshots/DestinationCalendarSettings-f980c133.png
Screenshot saved to: /Users/nimcheema/src/cal.com/apps/web/.temp/dessn-component-routes/screenshots/BulkEditDefaultForEventsModal-b76848d9.png
Screenshot saved to: /Users/nimcheema/src/cal.com/apps/web/.temp/dessn-component-routes/screenshots/KBarRoot-56f2316f.png
Generated screenshot embedding for DestinationCalendarSettings-f980c133
Generated screenshot embedding for BulkEditDefaultForEventsModal-b76848d9
Verification progress: 41% (459/1130)
Verification progress: 41% (460/1130)
Generated screenshot embedding for KBarRoot-56f2316f
Screenshot saved to: /Users/nimcheema/src/cal.com/apps/web/.temp/dessn-component-routes/screenshots/KBarContent-56f2316f.png
Verification progress: 41% (461/1130)
Screenshot saved to: /Users/nimcheema/src/cal.com/apps/web/.temp/dessn-component-routes/screenshots/KBarTrigger-56f2316f.png
Generated screenshot embedding for KBarTrigger-56f2316f
Generated screenshot embedding for KBarContent-56f2316f
Verification progress: 41% (462/1130)
Verification progress: 41% (463/1130)
Screenshot saved to: /Users/nimcheema/src/cal.com/apps/web/.temp/dessn-component-routes/screenshots/OptionComponent-13916a22.png
Generated screenshot embedding for OptionComponent-13916a22
Verification progress: 41% (464/1130)
Screenshot saved to: /Users/nimcheema/src/cal.com/apps/web/.temp/dessn-component-routes/screenshots/NavigationItem-be636c36.png
Screenshot saved to: /Users/nimcheema/src/cal.com/apps/web/.temp/dessn-component-routes/screenshots/MobileNavigationMoreItem-be636c36.png
Screenshot saved to: /Users/nimcheema/src/cal.com/apps/web/.temp/dessn-component-routes/screenshots/MobileNavigationItem-be636c36.png
Screenshot saved to: /Users/nimcheema/src/cal.com/apps/web/.temp/dessn-component-routes/screenshots/DestinationCalendarSettingsWebWrapper-4e913c02.png
Generated screenshot embedding for NavigationItem-be636c36
Verification progress: 41% (465/1130)
Generated screenshot embedding for MobileNavigationMoreItem-be636c36
Generated screenshot embedding for MobileNavigationItem-be636c36
Verification progress: 41% (466/1130)
Verification progress: 41% (467/1130)
Generated screenshot embedding for DestinationCalendarSettingsWebWrapper-4e913c02
Verification progress: 41% (468/1130)
Screenshot saved to: /Users/nimcheema/src/cal.com/apps/web/.temp/dessn-component-routes/screenshots/ProfileDropdown-c4c3927c.png
Screenshot saved to: /Users/nimcheema/src/cal.com/apps/web/.temp/dessn-component-routes/screenshots/MobileNavigationContainer-8d6d220e.png
Generated screenshot embedding for ProfileDropdown-c4c3927c
Generated screenshot embedding for MobileNavigationContainer-8d6d220e
Verification progress: 42% (469/1130)
Verification progress: 42% (470/1130)
Screenshot saved to: /Users/nimcheema/src/cal.com/apps/web/.temp/dessn-component-routes/screenshots/FreshChatProvider-53091f5b.png
Screenshot saved to: /Users/nimcheema/src/cal.com/apps/web/.temp/dessn-component-routes/screenshots/TeamInviteBadge-0885630d.png
Generated screenshot embedding for FreshChatProvider-53091f5b
Verification progress: 42% (471/1130)
Generated screenshot embedding for TeamInviteBadge-0885630d
Verification progress: 42% (472/1130)
Screenshot saved to: /Users/nimcheema/src/cal.com/apps/web/.temp/dessn-component-routes/screenshots/UserDropdown-a94d1c45.png
Generated screenshot embedding for UserDropdown-a94d1c45
Verification progress: 42% (473/1130)
Screenshot saved to: /Users/nimcheema/src/cal.com/apps/web/.temp/dessn-component-routes/screenshots/SideBarContainer-bdf69862.png
Generated screenshot embedding for SideBarContainer-bdf69862
Verification progress: 42% (474/1130)
Screenshot saved to: /Users/nimcheema/src/cal.com/apps/web/.temp/dessn-component-routes/screenshots/UpgradeTip-d758d3fa.png
Generated screenshot embedding for UpgradeTip-d758d3fa
Verification progress: 42% (475/1130)
Screenshot saved to: /Users/nimcheema/src/cal.com/apps/web/.temp/dessn-component-routes/screenshots/TopNavContainer-9354447d.png
Generated screenshot embedding for TopNavContainer-9354447d
Verification progress: 42% (476/1130)
Screenshot saved to: /Users/nimcheema/src/cal.com/apps/web/.temp/dessn-component-routes/screenshots/ImpersonatingBanner-67020f6e.png
Generated screenshot embedding for ImpersonatingBanner-67020f6e
Verification progress: 42% (477/1130)
Screenshot saved to: /Users/nimcheema/src/cal.com/apps/web/.temp/dessn-component-routes/screenshots/UnconfirmedBookingBadge-2f0a39ed.png
Generated screenshot embedding for UnconfirmedBookingBadge-2f0a39ed
Verification progress: 42% (478/1130)
Screenshot saved to: /Users/nimcheema/src/cal.com/apps/web/.temp/dessn-component-routes/screenshots/OrgUpgradeBanner-aca54486.png
Generated screenshot embedding for OrgUpgradeBanner-aca54486
Verification progress: 42% (479/1130)
Screenshot saved to: /Users/nimcheema/src/cal.com/apps/web/.temp/dessn-component-routes/screenshots/SkeletonLoaderTeamList-784c5484.png
Generated screenshot embedding for SkeletonLoaderTeamList-784c5484
Verification progress: 42% (480/1130)
Screenshot saved to: /Users/nimcheema/src/cal.com/apps/web/.temp/dessn-component-routes/screenshots/InviteLinkSettingsModal-abc1ef43.png
Generated screenshot embedding for InviteLinkSettingsModal-abc1ef43
Verification progress: 43% (481/1130)
Screenshot saved to: /Users/nimcheema/src/cal.com/apps/web/.temp/dessn-component-routes/screenshots/TeamInviteFromOrg-b400d552.png
Generated screenshot embedding for TeamInviteFromOrg-b400d552
Verification progress: 43% (482/1130)
Screenshot saved to: /Users/nimcheema/src/cal.com/apps/web/.temp/dessn-component-routes/screenshots/GoogleWorkspaceInviteButton-ec2b0143.png
Screenshot saved to: /Users/nimcheema/src/cal.com/apps/web/.temp/dessn-component-routes/screenshots/FreshChatScript-5cd72cc1.png
Generated screenshot embedding for GoogleWorkspaceInviteButton-ec2b0143
Verification progress: 43% (483/1130)
Generated screenshot embedding for FreshChatScript-5cd72cc1
Verification progress: 43% (484/1130)
Screenshot saved to: /Users/nimcheema/src/cal.com/apps/web/.temp/dessn-component-routes/screenshots/Navigation-8d6d220e.png
Generated screenshot embedding for Navigation-8d6d220e
Verification progress: 43% (485/1130)
Screenshot saved to: /Users/nimcheema/src/cal.com/apps/web/.temp/dessn-component-routes/screenshots/SingleValueComponent-13916a22.png
Generated screenshot embedding for SingleValueComponent-13916a22
Verification progress: 43% (486/1130)
Screenshot saved to: /Users/nimcheema/src/cal.com/apps/web/.temp/dessn-component-routes/screenshots/CreateANewTeamForm-2ffddbc5.png
Generated screenshot embedding for CreateANewTeamForm-2ffddbc5
Verification progress: 43% (487/1130)
Screenshot saved to: /Users/nimcheema/src/cal.com/apps/web/.temp/dessn-component-routes/screenshots/MemberInvitationModalWithoutMembers-f8e9969c.png
Screenshot saved to: /Users/nimcheema/src/cal.com/apps/web/.temp/dessn-component-routes/screenshots/MemberInvitationModal-f8e9969c.png
Generated screenshot embedding for MemberInvitationModalWithoutMembers-f8e9969c
Generated screenshot embedding for MemberInvitationModal-f8e9969c
Verification progress: 43% (488/1130)
Verification progress: 43% (489/1130)
Screenshot saved to: /Users/nimcheema/src/cal.com/apps/web/.temp/dessn-component-routes/screenshots/TeamList-16a7d460.png
Screenshot saved to: /Users/nimcheema/src/cal.com/apps/web/.temp/dessn-component-routes/screenshots/TeamListItem-b3cb7590.png
Screenshot saved to: /Users/nimcheema/src/cal.com/apps/web/.temp/dessn-component-routes/screenshots/TimezoneChangeDialog-f10025f3.png
Generated screenshot embedding for TeamList-16a7d460
Generated screenshot embedding for TeamListItem-b3cb7590
Verification progress: 43% (490/1130)
Verification progress: 43% (491/1130)
Generated screenshot embedding for TimezoneChangeDialog-f10025f3
Verification progress: 44% (492/1130)
Screenshot saved to: /Users/nimcheema/src/cal.com/apps/web/.temp/dessn-component-routes/screenshots/AdminPasswordBanner-2ca1d9a8.png
Screenshot saved to: /Users/nimcheema/src/cal.com/apps/web/.temp/dessn-component-routes/screenshots/TeamsUpgradeBanner-74244134.png
Generated screenshot embedding for AdminPasswordBanner-2ca1d9a8
Generated screenshot embedding for TeamsUpgradeBanner-74244134
Verification progress: 44% (493/1130)
Verification progress: 44% (494/1130)
Screenshot saved to: /Users/nimcheema/src/cal.com/apps/web/.temp/dessn-component-routes/screenshots/CalendarCredentialBanner-f8ebdf66.png
Generated screenshot embedding for CalendarCredentialBanner-f8ebdf66
Verification progress: 44% (495/1130)
Screenshot saved to: /Users/nimcheema/src/cal.com/apps/web/.temp/dessn-component-routes/screenshots/TeamPill-d26dc51a.png
Screenshot saved to: /Users/nimcheema/src/cal.com/apps/web/.temp/dessn-component-routes/screenshots/TeamRole-d26dc51a.png
Generated screenshot embedding for TeamRole-d26dc51a
Verification progress: 44% (496/1130)
Generated screenshot embedding for TeamPill-d26dc51a
Verification progress: 44% (497/1130)
Screenshot saved to: /Users/nimcheema/src/cal.com/apps/web/.temp/dessn-component-routes/screenshots/ShellMain-fe9d1fd2.png
Generated screenshot embedding for ShellMain-fe9d1fd2
Verification progress: 44% (498/1130)
Screenshot saved to: /Users/nimcheema/src/cal.com/apps/web/.temp/dessn-component-routes/screenshots/Shell-fe9d1fd2.png
Generated screenshot embedding for Shell-fe9d1fd2
Verification progress: 44% (499/1130)
Screenshot saved to: /Users/nimcheema/src/cal.com/apps/web/.temp/dessn-component-routes/screenshots/Shell-1851bb15.png
Generated screenshot embedding for Shell-1851bb15
Verification progress: 44% (500/1130)
Screenshot saved to: /Users/nimcheema/src/cal.com/apps/web/.temp/dessn-component-routes/screenshots/TeamsListing-3142f4cc.png
Generated screenshot embedding for TeamsListing-3142f4cc
Screenshot saved to: /Users/nimcheema/src/cal.com/apps/web/.temp/dessn-component-routes/screenshots/AvailabilitySettings-36a02cae.png
Generated screenshot embedding for AvailabilitySettings-36a02cae
Verification progress: 44% (501/1130)
Verification progress: 44% (502/1130)
Screenshot saved to: /Users/nimcheema/src/cal.com/apps/web/.temp/dessn-component-routes/screenshots/VerifyEmailBanner-cb67450a.png
Generated screenshot embedding for VerifyEmailBanner-cb67450a
Verification progress: 45% (503/1130)
Screenshot saved to: /Users/nimcheema/src/cal.com/apps/web/.temp/dessn-component-routes/screenshots/AvailabilitySettingsPlatformWrapper-758a9e94.png
Generated screenshot embedding for AvailabilitySettingsPlatformWrapper-758a9e94
Verification progress: 45% (504/1130)
Screenshot saved to: /Users/nimcheema/src/cal.com/apps/web/.temp/dessn-component-routes/screenshots/useEmbedTypes-0d98799f.png
Screenshot saved to: /Users/nimcheema/src/cal.com/apps/web/.temp/dessn-component-routes/screenshots/EmbedDialogProvider-4025390e.png
Generated screenshot embedding for useEmbedTypes-0d98799f
Verification progress: 45% (505/1130)
Generated screenshot embedding for EmbedDialogProvider-4025390e
Verification progress: 45% (506/1130)
Screenshot saved to: /Users/nimcheema/src/cal.com/apps/web/.temp/dessn-component-routes/screenshots/EmbedButton-dfe251be.png
Screenshot saved to: /Users/nimcheema/src/cal.com/apps/web/.temp/dessn-component-routes/screenshots/EmbedDialog-dfe251be.png
Generated screenshot embedding for EmbedButton-dfe251be
Generated screenshot embedding for EmbedDialog-dfe251be
Verification progress: 45% (507/1130)
Verification progress: 45% (508/1130)
Screenshot saved to: /Users/nimcheema/src/cal.com/apps/web/.temp/dessn-component-routes/screenshots/MobileNavigationMoreItems-8d6d220e.png
Generated screenshot embedding for MobileNavigationMoreItems-8d6d220e
Verification progress: 45% (509/1130)
Screenshot saved to: /Users/nimcheema/src/cal.com/apps/web/.temp/dessn-component-routes/screenshots/EventTypeEmbedButton-570f8f7e.png
Screenshot saved to: /Users/nimcheema/src/cal.com/apps/web/.temp/dessn-component-routes/screenshots/LockedIndicator-40a865c1.png
Generated screenshot embedding for EventTypeEmbedButton-570f8f7e
Generated screenshot embedding for LockedIndicator-40a865c1
Verification progress: 45% (510/1130)
Verification progress: 45% (511/1130)
Screenshot saved to: /Users/nimcheema/src/cal.com/apps/web/.temp/dessn-component-routes/screenshots/DeleteDialog-048e6439.png
Generated screenshot embedding for DeleteDialog-048e6439
Verification progress: 45% (512/1130)
Screenshot saved to: /Users/nimcheema/src/cal.com/apps/web/.temp/dessn-component-routes/screenshots/LockedSwitch-40a865c1.png
Generated screenshot embedding for LockedSwitch-40a865c1
Verification progress: 45% (513/1130)
Screenshot saved to: /Users/nimcheema/src/cal.com/apps/web/.temp/dessn-component-routes/screenshots/EventTypeSingleLayout-1a837e5c.png
Generated screenshot embedding for EventTypeSingleLayout-1a837e5c
Verification progress: 45% (514/1130)
Screenshot saved to: /Users/nimcheema/src/cal.com/apps/web/.temp/dessn-component-routes/screenshots/tabs-812f5980.png
Generated screenshot embedding for tabs-812f5980
Verification progress: 46% (515/1130)
Screenshot saved to: /Users/nimcheema/src/cal.com/apps/web/.temp/dessn-component-routes/screenshots/EventTypeEmbedDialog-570f8f7e.png
Generated screenshot embedding for EventTypeEmbedDialog-570f8f7e
Verification progress: 46% (516/1130)
Screenshot saved to: /Users/nimcheema/src/cal.com/apps/web/.temp/dessn-component-routes/screenshots/ManagedEventDialog-fdc1b89e.png
Generated screenshot embedding for ManagedEventDialog-fdc1b89e
Verification progress: 46% (517/1130)
Screenshot saved to: /Users/nimcheema/src/cal.com/apps/web/.temp/dessn-component-routes/screenshots/AssignmentWarningDialog-bcb7422e.png
Generated screenshot embedding for AssignmentWarningDialog-bcb7422e
Verification progress: 46% (518/1130)
Screenshot saved to: /Users/nimcheema/src/cal.com/apps/web/.temp/dessn-component-routes/screenshots/useLockedFieldsManager-40a865c1.png
Generated screenshot embedding for useLockedFieldsManager-40a865c1
Verification progress: 46% (519/1130)
Screenshot saved to: /Users/nimcheema/src/cal.com/apps/web/.temp/dessn-component-routes/screenshots/CheckboxField-c8ff2385.png
Generated screenshot embedding for CheckboxField-c8ff2385
Verification progress: 46% (520/1130)
Screenshot saved to: /Users/nimcheema/src/cal.com/apps/web/.temp/dessn-component-routes/screenshots/PriorityDialog-1e42caa5.png
Screenshot saved to: /Users/nimcheema/src/cal.com/apps/web/.temp/dessn-component-routes/screenshots/LocationSelect-e30dfec2.png
Generated screenshot embedding for LocationSelect-e30dfec2
Generated screenshot embedding for PriorityDialog-1e42caa5
Verification progress: 46% (521/1130)
Verification progress: 46% (522/1130)
Screenshot saved to: /Users/nimcheema/src/cal.com/apps/web/.temp/dessn-component-routes/screenshots/EventSetupTab-e39eb720.png
Screenshot saved to: /Users/nimcheema/src/cal.com/apps/web/.temp/dessn-component-routes/screenshots/WeightDialog-1e42caa5.png
Screenshot saved to: /Users/nimcheema/src/cal.com/apps/web/.temp/dessn-component-routes/screenshots/EventType-d389b771.png
Screenshot saved to: /Users/nimcheema/src/cal.com/apps/web/.temp/dessn-component-routes/screenshots/Locations-48939af0.png
Screenshot saved to: /Users/nimcheema/src/cal.com/apps/web/.temp/dessn-component-routes/screenshots/SideBar-bdf69862.png
Screenshot saved to: /Users/nimcheema/src/cal.com/apps/web/.temp/dessn-component-routes/screenshots/CheckedTeamSelect-9c54e087.png
Generated screenshot embedding for EventSetupTab-e39eb720
Generated screenshot embedding for WeightDialog-1e42caa5
Generated screenshot embedding for Locations-48939af0
Verification progress: 46% (523/1130)
Verification progress: 46% (524/1130)
Verification progress: 46% (525/1130)
Generated screenshot embedding for EventType-d389b771
Generated screenshot embedding for SideBar-bdf69862
Generated screenshot embedding for CheckedTeamSelect-9c54e087
Verification progress: 47% (526/1130)
Verification progress: 47% (527/1130)
Verification progress: 47% (528/1130)
Screenshot saved to: /Users/nimcheema/src/cal.com/apps/web/.temp/dessn-component-routes/screenshots/SkeletonLoader-53b46915.png
Generated screenshot embedding for SkeletonLoader-53b46915
Verification progress: 47% (529/1130)
Screenshot saved to: /Users/nimcheema/src/cal.com/apps/web/.temp/dessn-component-routes/screenshots/Spinner-5112c619.png
Generated screenshot embedding for Spinner-5112c619
Verification progress: 47% (530/1130)
Screenshot saved to: /Users/nimcheema/src/cal.com/apps/web/.temp/dessn-component-routes/screenshots/AddMembersWithSwitch-9a2b037e.png
Screenshot saved to: /Users/nimcheema/src/cal.com/apps/web/.temp/dessn-component-routes/screenshots/AssignAllTeamMembers-f281984c.png
Screenshot saved to: /Users/nimcheema/src/cal.com/apps/web/.temp/dessn-component-routes/screenshots/Segment-ea376725.png
Screenshot saved to: /Users/nimcheema/src/cal.com/apps/web/.temp/dessn-component-routes/screenshots/SelectSkeletonLoader-53b46915.png
Generated screenshot embedding for AssignAllTeamMembers-f281984c
Generated screenshot embedding for Segment-ea376725
Generated screenshot embedding for SelectSkeletonLoader-53b46915
Verification progress: 47% (531/1130)
Verification progress: 47% (532/1130)
Verification progress: 47% (533/1130)
Generated screenshot embedding for AddMembersWithSwitch-9a2b037e
Verification progress: 47% (534/1130)
Screenshot saved to: /Users/nimcheema/src/cal.com/apps/web/.temp/dessn-component-routes/screenshots/AddMembersWithSwitchWrapper-9a2b037e.png
Generated screenshot embedding for AddMembersWithSwitchWrapper-9a2b037e
Verification progress: 47% (535/1130)
Screenshot saved to: /Users/nimcheema/src/cal.com/apps/web/.temp/dessn-component-routes/screenshots/EditWeightsForAllTeamMembers-dfb48519.png
Generated screenshot embedding for EditWeightsForAllTeamMembers-dfb48519
Verification progress: 47% (536/1130)
Screenshot saved to: /Users/nimcheema/src/cal.com/apps/web/.temp/dessn-component-routes/screenshots/EventLimitsTab-99b7ab66.png
Generated screenshot embedding for EventLimitsTab-99b7ab66
Verification progress: 48% (537/1130)
Screenshot saved to: /Users/nimcheema/src/cal.com/apps/web/.temp/dessn-component-routes/screenshots/EventAvailabilityTab-efa67857.png
Generated screenshot embedding for EventAvailabilityTab-efa67857
Verification progress: 48% (538/1130)
Screenshot saved to: /Users/nimcheema/src/cal.com/apps/web/.temp/dessn-component-routes/screenshots/TeamEventTypeForm-265a98d7.png
Generated screenshot embedding for TeamEventTypeForm-265a98d7
Verification progress: 48% (539/1130)
Screenshot saved to: /Users/nimcheema/src/cal.com/apps/web/.temp/dessn-component-routes/screenshots/CreateEventTypeForm-6ff803df.png
Generated screenshot embedding for CreateEventTypeForm-6ff803df
Verification progress: 48% (540/1130)
Screenshot saved to: /Users/nimcheema/src/cal.com/apps/web/.temp/dessn-component-routes/screenshots/EventLimitsTabWebWrapper-b3408be0.png
Screenshot saved to: /Users/nimcheema/src/cal.com/apps/web/.temp/dessn-component-routes/screenshots/IntervalLimitsManager-99b7ab66.png
Screenshot saved to: /Users/nimcheema/src/cal.com/apps/web/.temp/dessn-component-routes/screenshots/EventAvailabilityTabWebWrapper-cb006584.png
Generated screenshot embedding for EventLimitsTabWebWrapper-b3408be0
Generated screenshot embedding for IntervalLimitsManager-99b7ab66
Verification progress: 48% (541/1130)
Generated screenshot embedding for EventAvailabilityTabWebWrapper-cb006584
Verification progress: 48% (542/1130)
Screenshot saved to: /Users/nimcheema/src/cal.com/apps/web/.temp/dessn-component-routes/screenshots/EventTeamAssignmentTab-5f2c2dfb.png
Verification progress: 48% (543/1130)
Generated screenshot embedding for EventTeamAssignmentTab-5f2c2dfb
Verification progress: 48% (544/1130)
Screenshot saved to: /Users/nimcheema/src/cal.com/apps/web/.temp/dessn-component-routes/screenshots/MultiplePrivateLinksController-c7c23002.png
Generated screenshot embedding for MultiplePrivateLinksController-c7c23002
Verification progress: 48% (545/1130)
Screenshot saved to: /Users/nimcheema/src/cal.com/apps/web/.temp/dessn-component-routes/screenshots/EventTypeDescription-65b6efbd.png
Generated screenshot embedding for EventTypeDescription-65b6efbd
Verification progress: 48% (546/1130)
Screenshot saved to: /Users/nimcheema/src/cal.com/apps/web/.temp/dessn-component-routes/screenshots/SectionBottomActions-7120eb32.png
Generated screenshot embedding for SectionBottomActions-7120eb32
Verification progress: 48% (547/1130)
Screenshot saved to: /Users/nimcheema/src/cal.com/apps/web/.temp/dessn-component-routes/screenshots/BookerLayoutSelector-58588afa.png
Generated screenshot embedding for BookerLayoutSelector-58588afa
Verification progress: 48% (548/1130)
Screenshot saved to: /Users/nimcheema/src/cal.com/apps/web/.temp/dessn-component-routes/screenshots/CustomEventTypeModal-a9032116.png
Screenshot saved to: /Users/nimcheema/src/cal.com/apps/web/.temp/dessn-component-routes/screenshots/DisableAllEmailsSetting-43e2eefc.png
Generated screenshot embedding for DisableAllEmailsSetting-43e2eefc
Generated screenshot embedding for CustomEventTypeModal-a9032116
Verification progress: 49% (549/1130)
Verification progress: 49% (550/1130)
Screenshot saved to: /Users/nimcheema/src/cal.com/apps/web/.temp/dessn-component-routes/screenshots/RequiresConfirmationController-c37a5298.png
Screenshot saved to: /Users/nimcheema/src/cal.com/apps/web/.temp/dessn-component-routes/screenshots/FormBuilder-0c9dd3e7.png
Generated screenshot embedding for RequiresConfirmationController-c37a5298
Generated screenshot embedding for FormBuilder-0c9dd3e7
Verification progress: 49% (551/1130)
Verification progress: 49% (552/1130)
Screenshot saved to: /Users/nimcheema/src/cal.com/apps/web/.temp/dessn-component-routes/screenshots/TimeTimeUnitInput-20d6e900.png
Screenshot saved to: /Users/nimcheema/src/cal.com/apps/web/.temp/dessn-component-routes/screenshots/WebhookForm-f38e24c5.png
Generated screenshot embedding for TimeTimeUnitInput-20d6e900
Verification progress: 49% (553/1130)
Generated screenshot embedding for WebhookForm-f38e24c5
Verification progress: 49% (554/1130)
Screenshot saved to: /Users/nimcheema/src/cal.com/apps/web/.temp/dessn-component-routes/screenshots/WebhookListItem-c3f17413.png
Screenshot saved to: /Users/nimcheema/src/cal.com/apps/web/.temp/dessn-component-routes/screenshots/WebhookListItemSkeleton-93e6f11a.png
Generated screenshot embedding for WebhookListItem-c3f17413
Generated screenshot embedding for WebhookListItemSkeleton-93e6f11a
Verification progress: 49% (555/1130)
Verification progress: 49% (556/1130)
Screenshot saved to: /Users/nimcheema/src/cal.com/apps/web/.temp/dessn-component-routes/screenshots/WebhookTestDisclosure-342d3866.png
Generated screenshot embedding for WebhookTestDisclosure-342d3866
Verification progress: 49% (557/1130)
Screenshot saved to: /Users/nimcheema/src/cal.com/apps/web/.temp/dessn-component-routes/screenshots/CreateNewWebhookButton-239dbf52.png
Screenshot saved to: /Users/nimcheema/src/cal.com/apps/web/.temp/dessn-component-routes/screenshots/WebhookListSkeleton-31ecd22e.png
Generated screenshot embedding for WebhookListSkeleton-31ecd22e
Generated screenshot embedding for CreateNewWebhookButton-239dbf52
Verification progress: 49% (558/1130)
Verification progress: 49% (559/1130)
Screenshot saved to: /Users/nimcheema/src/cal.com/apps/web/.temp/dessn-component-routes/screenshots/BannerContainer-5ca73166.png
Generated screenshot embedding for BannerContainer-5ca73166
Verification progress: 50% (560/1130)
Screenshot saved to: /Users/nimcheema/src/cal.com/apps/web/.temp/dessn-component-routes/screenshots/EventTeamAssignmentTabWebWrapper-2059bfe0.png
Generated screenshot embedding for EventTeamAssignmentTabWebWrapper-2059bfe0
Verification progress: 50% (561/1130)
Screenshot saved to: /Users/nimcheema/src/cal.com/apps/web/.temp/dessn-component-routes/screenshots/InstantEventController-06a6e53d.png
Generated screenshot embedding for InstantEventController-06a6e53d
Verification progress: 50% (562/1130)
Error verifying Booker-91463a97: Recursion limit of 50 reached without hitting a stop condition. You can increase the limit by setting the "recursionLimit" config key.

Troubleshooting URL: https://js.langchain.com/docs/troubleshooting/errors/GRAPH_RECURSION_LIMIT/

Screenshot saved to: /Users/nimcheema/src/cal.com/apps/web/.temp/dessn-component-routes/screenshots/RecurringEventController-246fc293.png
Screenshot saved to: /Users/nimcheema/src/cal.com/apps/web/.temp/dessn-component-routes/screenshots/DynamicComponent-7f9b3e0d.png
Verification progress: 50% (563/1130)
Generated screenshot embedding for RecurringEventController-246fc293
Verification progress: 50% (564/1130)
Generated screenshot embedding for DynamicComponent-7f9b3e0d
Verification progress: 50% (565/1130)
Screenshot saved to: /Users/nimcheema/src/cal.com/apps/web/.temp/dessn-component-routes/screenshots/SkeletonLoader-304844e0.png
Screenshot saved to: /Users/nimcheema/src/cal.com/apps/web/.temp/dessn-component-routes/screenshots/EventAppsTab-dbbdf659.png
Screenshot saved to: /Users/nimcheema/src/cal.com/apps/web/.temp/dessn-component-routes/screenshots/EventAdvancedTab-58310fad.png
Generated screenshot embedding for EventAppsTab-dbbdf659
Generated screenshot embedding for SkeletonLoader-304844e0
Verification progress: 50% (566/1130)
Verification progress: 50% (567/1130)
Generated screenshot embedding for EventAdvancedTab-58310fad
Verification progress: 50% (568/1130)
Screenshot saved to: /Users/nimcheema/src/cal.com/apps/web/.temp/dessn-component-routes/screenshots/EventRecurringWebWrapper-f051a4e4.png
Generated screenshot embedding for EventRecurringWebWrapper-f051a4e4
Verification progress: 50% (569/1130)
Screenshot saved to: /Users/nimcheema/src/cal.com/apps/web/.temp/dessn-component-routes/screenshots/EventRecurringTab-ecae8f98.png
Screenshot saved to: /Users/nimcheema/src/cal.com/apps/web/.temp/dessn-component-routes/screenshots/EventTypeWebhookListItem-2108ff71.png
Screenshot saved to: /Users/nimcheema/src/cal.com/apps/web/.temp/dessn-component-routes/screenshots/EventInstantTab-8378a858.png
Generated screenshot embedding for EventTypeWebhookListItem-2108ff71
Generated screenshot embedding for EventRecurringTab-ecae8f98
Verification progress: 50% (570/1130)
Verification progress: 51% (571/1130)
Generated screenshot embedding for EventInstantTab-8378a858
Verification progress: 51% (572/1130)
Screenshot saved to: /Users/nimcheema/src/cal.com/apps/web/.temp/dessn-component-routes/screenshots/AppSettings-e5d62b79.png
Generated screenshot embedding for AppSettings-e5d62b79
Verification progress: 51% (573/1130)
Screenshot saved to: /Users/nimcheema/src/cal.com/apps/web/.temp/dessn-component-routes/screenshots/AIEventController-ea7bddec.png
Generated screenshot embedding for AIEventController-ea7bddec
Verification progress: 51% (574/1130)
Screenshot saved to: /Users/nimcheema/src/cal.com/apps/web/.temp/dessn-component-routes/screenshots/EventTypeWebWrapper-842057dd.png
Screenshot saved to: /Users/nimcheema/src/cal.com/apps/web/.temp/dessn-component-routes/screenshots/EventTypeAppCard-b0b1b07f.png
Generated screenshot embedding for EventTypeWebWrapper-842057dd
Generated screenshot embedding for EventTypeAppCard-b0b1b07f
Screenshot saved to: /Users/nimcheema/src/cal.com/apps/web/.temp/dessn-component-routes/screenshots/EventAITab-fb5bb96f.png
Verification progress: 51% (575/1130)
Verification progress: 51% (576/1130)
Generated screenshot embedding for EventAITab-fb5bb96f
Verification progress: 51% (577/1130)
Screenshot saved to: /Users/nimcheema/src/cal.com/apps/web/.temp/dessn-component-routes/screenshots/EventWorkflowsTab-0db36074.png
Screenshot saved to: /Users/nimcheema/src/cal.com/apps/web/.temp/dessn-component-routes/screenshots/EventAdvancedWebWrapper-acac8393.png
Generated screenshot embedding for EventWorkflowsTab-0db36074
Verification progress: 51% (578/1130)
Generated screenshot embedding for EventAdvancedWebWrapper-acac8393
Verification progress: 51% (579/1130)
Screenshot saved to: /Users/nimcheema/src/cal.com/apps/web/.temp/dessn-component-routes/screenshots/Header-c1e8dd15.png
Screenshot saved to: /Users/nimcheema/src/cal.com/apps/web/.temp/dessn-component-routes/screenshots/AppSetDefaultLinkDialog-e572900c.png
Screenshot saved to: /Users/nimcheema/src/cal.com/apps/web/.temp/dessn-component-routes/screenshots/DisconnectIntegrationModal-e3786d5f.png
Screenshot saved to: /Users/nimcheema/src/cal.com/apps/web/.temp/dessn-component-routes/screenshots/AppList-7840a6c2.png
Generated screenshot embedding for Header-c1e8dd15
Generated screenshot embedding for DisconnectIntegrationModal-e3786d5f
Verification progress: 51% (580/1130)
Verification progress: 51% (581/1130)
Generated screenshot embedding for AppSetDefaultLinkDialog-e572900c
Generated screenshot embedding for AppList-7840a6c2
Verification progress: 52% (582/1130)
Screenshot saved to: /Users/nimcheema/src/cal.com/apps/web/.temp/dessn-component-routes/screenshots/ConferencingAppsViewWebWrapper-acad4e72.png
Generated screenshot embedding for ConferencingAppsViewWebWrapper-acad4e72
Verification progress: 52% (583/1130)
Verification progress: 52% (584/1130)
Screenshot saved to: /Users/nimcheema/src/cal.com/apps/web/.temp/dessn-component-routes/screenshots/withLicenseRequired-39958e98.png
Screenshot saved to: /Users/nimcheema/src/cal.com/apps/web/.temp/dessn-component-routes/screenshots/LicenseRequired-39958e98.png
Screenshot saved to: /Users/nimcheema/src/cal.com/apps/web/.temp/dessn-component-routes/screenshots/Provider-bf26ee5b.png
Screenshot saved to: /Users/nimcheema/src/cal.com/apps/web/.temp/dessn-component-routes/screenshots/Provider-85feba69.png
Generated screenshot embedding for withLicenseRequired-39958e98
Generated screenshot embedding for LicenseRequired-39958e98
Verification progress: 52% (585/1130)
Verification progress: 52% (586/1130)
Generated screenshot embedding for Provider-85feba69
Generated screenshot embedding for Provider-bf26ee5b
Verification progress: 52% (587/1130)
Verification progress: 52% (588/1130)
Screenshot saved to: /Users/nimcheema/src/cal.com/apps/web/.temp/dessn-component-routes/screenshots/TrpcProvider-b8a429f3.png
Generated screenshot embedding for TrpcProvider-b8a429f3
Verification progress: 52% (589/1130)
Screenshot saved to: /Users/nimcheema/src/cal.com/apps/web/.temp/dessn-component-routes/screenshots/PageWrapper-7a159005.png
Generated screenshot embedding for PageWrapper-7a159005
Verification progress: 52% (590/1130)
Screenshot saved to: /Users/nimcheema/src/cal.com/apps/web/.temp/dessn-component-routes/screenshots/Providers-0cb67f6b.png
Generated screenshot embedding for Providers-0cb67f6b
Verification progress: 52% (591/1130)
Screenshot saved to: /Users/nimcheema/src/cal.com/apps/web/.temp/dessn-component-routes/screenshots/AddMembersWithSwitchWebWrapper-af92ac1d.png
Screenshot saved to: /Users/nimcheema/src/cal.com/apps/web/.temp/dessn-component-routes/screenshots/AddMembersWithSwitchPlatformWrapper-3a293d1a.png
Generated screenshot embedding for AddMembersWithSwitchWebWrapper-af92ac1d
Verification progress: 52% (592/1130)
Generated screenshot embedding for AddMembersWithSwitchPlatformWrapper-3a293d1a
Verification progress: 52% (593/1130)
Screenshot saved to: /Users/nimcheema/src/cal.com/apps/web/.temp/dessn-component-routes/screenshots/PlainChat-6515ffcb.png
Generated screenshot embedding for PlainChat-6515ffcb
Verification progress: 53% (594/1130)
Screenshot saved to: /Users/nimcheema/src/cal.com/apps/web/.temp/dessn-component-routes/screenshots/EventWebhooksTab-a52028a3.png
Generated screenshot embedding for EventWebhooksTab-a52028a3
Verification progress: 53% (595/1130)
Screenshot saved to: /Users/nimcheema/src/cal.com/apps/web/.temp/dessn-component-routes/screenshots/CreateEventTypeDialog-a8fc9613.png
Generated screenshot embedding for CreateEventTypeDialog-a8fc9613
Verification progress: 53% (596/1130)
Screenshot saved to: /Users/nimcheema/src/cal.com/apps/web/.temp/dessn-component-routes/screenshots/ErrorPage-a418a05e.png
Generated screenshot embedding for ErrorPage-a418a05e
Screenshot saved to: /Users/nimcheema/src/cal.com/apps/web/.temp/dessn-component-routes/screenshots/GoogleTagManagerComponent-65e14aad.png
Verification progress: 53% (597/1130)
Generated screenshot embedding for GoogleTagManagerComponent-65e14aad
Verification progress: 53% (598/1130)
Screenshot saved to: /Users/nimcheema/src/cal.com/apps/web/.temp/dessn-component-routes/screenshots/AppProviders-c5de0756.png
Generated screenshot embedding for AppProviders-c5de0756
Verification progress: 53% (599/1130)
Screenshot saved to: /Users/nimcheema/src/cal.com/apps/web/.temp/dessn-component-routes/screenshots/createHydrateClient-40538f9b.png
Generated screenshot embedding for createHydrateClient-40538f9b
Screenshot saved to: /Users/nimcheema/src/cal.com/apps/web/.temp/dessn-component-routes/screenshots/ServerPage-6b5e188a.png
Verification progress: 53% (600/1130)
Generated screenshot embedding for ServerPage-6b5e188a
Verification progress: 53% (601/1130)
Screenshot saved to: /Users/nimcheema/src/cal.com/apps/web/.temp/dessn-component-routes/screenshots/QueryCell-a260aaca.png
Generated screenshot embedding for QueryCell-a260aaca
Verification progress: 53% (602/1130)
Screenshot saved to: /Users/nimcheema/src/cal.com/apps/web/.temp/dessn-component-routes/screenshots/QueryCell-a260aaca.png
Generated screenshot embedding for QueryCell-a260aaca
Verification progress: 53% (603/1130)
Screenshot saved to: /Users/nimcheema/src/cal.com/apps/web/.temp/dessn-component-routes/screenshots/WithLayout-4fa0efb0.png
Generated screenshot embedding for WithLayout-4fa0efb0
Screenshot saved to: /Users/nimcheema/src/cal.com/apps/web/.temp/dessn-component-routes/screenshots/EnterprisePage-56710ce2.png
Verification progress: 53% (604/1130)
Generated screenshot embedding for EnterprisePage-56710ce2
Verification progress: 54% (605/1130)
Screenshot saved to: /Users/nimcheema/src/cal.com/apps/web/.temp/dessn-component-routes/screenshots/AddToHomescreen-3a2e64fd.png
Generated screenshot embedding for AddToHomescreen-3a2e64fd
Verification progress: 54% (606/1130)
Screenshot saved to: /Users/nimcheema/src/cal.com/apps/web/.temp/dessn-component-routes/screenshots/AppProviders-25ee4f5f.png
Screenshot saved to: /Users/nimcheema/src/cal.com/apps/web/.temp/dessn-component-routes/screenshots/QueryCell-a260aaca.png
Generated screenshot embedding for QueryCell-a260aaca
Generated screenshot embedding for AppProviders-25ee4f5f
Verification progress: 54% (607/1130)
Verification progress: 54% (608/1130)
Screenshot saved to: /Users/nimcheema/src/cal.com/apps/web/.temp/dessn-component-routes/screenshots/EventSetupTabWebWrapper-0884fe8b.png
Generated screenshot embedding for EventSetupTabWebWrapper-0884fe8b
Verification progress: 54% (609/1130)
Screenshot saved to: /Users/nimcheema/src/cal.com/apps/web/.temp/dessn-component-routes/screenshots/Signup-5b3f34b6.png
Generated screenshot embedding for Signup-5b3f34b6
Verification progress: 54% (610/1130)
Screenshot saved to: /Users/nimcheema/src/cal.com/apps/web/.temp/dessn-component-routes/screenshots/IconGrid-1998b5df.png
Screenshot saved to: /Users/nimcheema/src/cal.com/apps/web/.temp/dessn-component-routes/screenshots/TwoFactor-b82ce90c.png
Screenshot saved to: /Users/nimcheema/src/cal.com/apps/web/.temp/dessn-component-routes/screenshots/PageWrapperLayout-1f292898.png
Screenshot saved to: /Users/nimcheema/src/cal.com/apps/web/.temp/dessn-component-routes/screenshots/EnableTwoFactorModal-2831f663.png
Screenshot saved to: /Users/nimcheema/src/cal.com/apps/web/.temp/dessn-component-routes/screenshots/Custom404-fe028023.png
Generated screenshot embedding for IconGrid-1998b5df
Generated screenshot embedding for TwoFactor-b82ce90c
Verification progress: 54% (611/1130)
Verification progress: 54% (612/1130)
Generated screenshot embedding for PageWrapperLayout-1f292898
Generated screenshot embedding for EnableTwoFactorModal-2831f663
Verification progress: 54% (613/1130)
Generated screenshot embedding for Custom404-fe028023
Verification progress: 54% (614/1130)
Verification progress: 54% (615/1130)
Screenshot saved to: /Users/nimcheema/src/cal.com/apps/web/.temp/dessn-component-routes/screenshots/RootLayout-147784be.png
Generated screenshot embedding for RootLayout-147784be
Verification progress: 55% (616/1130)
Screenshot saved to: /Users/nimcheema/src/cal.com/apps/web/.temp/dessn-component-routes/screenshots/PremiumTextfield-d216122b.png
Screenshot saved to: /Users/nimcheema/src/cal.com/apps/web/.temp/dessn-component-routes/screenshots/DisplayInfo-926e2d3e.png
Screenshot saved to: /Users/nimcheema/src/cal.com/apps/web/.temp/dessn-component-routes/screenshots/SecondaryEmailModal-2efa54a2.png
Screenshot saved to: /Users/nimcheema/src/cal.com/apps/web/.temp/dessn-component-routes/screenshots/TravelScheduleModal-439f1863.png
Screenshot saved to: /Users/nimcheema/src/cal.com/apps/web/.temp/dessn-component-routes/screenshots/SecondaryEmailConfirmModal-25d4447c.png
Screenshot saved to: /Users/nimcheema/src/cal.com/apps/web/.temp/dessn-component-routes/screenshots/UsernameTextfield-a0153757.png
Generated screenshot embedding for DisplayInfo-926e2d3e
Generated screenshot embedding for PremiumTextfield-d216122b
Verification progress: 55% (617/1130)
Verification progress: 55% (618/1130)
Generated screenshot embedding for SecondaryEmailConfirmModal-25d4447c
Generated screenshot embedding for SecondaryEmailModal-2efa54a2
Generated screenshot embedding for TravelScheduleModal-439f1863
Generated screenshot embedding for UsernameTextfield-a0153757
Verification progress: 55% (619/1130)
Verification progress: 55% (620/1130)
Verification progress: 55% (621/1130)
Verification progress: 55% (622/1130)
Screenshot saved to: /Users/nimcheema/src/cal.com/apps/web/.temp/dessn-component-routes/screenshots/Error-f5e7c65c.png
Generated screenshot embedding for Error-f5e7c65c
Verification progress: 55% (623/1130)
Screenshot saved to: /Users/nimcheema/src/cal.com/apps/web/.temp/dessn-component-routes/screenshots/IconsPage-56dc2b77.png
Screenshot saved to: /Users/nimcheema/src/cal.com/apps/web/.temp/dessn-component-routes/screenshots/SettingInputContainer-71ba2c76.png
Generated screenshot embedding for IconsPage-56dc2b77
Generated screenshot embedding for SettingInputContainer-71ba2c76
Verification progress: 55% (624/1130)
Screenshot saved to: /Users/nimcheema/src/cal.com/apps/web/.temp/dessn-component-routes/screenshots/CustomEmailTextField-f6885918.png
Screenshot saved to: /Users/nimcheema/src/cal.com/apps/web/.temp/dessn-component-routes/screenshots/UsernameAvailabilityField-d33acdaf.png
Screenshot saved to: /Users/nimcheema/src/cal.com/apps/web/.temp/dessn-component-routes/screenshots/TwoFactor-7388fe86.png
Screenshot saved to: /Users/nimcheema/src/cal.com/apps/web/.temp/dessn-component-routes/screenshots/DisableTwoFactorAuthModal-c1ea99d6.png
Screenshot saved to: /Users/nimcheema/src/cal.com/apps/web/.temp/dessn-component-routes/screenshots/ProfileView-6773ab0f.png
Generated screenshot embedding for CustomEmailTextField-f6885918
Generated screenshot embedding for ProfileView-6773ab0f
Generated screenshot embedding for TwoFactor-7388fe86
Generated screenshot embedding for UsernameAvailabilityField-d33acdaf
Generated screenshot embedding for DisableTwoFactorAuthModal-c1ea99d6
Verification progress: 55% (625/1130)
Verification progress: 55% (626/1130)
Verification progress: 55% (627/1130)
Verification progress: 56% (628/1130)
Verification progress: 56% (629/1130)
Verification progress: 56% (630/1130)
Screenshot saved to: /Users/nimcheema/src/cal.com/apps/web/.temp/dessn-component-routes/screenshots/UsernameAvailability-d33acdaf.png
Generated screenshot embedding for UsernameAvailability-d33acdaf
Verification progress: 56% (631/1130)
Screenshot saved to: /Users/nimcheema/src/cal.com/apps/web/.temp/dessn-component-routes/screenshots/PageWrapper-707e5bc0.png
Screenshot saved to: /Users/nimcheema/src/cal.com/apps/web/.temp/dessn-component-routes/screenshots/LinkIconButton-58e9f994.png
Generated screenshot embedding for LinkIconButton-58e9f994
Generated screenshot embedding for PageWrapper-707e5bc0
Verification progress: 56% (632/1130)
Verification progress: 56% (633/1130)
Screenshot saved to: /Users/nimcheema/src/cal.com/apps/web/.temp/dessn-component-routes/screenshots/AdminUser-b0f24470.png
Screenshot saved to: /Users/nimcheema/src/cal.com/apps/web/.temp/dessn-component-routes/screenshots/ChooseLicense-9d9785e5.png
Screenshot saved to: /Users/nimcheema/src/cal.com/apps/web/.temp/dessn-component-routes/screenshots/EnterpriseLicense-5bdbcfa5.png
Generated screenshot embedding for AdminUser-b0f24470
Generated screenshot embedding for ChooseLicense-9d9785e5
Generated screenshot embedding for EnterpriseLicense-5bdbcfa5
Verification progress: 56% (634/1130)
Verification progress: 56% (635/1130)
Verification progress: 56% (636/1130)
Screenshot saved to: /Users/nimcheema/src/cal.com/apps/web/.temp/dessn-component-routes/screenshots/AuthContainer-f5c26472.png
Generated screenshot embedding for AuthContainer-f5c26472
Verification progress: 56% (637/1130)
Screenshot saved to: /Users/nimcheema/src/cal.com/apps/web/.temp/dessn-component-routes/screenshots/AdminUserContainer-b0f24470.png
Generated screenshot embedding for AdminUserContainer-b0f24470
Verification progress: 56% (638/1130)
Screenshot saved to: /Users/nimcheema/src/cal.com/apps/web/.temp/dessn-component-routes/screenshots/StepDone-1f68c816.png
Screenshot saved to: /Users/nimcheema/src/cal.com/apps/web/.temp/dessn-component-routes/screenshots/GeneralQueryView-ef57bbfb.png
Generated screenshot embedding for StepDone-1f68c816
Verification progress: 57% (639/1130)
Generated screenshot embedding for GeneralQueryView-ef57bbfb
Verification progress: 57% (640/1130)
Screenshot saved to: /Users/nimcheema/src/cal.com/apps/web/.temp/dessn-component-routes/screenshots/EnableTwoFactorModal-afccbbe5.png
Screenshot saved to: /Users/nimcheema/src/cal.com/apps/web/.temp/dessn-component-routes/screenshots/TwoFactorModalHeader-d225edaa.png
Generated screenshot embedding for TwoFactorModalHeader-d225edaa
Generated screenshot embedding for EnableTwoFactorModal-afccbbe5
Verification progress: 57% (641/1130)
Verification progress: 57% (642/1130)
Screenshot saved to: /Users/nimcheema/src/cal.com/apps/web/.temp/dessn-component-routes/screenshots/DisableTwoFactorAuthModal-5d9ac255.png
Screenshot saved to: /Users/nimcheema/src/cal.com/apps/web/.temp/dessn-component-routes/screenshots/SkeletonLoader-8b75522f.png
Generated screenshot embedding for SkeletonLoader-8b75522f
Verification progress: 57% (643/1130)
Generated screenshot embedding for DisableTwoFactorAuthModal-5d9ac255
Screenshot saved to: /Users/nimcheema/src/cal.com/apps/web/.temp/dessn-component-routes/screenshots/ChangePasswordSection-ea025b84.png
Verification progress: 57% (644/1130)
Generated screenshot embedding for ChangePasswordSection-ea025b84
Verification progress: 57% (645/1130)
Screenshot saved to: /Users/nimcheema/src/cal.com/apps/web/.temp/dessn-component-routes/screenshots/ViewRecordingsDialog-c22733cb.png
Screenshot saved to: /Users/nimcheema/src/cal.com/apps/web/.temp/dessn-component-routes/screenshots/AddGuestsDialog-94dd9ea9.png
Screenshot saved to: /Users/nimcheema/src/cal.com/apps/web/.temp/dessn-component-routes/screenshots/DisableUserImpersonation-ee301e45.png
Screenshot saved to: /Users/nimcheema/src/cal.com/apps/web/.temp/dessn-component-routes/screenshots/RecordingListItemSkeleton-cac41507.png
Screenshot saved to: /Users/nimcheema/src/cal.com/apps/web/.temp/dessn-component-routes/screenshots/TwoFactorAuthSection-72f24ae5.png
Screenshot saved to: /Users/nimcheema/src/cal.com/apps/web/.temp/dessn-component-routes/screenshots/RecordingListSkeleton-dcaadd1f.png
Generated screenshot embedding for ViewRecordingsDialog-c22733cb
Generated screenshot embedding for AddGuestsDialog-94dd9ea9
Generated screenshot embedding for RecordingListItemSkeleton-cac41507
Generated screenshot embedding for DisableUserImpersonation-ee301e45
Verification progress: 57% (646/1130)
Verification progress: 57% (647/1130)
Verification progress: 57% (648/1130)
Verification progress: 57% (649/1130)
Generated screenshot embedding for TwoFactorAuthSection-72f24ae5
Generated screenshot embedding for RecordingListSkeleton-dcaadd1f
Verification progress: 58% (650/1130)
Verification progress: 58% (651/1130)
Screenshot saved to: /Users/nimcheema/src/cal.com/apps/web/.temp/dessn-component-routes/screenshots/ChargeCardDialog-59374fc0.png
Generated screenshot embedding for ChargeCardDialog-59374fc0
Verification progress: 58% (652/1130)
Screenshot saved to: /Users/nimcheema/src/cal.com/apps/web/.temp/dessn-component-routes/screenshots/EditLocationDialog-0f41e042.png
Generated screenshot embedding for EditLocationDialog-0f41e042
Verification progress: 58% (653/1130)
Screenshot saved to: /Users/nimcheema/src/cal.com/apps/web/.temp/dessn-component-routes/screenshots/ModalContainer-85bcea0b.png
Generated screenshot embedding for ModalContainer-85bcea0b
Verification progress: 58% (654/1130)
Screenshot saved to: /Users/nimcheema/src/cal.com/apps/web/.temp/dessn-component-routes/screenshots/ReassignDialog-fbacf63e.png
Generated screenshot embedding for ReassignDialog-fbacf63e
Verification progress: 58% (655/1130)
Screenshot saved to: /Users/nimcheema/src/cal.com/apps/web/.temp/dessn-component-routes/screenshots/FormInputFields-4f8c71c0.png
Screenshot saved to: /Users/nimcheema/src/cal.com/apps/web/.temp/dessn-component-routes/screenshots/RescheduleDialog-1e907932.png
Screenshot saved to: /Users/nimcheema/src/cal.com/apps/web/.temp/dessn-component-routes/screenshots/EventTypeDescriptionSafeHTML-638a47bc.png
Generated screenshot embedding for FormInputFields-4f8c71c0
Generated screenshot embedding for RescheduleDialog-1e907932
Verification progress: 58% (656/1130)
Verification progress: 58% (657/1130)
Generated screenshot embedding for EventTypeDescriptionSafeHTML-638a47bc
Verification progress: 58% (658/1130)
Screenshot saved to: /Users/nimcheema/src/cal.com/apps/web/.temp/dessn-component-routes/screenshots/RerouteDialog-88c1be28.png
Screenshot saved to: /Users/nimcheema/src/cal.com/apps/web/.temp/dessn-component-routes/screenshots/SubHeadingTitleWithConnections-1b151bc7.png
Generated screenshot embedding for RerouteDialog-88c1be28
Verification progress: 58% (659/1130)
Generated screenshot embedding for SubHeadingTitleWithConnections-1b151bc7
Verification progress: 58% (660/1130)
Screenshot saved to: /Users/nimcheema/src/cal.com/apps/web/.temp/dessn-component-routes/screenshots/CalendarListContainer-76c0dc0b.png
Screenshot saved to: /Users/nimcheema/src/cal.com/apps/web/.temp/dessn-component-routes/screenshots/InstallAppButtonChild-66d978f0.png
Screenshot saved to: /Users/nimcheema/src/cal.com/apps/web/.temp/dessn-component-routes/screenshots/AppPage-969b8369.png
Generated screenshot embedding for InstallAppButtonChild-66d978f0
Verification progress: 58% (661/1130)
Generated screenshot embedding for CalendarListContainer-76c0dc0b
Generated screenshot embedding for AppPage-969b8369
Verification progress: 59% (662/1130)
Verification progress: 59% (663/1130)
Screenshot saved to: /Users/nimcheema/src/cal.com/apps/web/.temp/dessn-component-routes/screenshots/ConnectAndJoin-aece3bed.png
Screenshot saved to: /Users/nimcheema/src/cal.com/apps/web/.temp/dessn-component-routes/screenshots/FormInputFieldsSkeleton-4f8c71c0.png
Screenshot saved to: /Users/nimcheema/src/cal.com/apps/web/.temp/dessn-component-routes/screenshots/TeamPage-0535ae57.png
Generated screenshot embedding for ConnectAndJoin-aece3bed
Generated screenshot embedding for TeamPage-0535ae57
Generated screenshot embedding for FormInputFieldsSkeleton-4f8c71c0
Verification progress: 59% (664/1130)
Verification progress: 59% (665/1130)
Verification progress: 59% (666/1130)
Screenshot saved to: /Users/nimcheema/src/cal.com/apps/web/.temp/dessn-component-routes/screenshots/MorePage-ea668e4c.png
Screenshot saved to: /Users/nimcheema/src/cal.com/apps/web/.temp/dessn-component-routes/screenshots/Type-15207a43.png
Generated screenshot embedding for MorePage-ea668e4c
Screenshot saved to: /Users/nimcheema/src/cal.com/apps/web/.temp/dessn-component-routes/screenshots/Signin-defb627b.png
Verification progress: 59% (667/1130)
Generated screenshot embedding for Type-15207a43
Generated screenshot embedding for Signin-defb627b
Verification progress: 59% (668/1130)
Verification progress: 59% (669/1130)
Screenshot saved to: /Users/nimcheema/src/cal.com/apps/web/.temp/dessn-component-routes/screenshots/AppCategoryNavigation-0b8dbf57.png
Generated screenshot embedding for AppCategoryNavigation-0b8dbf57
Verification progress: 59% (670/1130)
Screenshot saved to: /Users/nimcheema/src/cal.com/apps/web/.temp/dessn-component-routes/screenshots/UpgradePage-a3edee68.png
Generated screenshot embedding for UpgradePage-a3edee68
Verification progress: 59% (671/1130)
Screenshot saved to: /Users/nimcheema/src/cal.com/apps/web/.temp/dessn-component-routes/screenshots/EventReservationSchema-8af5d16d.png
Generated screenshot embedding for EventReservationSchema-8af5d16d
Verification progress: 59% (672/1130)
Screenshot saved to: /Users/nimcheema/src/cal.com/apps/web/.temp/dessn-component-routes/screenshots/AdminAppsList-7bb059eb.png
Screenshot saved to: /Users/nimcheema/src/cal.com/apps/web/.temp/dessn-component-routes/screenshots/Setup-aac810cd.png
Generated screenshot embedding for AdminAppsList-7bb059eb
Generated screenshot embedding for Setup-aac810cd
Verification progress: 60% (673/1130)
Verification progress: 60% (674/1130)
Screenshot saved to: /Users/nimcheema/src/cal.com/apps/web/.temp/dessn-component-routes/screenshots/VerifyEmailPage-ee41e03f.png
Screenshot saved to: /Users/nimcheema/src/cal.com/apps/web/.temp/dessn-component-routes/screenshots/VerifyEmailChange-636c4086.png
Generated screenshot embedding for VerifyEmailPage-ee41e03f
Verification progress: 60% (675/1130)
Generated screenshot embedding for VerifyEmailChange-636c4086
Screenshot saved to: /Users/nimcheema/src/cal.com/apps/web/.temp/dessn-component-routes/screenshots/Verify-d9e5dcf3.png
Verification progress: 60% (676/1130)
Generated screenshot embedding for Verify-d9e5dcf3
Verification progress: 60% (677/1130)
Screenshot saved to: /Users/nimcheema/src/cal.com/apps/web/.temp/dessn-component-routes/screenshots/Logout-aefb9116.png
Generated screenshot embedding for Logout-aefb9116
Screenshot saved to: /Users/nimcheema/src/cal.com/apps/web/.temp/dessn-component-routes/screenshots/Team-49484d4c.png
Verification progress: 60% (678/1130)
Generated screenshot embedding for Team-49484d4c
Verification progress: 60% (679/1130)
Screenshot saved to: /Users/nimcheema/src/cal.com/apps/web/.temp/dessn-component-routes/screenshots/SAMLLogin-02cdbc1f.png
Screenshot saved to: /Users/nimcheema/src/cal.com/apps/web/.temp/dessn-component-routes/screenshots/LastUsed-c5c81e3f.png
Generated screenshot embedding for SAMLLogin-02cdbc1f
Generated screenshot embedding for LastUsed-c5c81e3f
Verification progress: 60% (680/1130)
Verification progress: 60% (681/1130)
Screenshot saved to: /Users/nimcheema/src/cal.com/apps/web/.temp/dessn-component-routes/screenshots/Login-bde06c3d.png
Generated screenshot embedding for Login-bde06c3d
Verification progress: 60% (682/1130)
Screenshot saved to: /Users/nimcheema/src/cal.com/apps/web/.temp/dessn-component-routes/screenshots/FormActionsDropdown-a7afc660.png
Screenshot saved to: /Users/nimcheema/src/cal.com/apps/web/.temp/dessn-component-routes/screenshots/InfoLostWarningDialog-8b2755e6.png
Generated screenshot embedding for FormActionsDropdown-a7afc660
Verification progress: 60% (683/1130)
Generated screenshot embedding for InfoLostWarningDialog-8b2755e6
Verification progress: 61% (684/1130)
Screenshot saved to: /Users/nimcheema/src/cal.com/apps/web/.temp/dessn-component-routes/screenshots/WrappedApp-f5c942c4.png
Generated screenshot embedding for WrappedApp-f5c942c4
Verification progress: 61% (685/1130)
Screenshot saved to: /Users/nimcheema/src/cal.com/apps/web/.temp/dessn-component-routes/screenshots/RoutingNavBar-772df229.png
Generated screenshot embedding for RoutingNavBar-772df229
Verification progress: 61% (686/1130)
Screenshot saved to: /Users/nimcheema/src/cal.com/apps/web/.temp/dessn-component-routes/screenshots/InsightsVirtualQueuesPage-a4546e1d.png
Generated screenshot embedding for InsightsVirtualQueuesPage-a4546e1d
Verification progress: 61% (687/1130)
Screenshot saved to: /Users/nimcheema/src/cal.com/apps/web/.temp/dessn-component-routes/screenshots/TeamsFilter-5f2b1d9e.png
Generated screenshot embedding for TeamsFilter-5f2b1d9e
Verification progress: 61% (688/1130)
Screenshot saved to: /Users/nimcheema/src/cal.com/apps/web/.temp/dessn-component-routes/screenshots/RoutingFormEmbedDialog-25bcc31a.png
Screenshot saved to: /Users/nimcheema/src/cal.com/apps/web/.temp/dessn-component-routes/screenshots/FilterCheckboxFieldsContainer-5f2b1d9e.png
Generated screenshot embedding for FilterCheckboxFieldsContainer-5f2b1d9e
Verification progress: 61% (689/1130)
Generated screenshot embedding for RoutingFormEmbedDialog-25bcc31a
Verification progress: 61% (690/1130)
Screenshot saved to: /Users/nimcheema/src/cal.com/apps/web/.temp/dessn-component-routes/screenshots/CancelBooking-75cc8659.png
Screenshot saved to: /Users/nimcheema/src/cal.com/apps/web/.temp/dessn-component-routes/screenshots/FormActionsProvider-a7afc660.png
Generated screenshot embedding for CancelBooking-75cc8659
Verification progress: 61% (691/1130)
Generated screenshot embedding for FormActionsProvider-a7afc660
Verification progress: 61% (692/1130)
Screenshot saved to: /Users/nimcheema/src/cal.com/apps/web/.temp/dessn-component-routes/screenshots/FilterCheckboxField-5f2b1d9e.png
Generated screenshot embedding for FilterCheckboxField-5f2b1d9e
Verification progress: 61% (693/1130)
Screenshot saved to: /Users/nimcheema/src/cal.com/apps/web/.temp/dessn-component-routes/screenshots/LineChart-49bee913.png
Screenshot saved to: /Users/nimcheema/src/cal.com/apps/web/.temp/dessn-component-routes/screenshots/CardInsights-501fd003.png
Screenshot saved to: /Users/nimcheema/src/cal.com/apps/web/.temp/dessn-component-routes/screenshots/InsightsOrgTeamsProvider-23ef9613.png
Generated screenshot embedding for CardInsights-501fd003
Generated screenshot embedding for LineChart-49bee913
Generated screenshot embedding for InsightsOrgTeamsProvider-23ef9613
Verification progress: 61% (694/1130)
Verification progress: 62% (695/1130)
Verification progress: 62% (696/1130)
Screenshot saved to: /Users/nimcheema/src/cal.com/apps/web/.temp/dessn-component-routes/screenshots/KPICard-b6916eef.png
Screenshot saved to: /Users/nimcheema/src/cal.com/apps/web/.temp/dessn-component-routes/screenshots/LoadingInsight-9faae806.png
Generated screenshot embedding for KPICard-b6916eef
Generated screenshot embedding for LoadingInsight-9faae806
Verification progress: 62% (697/1130)
Verification progress: 62% (698/1130)
Screenshot saved to: /Users/nimcheema/src/cal.com/apps/web/.temp/dessn-component-routes/screenshots/RoutingFormEmbedButton-25bcc31a.png
Generated screenshot embedding for RoutingFormEmbedButton-25bcc31a
Verification progress: 62% (699/1130)
Screenshot saved to: /Users/nimcheema/src/cal.com/apps/web/.temp/dessn-component-routes/screenshots/FormAction-a7afc660.png
Generated screenshot embedding for FormAction-a7afc660
Verification progress: 62% (700/1130)
Screenshot saved to: /Users/nimcheema/src/cal.com/apps/web/.temp/dessn-component-routes/screenshots/TotalBookingUsersTable-1b9154bc.png
Generated screenshot embedding for TotalBookingUsersTable-1b9154bc
Verification progress: 62% (701/1130)
Screenshot saved to: /Users/nimcheema/src/cal.com/apps/web/.temp/dessn-component-routes/screenshots/OrgTeamsFilter-7eacba61.png
Generated screenshot embedding for OrgTeamsFilter-7eacba61
Verification progress: 62% (702/1130)
Screenshot saved to: /Users/nimcheema/src/cal.com/apps/web/.temp/dessn-component-routes/screenshots/BookingKPICards-62fdc761.png
Screenshot saved to: /Users/nimcheema/src/cal.com/apps/web/.temp/dessn-component-routes/screenshots/AverageEventDurationChart-ad2ee14d.png
Generated screenshot embedding for BookingKPICards-62fdc761
Generated screenshot embedding for AverageEventDurationChart-ad2ee14d
Verification progress: 62% (703/1130)
Verification progress: 62% (704/1130)
Screenshot saved to: /Users/nimcheema/src/cal.com/apps/web/.temp/dessn-component-routes/screenshots/FeedbackTable-72b93ee1.png
Generated screenshot embedding for FeedbackTable-72b93ee1
Verification progress: 62% (705/1130)
Screenshot saved to: /Users/nimcheema/src/cal.com/apps/web/.temp/dessn-component-routes/screenshots/MostBookedTeamMembersTable-0dc1c3a4.png
Generated screenshot embedding for MostBookedTeamMembersTable-0dc1c3a4
Verification progress: 62% (706/1130)
Screenshot saved to: /Users/nimcheema/src/cal.com/apps/web/.temp/dessn-component-routes/screenshots/SingleFormWrapper-64eaf91e.png
Generated screenshot embedding for SingleFormWrapper-64eaf91e
Verification progress: 63% (707/1130)
Screenshot saved to: /Users/nimcheema/src/cal.com/apps/web/.temp/dessn-component-routes/screenshots/HighestNoShowHostTable-7d78ac4a.png
Generated screenshot embedding for HighestNoShowHostTable-7d78ac4a
Verification progress: 63% (708/1130)
Screenshot saved to: /Users/nimcheema/src/cal.com/apps/web/.temp/dessn-component-routes/screenshots/RecentFeedbackTable-efbc9864.png
Generated screenshot embedding for RecentFeedbackTable-efbc9864
Verification progress: 63% (709/1130)
Screenshot saved to: /Users/nimcheema/src/cal.com/apps/web/.temp/dessn-component-routes/screenshots/RoutingKPICards-9b511c33.png
Generated screenshot embedding for RoutingKPICards-9b511c33
Verification progress: 63% (710/1130)
Error verifying BookingListItem-27d766b6: Recursion limit of 50 reached without hitting a stop condition. You can increase the limit by setting the "recursionLimit" config key.

Troubleshooting URL: https://js.langchain.com/docs/troubleshooting/errors/GRAPH_RECURSION_LIMIT/

Verification progress: 63% (711/1130)
Screenshot saved to: /Users/nimcheema/src/cal.com/apps/web/.temp/dessn-component-routes/screenshots/RoutingFormResponsesDownload-2db4b747.png
Generated screenshot embedding for RoutingFormResponsesDownload-2db4b747
Verification progress: 63% (712/1130)
Screenshot saved to: /Users/nimcheema/src/cal.com/apps/web/.temp/dessn-component-routes/screenshots/CellWithOverflowX-24744bda.png
Generated screenshot embedding for CellWithOverflowX-24744bda
Verification progress: 63% (713/1130)
Screenshot saved to: /Users/nimcheema/src/cal.com/apps/web/.temp/dessn-component-routes/screenshots/BookedByCell-d685947d.png
Screenshot saved to: /Users/nimcheema/src/cal.com/apps/web/.temp/dessn-component-routes/screenshots/TestFormDialog-64eaf91e.png
Generated screenshot embedding for BookedByCell-d685947d
Generated screenshot embedding for TestFormDialog-64eaf91e
Verification progress: 63% (714/1130)
Verification progress: 63% (715/1130)
Screenshot saved to: /Users/nimcheema/src/cal.com/apps/web/.temp/dessn-component-routes/screenshots/LowestRatedMembersTable-3455af9e.png
Generated screenshot embedding for LowestRatedMembersTable-3455af9e
Verification progress: 63% (716/1130)
Screenshot saved to: /Users/nimcheema/src/cal.com/apps/web/.temp/dessn-component-routes/screenshots/ResponseValueCell-49378f29.png
Screenshot saved to: /Users/nimcheema/src/cal.com/apps/web/.temp/dessn-component-routes/screenshots/BookingAtCell-8eb87447.png
Generated screenshot embedding for ResponseValueCell-49378f29
Verification progress: 63% (717/1130)
Generated screenshot embedding for BookingAtCell-8eb87447
Verification progress: 64% (718/1130)
Screenshot saved to: /Users/nimcheema/src/cal.com/apps/web/.temp/dessn-component-routes/screenshots/HighestRatedMembersTable-28932fea.png
Generated screenshot embedding for HighestRatedMembersTable-28932fea
Verification progress: 64% (719/1130)
Screenshot saved to: /Users/nimcheema/src/cal.com/apps/web/.temp/dessn-component-routes/screenshots/RoutedToPerPeriod-844a59d9.png
Generated screenshot embedding for RoutedToPerPeriod-844a59d9
Verification progress: 64% (720/1130)
Screenshot saved to: /Users/nimcheema/src/cal.com/apps/web/.temp/dessn-component-routes/screenshots/Download-ba066fc9.png
Screenshot saved to: /Users/nimcheema/src/cal.com/apps/web/.temp/dessn-component-routes/screenshots/PopularEventsTable-b8ed6223.png
Generated screenshot embedding for Download-ba066fc9
Generated screenshot embedding for PopularEventsTable-b8ed6223
Verification progress: 64% (721/1130)
Verification progress: 64% (722/1130)
Screenshot saved to: /Users/nimcheema/src/cal.com/apps/web/.temp/dessn-component-routes/screenshots/LeastBookedTeamMembersTable-ad727dd7.png
Generated screenshot embedding for LeastBookedTeamMembersTable-ad727dd7
Verification progress: 64% (723/1130)
Screenshot saved to: /Users/nimcheema/src/cal.com/apps/web/.temp/dessn-component-routes/screenshots/TeamsCTA-11b728d3.png
Screenshot saved to: /Users/nimcheema/src/cal.com/apps/web/.temp/dessn-component-routes/screenshots/BookingStatusBadge-e5c30da8.png
Screenshot saved to: /Users/nimcheema/src/cal.com/apps/web/.temp/dessn-component-routes/screenshots/InsightsRoutingFormResponsesPage-9e81ca6c.png
Generated screenshot embedding for BookingStatusBadge-e5c30da8
Verification progress: 64% (724/1130)
Generated screenshot embedding for TeamsCTA-11b728d3
Verification progress: 64% (725/1130)
Generated screenshot embedding for InsightsRoutingFormResponsesPage-9e81ca6c
Verification progress: 64% (726/1130)
Screenshot saved to: /Users/nimcheema/src/cal.com/apps/web/.temp/dessn-component-routes/screenshots/Teams-11b728d3.png
Screenshot saved to: /Users/nimcheema/src/cal.com/apps/web/.temp/dessn-component-routes/screenshots/TotalUserFeedbackTable-31385a97.png
Screenshot saved to: /Users/nimcheema/src/cal.com/apps/web/.temp/dessn-component-routes/screenshots/AvailabilityEditSheet-a8c66f9c.png
Generated screenshot embedding for Teams-11b728d3
Generated screenshot embedding for TotalUserFeedbackTable-31385a97
Verification progress: 64% (727/1130)
Generated screenshot embedding for AvailabilityEditSheet-a8c66f9c
Verification progress: 64% (728/1130)
Verification progress: 65% (729/1130)
Screenshot saved to: /Users/nimcheema/src/cal.com/apps/web/.temp/dessn-component-routes/screenshots/BookingStatusLineChart-b92bde5d.png
Generated screenshot embedding for BookingStatusLineChart-b92bde5d
Verification progress: 65% (730/1130)
Error verifying TestForm-64eaf91e: Recursion limit of 50 reached without hitting a stop condition. You can increase the limit by setting the "recursionLimit" config key.

Troubleshooting URL: https://js.langchain.com/docs/troubleshooting/errors/GRAPH_RECURSION_LIMIT/

Verification progress: 65% (731/1130)
Screenshot saved to: /Users/nimcheema/src/cal.com/apps/web/.temp/dessn-component-routes/screenshots/AvailabilitySliderTable-2b315953.png
Screenshot saved to: /Users/nimcheema/src/cal.com/apps/web/.temp/dessn-component-routes/screenshots/AvailabilityList-44cb669d.png
Generated screenshot embedding for AvailabilityList-44cb669d
Verification progress: 65% (732/1130)
Generated screenshot embedding for AvailabilitySliderTable-2b315953
Verification progress: 65% (733/1130)
Screenshot saved to: /Users/nimcheema/src/cal.com/apps/web/.temp/dessn-component-routes/screenshots/DeleteBulkUsers-cca373f8.png
Screenshot saved to: /Users/nimcheema/src/cal.com/apps/web/.temp/dessn-component-routes/screenshots/CellHighlightContainer-05d629d0.png
Screenshot saved to: /Users/nimcheema/src/cal.com/apps/web/.temp/dessn-component-routes/screenshots/AvailabilityPage-44cb669d.png
Generated screenshot embedding for CellHighlightContainer-05d629d0
Screenshot saved to: /Users/nimcheema/src/cal.com/apps/web/.temp/dessn-component-routes/screenshots/AvailabilityCTA-44cb669d.png
Generated screenshot embedding for DeleteBulkUsers-cca373f8
Verification progress: 65% (734/1130)
Verification progress: 65% (735/1130)
Generated screenshot embedding for AvailabilityPage-44cb669d
Generated screenshot embedding for AvailabilityCTA-44cb669d
Verification progress: 65% (736/1130)
Verification progress: 65% (737/1130)
Screenshot saved to: /Users/nimcheema/src/cal.com/apps/web/.temp/dessn-component-routes/screenshots/MaintenancePage-3a5b49c8.png
Generated screenshot embedding for MaintenancePage-3a5b49c8
Verification progress: 65% (738/1130)
Screenshot saved to: /Users/nimcheema/src/cal.com/apps/web/.temp/dessn-component-routes/screenshots/MemberChangeRoleModal-434cd6d6.png
Generated screenshot embedding for MemberChangeRoleModal-434cd6d6
Verification progress: 65% (739/1130)
Screenshot saved to: /Users/nimcheema/src/cal.com/apps/web/.temp/dessn-component-routes/screenshots/TeamListBulkAction-a96dae49.png
Screenshot saved to: /Users/nimcheema/src/cal.com/apps/web/.temp/dessn-component-routes/screenshots/TimeDial-5c3779db.png
Screenshot saved to: /Users/nimcheema/src/cal.com/apps/web/.temp/dessn-component-routes/screenshots/MassAssignAttributesBulkAction-ddc60947.png
Screenshot saved to: /Users/nimcheema/src/cal.com/apps/web/.temp/dessn-component-routes/screenshots/ChangeUserRoleModal-b95c474a.png
Generated screenshot embedding for TeamListBulkAction-a96dae49
Generated screenshot embedding for TimeDial-5c3779db
Generated screenshot embedding for MassAssignAttributesBulkAction-ddc60947
Generated screenshot embedding for ChangeUserRoleModal-b95c474a
Verification progress: 65% (740/1130)
Verification progress: 66% (741/1130)
Verification progress: 66% (742/1130)
Verification progress: 66% (743/1130)
Screenshot saved to: /Users/nimcheema/src/cal.com/apps/web/.temp/dessn-component-routes/screenshots/DeleteMemberModal-dcc85138.png
Screenshot saved to: /Users/nimcheema/src/cal.com/apps/web/.temp/dessn-component-routes/screenshots/EventTypesList-cc7fe5bb.png
Screenshot saved to: /Users/nimcheema/src/cal.com/apps/web/.temp/dessn-component-routes/screenshots/FailedBookingsByField-a814a7b9.png
Generated screenshot embedding for DeleteMemberModal-dcc85138
Verification progress: 66% (744/1130)
Generated screenshot embedding for EventTypesList-cc7fe5bb
Generated screenshot embedding for FailedBookingsByField-a814a7b9
Verification progress: 66% (745/1130)
Screenshot saved to: /Users/nimcheema/src/cal.com/apps/web/.temp/dessn-component-routes/screenshots/RoutingFormResponsesTable-b5097f64.png
Generated screenshot embedding for RoutingFormResponsesTable-b5097f64
Verification progress: 66% (746/1130)
Verification progress: 66% (747/1130)
Screenshot saved to: /Users/nimcheema/src/cal.com/apps/web/.temp/dessn-component-routes/screenshots/ImpersonationMemberModal-a67d260f.png
Generated screenshot embedding for ImpersonationMemberModal-a67d260f
Verification progress: 66% (748/1130)
Screenshot saved to: /Users/nimcheema/src/cal.com/apps/web/.temp/dessn-component-routes/screenshots/EditForm-058dd038.png
Screenshot saved to: /Users/nimcheema/src/cal.com/apps/web/.temp/dessn-component-routes/screenshots/InsightsPage-ee42b1f7.png
Screenshot saved to: /Users/nimcheema/src/cal.com/apps/web/.temp/dessn-component-routes/screenshots/TableActions-3d2e037c.png
Generated screenshot embedding for EditForm-058dd038
Generated screenshot embedding for InsightsPage-ee42b1f7
Generated screenshot embedding for TableActions-3d2e037c
Verification progress: 66% (749/1130)
Verification progress: 66% (750/1130)
Verification progress: 66% (751/1130)
Screenshot saved to: /Users/nimcheema/src/cal.com/apps/web/.temp/dessn-component-routes/screenshots/InviteMemberModal-5208bf52.png
Generated screenshot embedding for InviteMemberModal-5208bf52
Verification progress: 67% (752/1130)
Screenshot saved to: /Users/nimcheema/src/cal.com/apps/web/.temp/dessn-component-routes/screenshots/OrganizationBanner-2019b246.png
Screenshot saved to: /Users/nimcheema/src/cal.com/apps/web/.temp/dessn-component-routes/screenshots/SheetFooterControls-c83d9740.png
Generated screenshot embedding for OrganizationBanner-2019b246
Generated screenshot embedding for SheetFooterControls-c83d9740
Verification progress: 67% (753/1130)
Verification progress: 67% (754/1130)
Screenshot saved to: /Users/nimcheema/src/cal.com/apps/web/.temp/dessn-component-routes/screenshots/Apps-829a27ef.png
Screenshot saved to: /Users/nimcheema/src/cal.com/apps/web/.temp/dessn-component-routes/screenshots/MembersPage-7bfad88c.png
Screenshot saved to: /Users/nimcheema/src/cal.com/apps/web/.temp/dessn-component-routes/screenshots/AvailabilityEditSheetForm-a8c66f9c.png
Generated screenshot embedding for Apps-829a27ef
Generated screenshot embedding for MembersPage-7bfad88c
Verification progress: 67% (755/1130)
Generated screenshot embedding for AvailabilityEditSheetForm-a8c66f9c
Verification progress: 67% (756/1130)
Verification progress: 67% (757/1130)
Screenshot saved to: /Users/nimcheema/src/cal.com/apps/web/.temp/dessn-component-routes/screenshots/ShellMainAppDirBackButton-4520c6c9.png
Screenshot saved to: /Users/nimcheema/src/cal.com/apps/web/.temp/dessn-component-routes/screenshots/EmptyPage-4486a8b5.png
Screenshot saved to: /Users/nimcheema/src/cal.com/apps/web/.temp/dessn-component-routes/screenshots/UserPage-96071f20.png
Generated screenshot embedding for ShellMainAppDirBackButton-4520c6c9
Generated screenshot embedding for EmptyPage-4486a8b5
Generated screenshot embedding for UserPage-96071f20
Verification progress: 67% (758/1130)
Verification progress: 67% (759/1130)
Verification progress: 67% (760/1130)
Screenshot saved to: /Users/nimcheema/src/cal.com/apps/web/.temp/dessn-component-routes/screenshots/MembersView-6a651bfb.png
Generated screenshot embedding for MembersView-6a651bfb
Verification progress: 67% (761/1130)
Screenshot saved to: /Users/nimcheema/src/cal.com/apps/web/.temp/dessn-component-routes/screenshots/UpgradeTipWrapper-29b4b07f.png
Screenshot saved to: /Users/nimcheema/src/cal.com/apps/web/.temp/dessn-component-routes/screenshots/Layout-e6b3546f.png
Screenshot saved to: /Users/nimcheema/src/cal.com/apps/web/.temp/dessn-component-routes/screenshots/ShellMainAppDir-e10aa4e2.png
Generated screenshot embedding for UpgradeTipWrapper-29b4b07f
Generated screenshot embedding for Layout-e6b3546f
Generated screenshot embedding for ShellMainAppDir-e10aa4e2
Verification progress: 67% (762/1130)
Verification progress: 68% (763/1130)
Verification progress: 68% (764/1130)
Screenshot saved to: /Users/nimcheema/src/cal.com/apps/web/.temp/dessn-component-routes/screenshots/InsightsLayout-ec05e4b7.png
Screenshot saved to: /Users/nimcheema/src/cal.com/apps/web/.temp/dessn-component-routes/screenshots/Router-254954b4.png
Screenshot saved to: /Users/nimcheema/src/cal.com/apps/web/.temp/dessn-component-routes/screenshots/DynamicLink-60790d4b.png
Screenshot saved to: /Users/nimcheema/src/cal.com/apps/web/.temp/dessn-component-routes/screenshots/AppsLayout-f6c895b2.png
Screenshot saved to: /Users/nimcheema/src/cal.com/apps/web/.temp/dessn-component-routes/screenshots/UserPage-125994a6.png
Screenshot saved to: /Users/nimcheema/src/cal.com/apps/web/.temp/dessn-component-routes/screenshots/FilterResults-485d0c51.png
Generated screenshot embedding for InsightsLayout-ec05e4b7
Generated screenshot embedding for Router-254954b4
Generated screenshot embedding for UserPage-125994a6
Verification progress: 68% (765/1130)
Verification progress: 68% (766/1130)
Generated screenshot embedding for AppsLayout-f6c895b2
Generated screenshot embedding for FilterResults-485d0c51
Generated screenshot embedding for DynamicLink-60790d4b
Verification progress: 68% (767/1130)
Verification progress: 68% (768/1130)
Verification progress: 68% (769/1130)
Verification progress: 68% (770/1130)
Screenshot saved to: /Users/nimcheema/src/cal.com/apps/web/.temp/dessn-component-routes/screenshots/CopyButton-ed9d971b.png
Screenshot saved to: /Users/nimcheema/src/cal.com/apps/web/.temp/dessn-component-routes/screenshots/EmptyScreen-09a2fafb.png
Screenshot saved to: /Users/nimcheema/src/cal.com/apps/web/.temp/dessn-component-routes/screenshots/SkeletonLoader-2818d12c.png
Generated screenshot embedding for CopyButton-ed9d971b
Generated screenshot embedding for SkeletonLoader-2818d12c
Generated screenshot embedding for EmptyScreen-09a2fafb
Verification progress: 68% (771/1130)
Verification progress: 68% (772/1130)
Verification progress: 68% (773/1130)
Screenshot saved to: /Users/nimcheema/src/cal.com/apps/web/.temp/dessn-component-routes/screenshots/ServerPageWrapper-ff287314.png
Generated screenshot embedding for ServerPageWrapper-ff287314
Verification progress: 68% (774/1130)
Screenshot saved to: /Users/nimcheema/src/cal.com/apps/web/.temp/dessn-component-routes/screenshots/Error500-7d708afe.png
Generated screenshot embedding for Error500-7d708afe
Verification progress: 69% (775/1130)
Screenshot saved to: /Users/nimcheema/src/cal.com/apps/web/.temp/dessn-component-routes/screenshots/DatePicker-a9624c54.png
Generated screenshot embedding for DatePicker-a9624c54
Verification progress: 69% (776/1130)
Screenshot saved to: /Users/nimcheema/src/cal.com/apps/web/.temp/dessn-component-routes/screenshots/MinutesField-11e67f04.png
Generated screenshot embedding for MinutesField-11e67f04
Verification progress: 69% (777/1130)
Screenshot saved to: /Users/nimcheema/src/cal.com/apps/web/.temp/dessn-component-routes/screenshots/Page-634d8a9c.png
Generated screenshot embedding for Page-634d8a9c
Screenshot saved to: /Users/nimcheema/src/cal.com/apps/web/.temp/dessn-component-routes/screenshots/ServerPage-ed808d49.png
Verification progress: 69% (778/1130)
Generated screenshot embedding for ServerPage-ed808d49
Verification progress: 69% (779/1130)
Screenshot saved to: /Users/nimcheema/src/cal.com/apps/web/.temp/dessn-component-routes/screenshots/Select-038f8497.png
Screenshot saved to: /Users/nimcheema/src/cal.com/apps/web/.temp/dessn-component-routes/screenshots/SelectWithValidation-038f8497.png
Generated screenshot embedding for Select-038f8497
Generated screenshot embedding for SelectWithValidation-038f8497
Verification progress: 69% (780/1130)
Verification progress: 69% (781/1130)
Screenshot saved to: /Users/nimcheema/src/cal.com/apps/web/.temp/dessn-component-routes/screenshots/InputComponent-038f8497.png
Screenshot saved to: /Users/nimcheema/src/cal.com/apps/web/.temp/dessn-component-routes/screenshots/UserListTable-dec9cac0.png
Screenshot saved to: /Users/nimcheema/src/cal.com/apps/web/.temp/dessn-component-routes/screenshots/Page-de41206e.png
Screenshot saved to: /Users/nimcheema/src/cal.com/apps/web/.temp/dessn-component-routes/screenshots/CreateEventsOnCalendarSelect-333a0aa3.png
Screenshot saved to: /Users/nimcheema/src/cal.com/apps/web/.temp/dessn-component-routes/screenshots/CheckedSelect-2817b0b2.png
Generated screenshot embedding for UserListTable-dec9cac0
Generated screenshot embedding for Page-de41206e
Generated screenshot embedding for InputComponent-038f8497
Verification progress: 69% (782/1130)
Verification progress: 69% (783/1130)
Generated screenshot embedding for CreateEventsOnCalendarSelect-333a0aa3
Verification progress: 69% (784/1130)
Generated screenshot embedding for CheckedSelect-2817b0b2
Verification progress: 69% (785/1130)
Verification progress: 70% (786/1130)
Screenshot saved to: /Users/nimcheema/src/cal.com/apps/web/.temp/dessn-component-routes/screenshots/SetupAvailability-6d0c881b.png
Screenshot saved to: /Users/nimcheema/src/cal.com/apps/web/.temp/dessn-component-routes/screenshots/ConnectedCalendarItem-b5832dcd.png
Screenshot saved to: /Users/nimcheema/src/cal.com/apps/web/.temp/dessn-component-routes/screenshots/StepConnectionLoader-b3458405.png
Screenshot saved to: /Users/nimcheema/src/cal.com/apps/web/.temp/dessn-component-routes/screenshots/AppConnectionItem-6f88c83c.png
Generated screenshot embedding for StepConnectionLoader-b3458405
Generated screenshot embedding for AppConnectionItem-6f88c83c
Generated screenshot embedding for SetupAvailability-6d0c881b
Verification progress: 70% (787/1130)
Verification progress: 70% (788/1130)
Generated screenshot embedding for ConnectedCalendarItem-b5832dcd
Verification progress: 70% (789/1130)
Verification progress: 70% (790/1130)
Screenshot saved to: /Users/nimcheema/src/cal.com/apps/web/.temp/dessn-component-routes/screenshots/ServerPage-c1e73d4a.png
Generated screenshot embedding for ServerPage-c1e73d4a
Verification progress: 70% (791/1130)
Screenshot saved to: /Users/nimcheema/src/cal.com/apps/web/.temp/dessn-component-routes/screenshots/EventTypeAppSettings-c1607e84.png
Generated screenshot embedding for EventTypeAppSettings-c1607e84
Verification progress: 70% (792/1130)
Screenshot saved to: /Users/nimcheema/src/cal.com/apps/web/.temp/dessn-component-routes/screenshots/EditUserSheet-8a9d3afb.png
Screenshot saved to: /Users/nimcheema/src/cal.com/apps/web/.temp/dessn-component-routes/screenshots/ConnectedCalendars-42666677.png
Screenshot saved to: /Users/nimcheema/src/cal.com/apps/web/.temp/dessn-component-routes/screenshots/UserSettings-9bb65ca7.png
Generated screenshot embedding for EditUserSheet-8a9d3afb
Generated screenshot embedding for UserSettings-9bb65ca7
Verification progress: 70% (793/1130)
Verification progress: 70% (794/1130)
Generated screenshot embedding for ConnectedCalendars-42666677
Verification progress: 70% (795/1130)
Screenshot saved to: /Users/nimcheema/src/cal.com/apps/web/.temp/dessn-component-routes/screenshots/UserProfile-2b7f371e.png
Generated screenshot embedding for UserProfile-2b7f371e
Verification progress: 70% (796/1130)
Screenshot saved to: /Users/nimcheema/src/cal.com/apps/web/.temp/dessn-component-routes/screenshots/AccountsStepCard-da873d21.png
Screenshot saved to: /Users/nimcheema/src/cal.com/apps/web/.temp/dessn-component-routes/screenshots/StepHeader-eb43ba66.png
Generated screenshot embedding for AccountsStepCard-da873d21
Generated screenshot embedding for StepHeader-eb43ba66
Verification progress: 71% (797/1130)
Verification progress: 71% (798/1130)
Screenshot saved to: /Users/nimcheema/src/cal.com/apps/web/.temp/dessn-component-routes/screenshots/EventTypesStepCard-f78916c7.png
Generated screenshot embedding for EventTypesStepCard-f78916c7
Verification progress: 71% (799/1130)
Screenshot saved to: /Users/nimcheema/src/cal.com/apps/web/.temp/dessn-component-routes/screenshots/ServerPage-b7d87317.png
Screenshot saved to: /Users/nimcheema/src/cal.com/apps/web/.temp/dessn-component-routes/screenshots/Error403-d2857dc8.png
Generated screenshot embedding for ServerPage-b7d87317
Verification progress: 71% (800/1130)
Generated screenshot embedding for Error403-d2857dc8
Verification progress: 71% (801/1130)
Screenshot saved to: /Users/nimcheema/src/cal.com/apps/web/.temp/dessn-component-routes/screenshots/InstalledAppsLayout-c00e20c2.png
Generated screenshot embedding for InstalledAppsLayout-c00e20c2
Verification progress: 71% (802/1130)
Screenshot saved to: /Users/nimcheema/src/cal.com/apps/web/.temp/dessn-component-routes/screenshots/MeetingNotStarted-dfafe71a.png
Screenshot saved to: /Users/nimcheema/src/cal.com/apps/web/.temp/dessn-component-routes/screenshots/getLayout-c00e20c2.png
Generated screenshot embedding for MeetingNotStarted-dfafe71a
Verification progress: 71% (803/1130)
Generated screenshot embedding for getLayout-c00e20c2
Verification progress: 71% (804/1130)
Screenshot saved to: /Users/nimcheema/src/cal.com/apps/web/.temp/dessn-component-routes/screenshots/JoinCall-a378c339.png
Generated screenshot embedding for JoinCall-a378c339
Verification progress: 71% (805/1130)
Screenshot saved to: /Users/nimcheema/src/cal.com/apps/web/.temp/dessn-component-routes/screenshots/NoMeetingFound-8353e749.png
Generated screenshot embedding for NoMeetingFound-8353e749
Verification progress: 71% (806/1130)
Screenshot saved to: /Users/nimcheema/src/cal.com/apps/web/.temp/dessn-component-routes/screenshots/ApiKeyListItem-ccabc2db.png
Generated screenshot embedding for ApiKeyListItem-ccabc2db
Verification progress: 71% (807/1130)
Screenshot saved to: /Users/nimcheema/src/cal.com/apps/web/.temp/dessn-component-routes/screenshots/VideoMeetingInfo-a378c339.png
Generated screenshot embedding for VideoMeetingInfo-a378c339
Verification progress: 72% (808/1130)
Screenshot saved to: /Users/nimcheema/src/cal.com/apps/web/.temp/dessn-component-routes/screenshots/ApiKeyDialogForm-5ee426be.png
Generated screenshot embedding for ApiKeyDialogForm-5ee426be
Verification progress: 72% (809/1130)
Screenshot saved to: /Users/nimcheema/src/cal.com/apps/web/.temp/dessn-component-routes/screenshots/NewApiKeyButton-cfb68dec.png
Generated screenshot embedding for NewApiKeyButton-cfb68dec
Verification progress: 72% (810/1130)
Screenshot saved to: /Users/nimcheema/src/cal.com/apps/web/.temp/dessn-component-routes/screenshots/EventTypeConferencingAppSettings-6c327acd.png
Screenshot saved to: /Users/nimcheema/src/cal.com/apps/web/.temp/dessn-component-routes/screenshots/CalAiTranscribe-ac3deaf2.png
Generated screenshot embedding for EventTypeConferencingAppSettings-6c327acd
Verification progress: 72% (811/1130)
Generated screenshot embedding for CalAiTranscribe-ac3deaf2
Verification progress: 72% (812/1130)
Screenshot saved to: /Users/nimcheema/src/cal.com/apps/web/.temp/dessn-component-routes/screenshots/EventTypeAppSettingsWrapper-ce51c992.png
Generated screenshot embedding for EventTypeAppSettingsWrapper-ce51c992
Verification progress: 72% (813/1130)
Screenshot saved to: /Users/nimcheema/src/cal.com/apps/web/.temp/dessn-component-routes/screenshots/ApiKeysView-cfb68dec.png
Generated screenshot embedding for ApiKeysView-cfb68dec
Verification progress: 72% (814/1130)
Screenshot saved to: /Users/nimcheema/src/cal.com/apps/web/.temp/dessn-component-routes/screenshots/OAuthView-1aea8abc.png
Generated screenshot embedding for OAuthView-1aea8abc
Verification progress: 72% (815/1130)
Screenshot saved to: /Users/nimcheema/src/cal.com/apps/web/.temp/dessn-component-routes/screenshots/ThemeLabel-6c1d1d37.png
Generated screenshot embedding for ThemeLabel-6c1d1d37
Verification progress: 72% (816/1130)
Screenshot saved to: /Users/nimcheema/src/cal.com/apps/web/.temp/dessn-component-routes/screenshots/MeetingUnavailable-41ae776c.png
Generated screenshot embedding for MeetingUnavailable-41ae776c
Verification progress: 72% (817/1130)
Screenshot saved to: /Users/nimcheema/src/cal.com/apps/web/.temp/dessn-component-routes/screenshots/AppearancePage-3f227771.png
Screenshot saved to: /Users/nimcheema/src/cal.com/apps/web/.temp/dessn-component-routes/screenshots/HelpCards-2a839df3.png
Generated screenshot embedding for AppearancePage-3f227771
Generated screenshot embedding for HelpCards-2a839df3
Verification progress: 72% (818/1130)
Verification progress: 72% (819/1130)
Screenshot saved to: /Users/nimcheema/src/cal.com/apps/web/.temp/dessn-component-routes/screenshots/NoPlatformPlan-831434aa.png
Screenshot saved to: /Users/nimcheema/src/cal.com/apps/web/.temp/dessn-component-routes/screenshots/OAuthClientsList-74a871c3.png
Screenshot saved to: /Users/nimcheema/src/cal.com/apps/web/.temp/dessn-component-routes/screenshots/OAuthClientCard-f235550d.png
Screenshot saved to: /Users/nimcheema/src/cal.com/apps/web/.temp/dessn-component-routes/screenshots/LockedSMSView-de032f01.png
Generated screenshot embedding for NoPlatformPlan-831434aa
Verification progress: 73% (820/1130)
Generated screenshot embedding for LockedSMSView-de032f01
Generated screenshot embedding for OAuthClientsList-74a871c3
Verification progress: 73% (821/1130)
Generated screenshot embedding for OAuthClientCard-f235550d
Verification progress: 73% (822/1130)
Verification progress: 73% (823/1130)
Screenshot saved to: /Users/nimcheema/src/cal.com/apps/web/.temp/dessn-component-routes/screenshots/PlatformBillingCard-df75b971.png
Generated screenshot embedding for PlatformBillingCard-df75b971
Verification progress: 73% (824/1130)
Screenshot saved to: /Users/nimcheema/src/cal.com/apps/web/.temp/dessn-component-routes/screenshots/WorkflowsPage-ef1f9fec.png
Generated screenshot embedding for WorkflowsPage-ef1f9fec
Verification progress: 73% (825/1130)
Screenshot saved to: /Users/nimcheema/src/cal.com/apps/web/.temp/dessn-component-routes/screenshots/ConfigureStepCard-163a019f.png
Screenshot saved to: /Users/nimcheema/src/cal.com/apps/web/.temp/dessn-component-routes/screenshots/Platform-afad4727.png
Screenshot saved to: /Users/nimcheema/src/cal.com/apps/web/.temp/dessn-component-routes/screenshots/PlatformPricing-eeb5570f.png
Generated screenshot embedding for ConfigureStepCard-163a019f
Generated screenshot embedding for Platform-afad4727
Generated screenshot embedding for PlatformPricing-eeb5570f
Verification progress: 73% (826/1130)
Verification progress: 73% (827/1130)
Verification progress: 73% (828/1130)
Screenshot saved to: /Users/nimcheema/src/cal.com/apps/web/.temp/dessn-component-routes/screenshots/ConnectedVideoStep-eff0cdd4.png
Screenshot saved to: /Users/nimcheema/src/cal.com/apps/web/.temp/dessn-component-routes/screenshots/UsersTable-2d5d66f0.png
Screenshot saved to: /Users/nimcheema/src/cal.com/apps/web/.temp/dessn-component-routes/screenshots/TwoFactorAuthView-c863466c.png
Generated screenshot embedding for TwoFactorAuthView-c863466c
Generated screenshot embedding for UsersTable-2d5d66f0
Generated screenshot embedding for ConnectedVideoStep-eff0cdd4
Verification progress: 73% (829/1130)
Verification progress: 73% (830/1130)
Verification progress: 74% (831/1130)
Screenshot saved to: /Users/nimcheema/src/cal.com/apps/web/.temp/dessn-component-routes/screenshots/PasswordViewWrapper-5b7ed519.png
Generated screenshot embedding for PasswordViewWrapper-5b7ed519
Verification progress: 74% (832/1130)
Screenshot saved to: /Users/nimcheema/src/cal.com/apps/web/.temp/dessn-component-routes/screenshots/ImpersonationView-43da18c2.png
Screenshot saved to: /Users/nimcheema/src/cal.com/apps/web/.temp/dessn-component-routes/screenshots/CtaRow-4adac0a6.png
Generated screenshot embedding for ImpersonationView-43da18c2
Generated screenshot embedding for CtaRow-4adac0a6
Verification progress: 74% (833/1130)
Verification progress: 74% (834/1130)
Screenshot saved to: /Users/nimcheema/src/cal.com/apps/web/.temp/dessn-component-routes/screenshots/ConfirmDialog-042f1111.png
Screenshot saved to: /Users/nimcheema/src/cal.com/apps/web/.temp/dessn-component-routes/screenshots/BillingView-4adac0a6.png
Screenshot saved to: /Users/nimcheema/src/cal.com/apps/web/.temp/dessn-component-routes/screenshots/ProfileImpersonationViewWrapper-ba3d27b4.png
Generated screenshot embedding for BillingView-4adac0a6
Verification progress: 74% (835/1130)
Generated screenshot embedding for ConfirmDialog-042f1111
Screenshot saved to: /Users/nimcheema/src/cal.com/apps/web/.temp/dessn-component-routes/screenshots/EventTypeFilter-fdd7f3f6.png
Generated screenshot embedding for ProfileImpersonationViewWrapper-ba3d27b4
Screenshot saved to: /Users/nimcheema/src/cal.com/apps/web/.temp/dessn-component-routes/screenshots/StartTimeFilters-aedebba2.png
Verification progress: 74% (836/1130)
Screenshot saved to: /Users/nimcheema/src/cal.com/apps/web/.temp/dessn-component-routes/screenshots/FiltersContainer-6617fe0b.png
Screenshot saved to: /Users/nimcheema/src/cal.com/apps/web/.temp/dessn-component-routes/screenshots/WipeMyCalActionButton-9616ecca.png
Verification progress: 74% (837/1130)
Generated screenshot embedding for EventTypeFilter-fdd7f3f6
Generated screenshot embedding for StartTimeFilters-aedebba2
Generated screenshot embedding for FiltersContainer-6617fe0b
Verification progress: 74% (838/1130)
Generated screenshot embedding for WipeMyCalActionButton-9616ecca
Verification progress: 74% (839/1130)
Verification progress: 74% (840/1130)
Verification progress: 74% (841/1130)
Screenshot saved to: /Users/nimcheema/src/cal.com/apps/web/.temp/dessn-component-routes/screenshots/DryRunSuccessful-dbf1a934.png
Generated screenshot embedding for DryRunSuccessful-dbf1a934
Verification progress: 75% (842/1130)
Screenshot saved to: /Users/nimcheema/src/cal.com/apps/web/.temp/dessn-component-routes/screenshots/EventTypePageWrapper-4199603c.png
Screenshot saved to: /Users/nimcheema/src/cal.com/apps/web/.temp/dessn-component-routes/screenshots/InfiniteSkeletonLoader-c644e4cc.png
Screenshot saved to: /Users/nimcheema/src/cal.com/apps/web/.temp/dessn-component-routes/screenshots/DuplicateDialog-5b9ece8b.png
Screenshot saved to: /Users/nimcheema/src/cal.com/apps/web/.temp/dessn-component-routes/screenshots/FilterToggle-9cb62557.png
Screenshot saved to: /Users/nimcheema/src/cal.com/apps/web/.temp/dessn-component-routes/screenshots/SkeletonLoader-c644e4cc.png
Screenshot saved to: /Users/nimcheema/src/cal.com/apps/web/.temp/dessn-component-routes/screenshots/PeopleFilter-194dbd47.png
Screenshot saved to: /Users/nimcheema/src/cal.com/apps/web/.temp/dessn-component-routes/screenshots/Bookings-d233ccf5.png
Generated screenshot embedding for EventTypePageWrapper-4199603c
Generated screenshot embedding for InfiniteSkeletonLoader-c644e4cc
Generated screenshot embedding for PeopleFilter-194dbd47
Generated screenshot embedding for SkeletonLoader-c644e4cc
Verification progress: 75% (843/1130)
Generated screenshot embedding for FilterToggle-9cb62557
Verification progress: 75% (844/1130)
Verification progress: 75% (845/1130)
Verification progress: 75% (846/1130)
Generated screenshot embedding for DuplicateDialog-5b9ece8b
Generated screenshot embedding for Bookings-d233ccf5
Verification progress: 75% (847/1130)
Verification progress: 75% (848/1130)
Verification progress: 75% (849/1130)
Screenshot saved to: /Users/nimcheema/src/cal.com/apps/web/.temp/dessn-component-routes/screenshots/OnboardingPage-07cae914.png
Generated screenshot embedding for OnboardingPage-07cae914
Verification progress: 75% (850/1130)
Screenshot saved to: /Users/nimcheema/src/cal.com/apps/web/.temp/dessn-component-routes/screenshots/OnboardingPage-b821d050.png
Screenshot saved to: /Users/nimcheema/src/cal.com/apps/web/.temp/dessn-component-routes/screenshots/EventTypesCTA-b42c32d8.png
Screenshot saved to: /Users/nimcheema/src/cal.com/apps/web/.temp/dessn-component-routes/screenshots/Authorize-dacb6ab0.png
Screenshot saved to: /Users/nimcheema/src/cal.com/apps/web/.temp/dessn-component-routes/screenshots/ForgotPassword-66cb74df.png
Screenshot saved to: /Users/nimcheema/src/cal.com/apps/web/.temp/dessn-component-routes/screenshots/Authorize-cd9c6675.png
Generated screenshot embedding for OnboardingPage-b821d050
Generated screenshot embedding for ForgotPassword-66cb74df
Screenshot saved to: /Users/nimcheema/src/cal.com/apps/web/.temp/dessn-component-routes/screenshots/InfiniteEventTypeList-b42c32d8.png
Generated screenshot embedding for Authorize-dacb6ab0
Generated screenshot embedding for Authorize-cd9c6675
Generated screenshot embedding for EventTypesCTA-b42c32d8
Generated screenshot embedding for InfiniteEventTypeList-b42c32d8
Verification progress: 75% (851/1130)
Verification progress: 75% (852/1130)
Verification progress: 75% (853/1130)
Verification progress: 76% (854/1130)
Screenshot saved to: /Users/nimcheema/src/cal.com/apps/web/.temp/dessn-component-routes/screenshots/Type-b0ef107b.png
Verification progress: 76% (855/1130)
Verification progress: 76% (856/1130)
Generated screenshot embedding for Type-b0ef107b
Verification progress: 76% (857/1130)
Screenshot saved to: /Users/nimcheema/src/cal.com/apps/web/.temp/dessn-component-routes/screenshots/TroubleshooterListItemHeader-42bb11bc.png
Generated screenshot embedding for TroubleshooterListItemHeader-42bb11bc
Verification progress: 76% (858/1130)
Screenshot saved to: /Users/nimcheema/src/cal.com/apps/web/.temp/dessn-component-routes/screenshots/TroubleshooterListItemContainer-42bb11bc.png
Generated screenshot embedding for TroubleshooterListItemContainer-42bb11bc
Verification progress: 76% (859/1130)
Screenshot saved to: /Users/nimcheema/src/cal.com/apps/web/.temp/dessn-component-routes/screenshots/TroubleshooterSidebar-798100de.png
Screenshot saved to: /Users/nimcheema/src/cal.com/apps/web/.temp/dessn-component-routes/screenshots/EventTypesPage-b42c32d8.png
Screenshot saved to: /Users/nimcheema/src/cal.com/apps/web/.temp/dessn-component-routes/screenshots/LargeCalendar-13e879fa.png
Generated screenshot embedding for EventTypesPage-b42c32d8
Generated screenshot embedding for LargeCalendar-13e879fa
Generated screenshot embedding for TroubleshooterSidebar-798100de
Verification progress: 76% (860/1130)
Verification progress: 76% (861/1130)
Verification progress: 76% (862/1130)
Screenshot saved to: /Users/nimcheema/src/cal.com/apps/web/.temp/dessn-component-routes/screenshots/Troubleshooter-d123399c.png
Generated screenshot embedding for Troubleshooter-d123399c
Verification progress: 76% (863/1130)
Screenshot saved to: /Users/nimcheema/src/cal.com/apps/web/.temp/dessn-component-routes/screenshots/TroubleshooterHeader-f4730804.png
Screenshot saved to: /Users/nimcheema/src/cal.com/apps/web/.temp/dessn-component-routes/screenshots/CalendarToggleContainer-fec9df03.png
Generated screenshot embedding for TroubleshooterHeader-f4730804
Generated screenshot embedding for CalendarToggleContainer-fec9df03
Verification progress: 76% (864/1130)
Verification progress: 77% (865/1130)
Screenshot saved to: /Users/nimcheema/src/cal.com/apps/web/.temp/dessn-component-routes/screenshots/Apps-9fc95727.png
Screenshot saved to: /Users/nimcheema/src/cal.com/apps/web/.temp/dessn-component-routes/screenshots/SingleAppPage-6ba5c8e9.png
Generated screenshot embedding for Apps-9fc95727
Verification progress: 77% (866/1130)
Generated screenshot embedding for SingleAppPage-6ba5c8e9
Verification progress: 77% (867/1130)
Screenshot saved to: /Users/nimcheema/src/cal.com/apps/web/.temp/dessn-component-routes/screenshots/TroubleshooterPage-c37a576b.png
Generated screenshot embedding for TroubleshooterPage-c37a576b
Verification progress: 77% (868/1130)
Screenshot saved to: /Users/nimcheema/src/cal.com/apps/web/.temp/dessn-component-routes/screenshots/EventTypeSelect-b66befa5.png
Generated screenshot embedding for EventTypeSelect-b66befa5
Verification progress: 77% (869/1130)
Screenshot saved to: /Users/nimcheema/src/cal.com/apps/web/.temp/dessn-component-routes/screenshots/EventScheduleItem-e4e837b1.png
Generated screenshot embedding for EventScheduleItem-e4e837b1
Verification progress: 77% (870/1130)
Screenshot saved to: /Users/nimcheema/src/cal.com/apps/web/.temp/dessn-component-routes/screenshots/AdminLayoutAppDirClient-678d54df.png
Generated screenshot embedding for AdminLayoutAppDirClient-678d54df
Verification progress: 77% (871/1130)
Screenshot saved to: /Users/nimcheema/src/cal.com/apps/web/.temp/dessn-component-routes/screenshots/ServerPageWrapper-d77b96ea.png
Screenshot saved to: /Users/nimcheema/src/cal.com/apps/web/.temp/dessn-component-routes/screenshots/SettingsLayoutAppDir-e6f898f5.png
Generated screenshot embedding for SettingsLayoutAppDir-e6f898f5
Generated screenshot embedding for ServerPageWrapper-d77b96ea
Screenshot saved to: /Users/nimcheema/src/cal.com/apps/web/.temp/dessn-component-routes/screenshots/Type-8ae77e7c.png
Verification progress: 77% (872/1130)
Verification progress: 77% (873/1130)
Generated screenshot embedding for Type-8ae77e7c
Verification progress: 77% (874/1130)
Screenshot saved to: /Users/nimcheema/src/cal.com/apps/web/.temp/dessn-component-routes/screenshots/AdminLayoutAppDir-ff17cc21.png
Generated screenshot embedding for AdminLayoutAppDir-ff17cc21
Verification progress: 77% (875/1130)
Screenshot saved to: /Users/nimcheema/src/cal.com/apps/web/.temp/dessn-component-routes/screenshots/Page-655819dd.png
Generated screenshot embedding for Page-655819dd
Verification progress: 78% (876/1130)
Screenshot saved to: /Users/nimcheema/src/cal.com/apps/web/.temp/dessn-component-routes/screenshots/Type-8457f971.png
Generated screenshot embedding for Type-8457f971
Verification progress: 78% (877/1130)
Screenshot saved to: /Users/nimcheema/src/cal.com/apps/web/.temp/dessn-component-routes/screenshots/Page-4c815c24.png
Generated screenshot embedding for Page-4c815c24
Verification progress: 78% (878/1130)
Screenshot saved to: /Users/nimcheema/src/cal.com/apps/web/.temp/dessn-component-routes/screenshots/Page-0d4ae93d.png
Generated screenshot embedding for Page-0d4ae93d
Verification progress: 78% (879/1130)
Screenshot saved to: /Users/nimcheema/src/cal.com/apps/web/.temp/dessn-component-routes/screenshots/ServerPage-ff73cec6.png
Generated screenshot embedding for ServerPage-ff73cec6
Verification progress: 78% (880/1130)
Screenshot saved to: /Users/nimcheema/src/cal.com/apps/web/.temp/dessn-component-routes/screenshots/ServerPage-012563f7.png
Generated screenshot embedding for ServerPage-012563f7
Verification progress: 78% (881/1130)
Screenshot saved to: /Users/nimcheema/src/cal.com/apps/web/.temp/dessn-component-routes/screenshots/PaypalPaymentComponent-16e81d70.png
Generated screenshot embedding for PaypalPaymentComponent-16e81d70
Verification progress: 78% (882/1130)
Screenshot saved to: /Users/nimcheema/src/cal.com/apps/web/.temp/dessn-component-routes/screenshots/Page-879e1123.png
Screenshot saved to: /Users/nimcheema/src/cal.com/apps/web/.temp/dessn-component-routes/screenshots/AlbyPaymentComponent-6ac4e796.png
Generated screenshot embedding for Page-879e1123
Verification progress: 78% (883/1130)
Screenshot saved to: /Users/nimcheema/src/cal.com/apps/web/.temp/dessn-component-routes/screenshots/Page-89ec9727.png
Generated screenshot embedding for AlbyPaymentComponent-6ac4e796
Verification progress: 78% (884/1130)
Generated screenshot embedding for Page-89ec9727
Verification progress: 78% (885/1130)
Screenshot saved to: /Users/nimcheema/src/cal.com/apps/web/.temp/dessn-component-routes/screenshots/HitpayPaymentComponent-b67bb841.png
Screenshot saved to: /Users/nimcheema/src/cal.com/apps/web/.temp/dessn-component-routes/screenshots/PaymentComponent-bab67fab.png
Generated screenshot embedding for HitpayPaymentComponent-b67bb841
Generated screenshot embedding for PaymentComponent-bab67fab
Verification progress: 78% (886/1130)
Verification progress: 78% (887/1130)
Screenshot saved to: /Users/nimcheema/src/cal.com/apps/web/.temp/dessn-component-routes/screenshots/ServerPage-ca832dc2.png
Generated screenshot embedding for ServerPage-ca832dc2
Verification progress: 79% (888/1130)
Screenshot saved to: /Users/nimcheema/src/cal.com/apps/web/.temp/dessn-component-routes/screenshots/PaymentFormComponent-bab67fab.png
Generated screenshot embedding for PaymentFormComponent-bab67fab
Verification progress: 79% (889/1130)
Screenshot saved to: /Users/nimcheema/src/cal.com/apps/web/.temp/dessn-component-routes/screenshots/Page-ec38c717.png
Generated screenshot embedding for Page-ec38c717
Verification progress: 79% (890/1130)
Screenshot saved to: /Users/nimcheema/src/cal.com/apps/web/.temp/dessn-component-routes/screenshots/PaymentPage-2cf25ab8.png
Screenshot saved to: /Users/nimcheema/src/cal.com/apps/web/.temp/dessn-component-routes/screenshots/ServerPage-4869ecb4.png
Generated screenshot embedding for PaymentPage-2cf25ab8
Generated screenshot embedding for ServerPage-4869ecb4
Verification progress: 79% (891/1130)
Verification progress: 79% (892/1130)
Screenshot saved to: /Users/nimcheema/src/cal.com/apps/web/.temp/dessn-component-routes/screenshots/ServerPage-466331bc.png
Screenshot saved to: /Users/nimcheema/src/cal.com/apps/web/.temp/dessn-component-routes/screenshots/SettingsLayoutAppDirClient-b5242080.png
Generated screenshot embedding for ServerPage-466331bc
Generated screenshot embedding for SettingsLayoutAppDirClient-b5242080
Verification progress: 79% (893/1130)
Verification progress: 79% (894/1130)
Screenshot saved to: /Users/nimcheema/src/cal.com/apps/web/.temp/dessn-component-routes/screenshots/Page-c2a14168.png
Generated screenshot embedding for Page-c2a14168
Verification progress: 79% (895/1130)
Screenshot saved to: /Users/nimcheema/src/cal.com/apps/web/.temp/dessn-component-routes/screenshots/ServerPage-16d99d31.png
Generated screenshot embedding for ServerPage-16d99d31
Verification progress: 79% (896/1130)
Screenshot saved to: /Users/nimcheema/src/cal.com/apps/web/.temp/dessn-component-routes/screenshots/Page-7eabd6b1.png
Screenshot saved to: /Users/nimcheema/src/cal.com/apps/web/.temp/dessn-component-routes/screenshots/ServerPageWrapper-10f1a602.png
Generated screenshot embedding for ServerPageWrapper-10f1a602
Generated screenshot embedding for Page-7eabd6b1
Verification progress: 79% (897/1130)
Verification progress: 79% (898/1130)
Screenshot saved to: /Users/nimcheema/src/cal.com/apps/web/.temp/dessn-component-routes/screenshots/ServerPage-f23f580b.png
Generated screenshot embedding for ServerPage-f23f580b
Verification progress: 80% (899/1130)
Screenshot saved to: /Users/nimcheema/src/cal.com/apps/web/.temp/dessn-component-routes/screenshots/ServerPage-c269ae6b.png
Screenshot saved to: /Users/nimcheema/src/cal.com/apps/web/.temp/dessn-component-routes/screenshots/ServerPage-50204489.png
Screenshot saved to: /Users/nimcheema/src/cal.com/apps/web/.temp/dessn-component-routes/screenshots/SkeletonLoader-2b744789.png
Screenshot saved to: /Users/nimcheema/src/cal.com/apps/web/.temp/dessn-component-routes/screenshots/AddActionDialog-975c64f8.png
Generated screenshot embedding for ServerPage-50204489
Generated screenshot embedding for ServerPage-c269ae6b
Verification progress: 80% (900/1130)
Verification progress: 80% (901/1130)
Generated screenshot embedding for SkeletonLoader-2b744789
Verification progress: 80% (902/1130)
Generated screenshot embedding for AddActionDialog-975c64f8
Verification progress: 80% (903/1130)
Screenshot saved to: /Users/nimcheema/src/cal.com/apps/web/.temp/dessn-component-routes/screenshots/ServerPage-e20c27a5.png
Generated screenshot embedding for ServerPage-e20c27a5
Verification progress: 80% (904/1130)
Screenshot saved to: /Users/nimcheema/src/cal.com/apps/web/.temp/dessn-component-routes/screenshots/SamlIdpPage-5a6274b8.png
Screenshot saved to: /Users/nimcheema/src/cal.com/apps/web/.temp/dessn-component-routes/screenshots/WorkflowPage-9d1e84ca.png
Generated screenshot embedding for SamlIdpPage-5a6274b8
Verification progress: 80% (905/1130)
Generated screenshot embedding for WorkflowPage-9d1e84ca
Verification progress: 80% (906/1130)
Screenshot saved to: /Users/nimcheema/src/cal.com/apps/web/.temp/dessn-component-routes/screenshots/ServerPage-ce0a7481.png
Generated screenshot embedding for ServerPage-ce0a7481
Verification progress: 80% (907/1130)
Screenshot saved to: /Users/nimcheema/src/cal.com/apps/web/.temp/dessn-component-routes/screenshots/TroubleshooterLayout-61b75ead.png
Generated screenshot embedding for TroubleshooterLayout-61b75ead
Verification progress: 80% (908/1130)
Screenshot saved to: /Users/nimcheema/src/cal.com/apps/web/.temp/dessn-component-routes/screenshots/Page-a21ce6a5.png
Generated screenshot embedding for Page-a21ce6a5
Verification progress: 80% (909/1130)
Screenshot saved to: /Users/nimcheema/src/cal.com/apps/web/.temp/dessn-component-routes/screenshots/WorkflowDetailsPage-fae903c3.png
Generated screenshot embedding for WorkflowDetailsPage-fae903c3
Verification progress: 81% (910/1130)
Screenshot saved to: /Users/nimcheema/src/cal.com/apps/web/.temp/dessn-component-routes/screenshots/Page-df3bd974.png
Generated screenshot embedding for Page-df3bd974
Verification progress: 81% (911/1130)
Screenshot saved to: /Users/nimcheema/src/cal.com/apps/web/.temp/dessn-component-routes/screenshots/ServerPage-af0e90a3.png
Generated screenshot embedding for ServerPage-af0e90a3
Verification progress: 81% (912/1130)
Screenshot saved to: /Users/nimcheema/src/cal.com/apps/web/.temp/dessn-component-routes/screenshots/Layout-d0a5e0f4.png
Screenshot saved to: /Users/nimcheema/src/cal.com/apps/web/.temp/dessn-component-routes/screenshots/ServerPage-7fd5e535.png
Generated screenshot embedding for Layout-d0a5e0f4
Generated screenshot embedding for ServerPage-7fd5e535
Verification progress: 81% (913/1130)
Verification progress: 81% (914/1130)
Screenshot saved to: /Users/nimcheema/src/cal.com/apps/web/.temp/dessn-component-routes/screenshots/RoutingForms-0b83342f.png
Generated screenshot embedding for RoutingForms-0b83342f
Verification progress: 81% (915/1130)
Screenshot saved to: /Users/nimcheema/src/cal.com/apps/web/.temp/dessn-component-routes/screenshots/ServerPage-eeac27b2.png
Generated screenshot embedding for ServerPage-eeac27b2
Verification progress: 81% (916/1130)
Screenshot saved to: /Users/nimcheema/src/cal.com/apps/web/.temp/dessn-component-routes/screenshots/ServerPage-3f93573c.png
Generated screenshot embedding for ServerPage-3f93573c
Verification progress: 81% (917/1130)
Screenshot saved to: /Users/nimcheema/src/cal.com/apps/web/.temp/dessn-component-routes/screenshots/Page-19659b53.png
Screenshot saved to: /Users/nimcheema/src/cal.com/apps/web/.temp/dessn-component-routes/screenshots/DynamicAppComponent-0e8255d7.png
Screenshot saved to: /Users/nimcheema/src/cal.com/apps/web/.temp/dessn-component-routes/screenshots/Success-6a3db11b.png
Screenshot saved to: /Users/nimcheema/src/cal.com/apps/web/.temp/dessn-component-routes/screenshots/RoutingFormOptions-3779c3f9.png
Generated screenshot embedding for Page-19659b53
Generated screenshot embedding for DynamicAppComponent-0e8255d7
Verification progress: 81% (918/1130)
Generated screenshot embedding for Success-6a3db11b
Verification progress: 81% (919/1130)
Verification progress: 81% (920/1130)
Generated screenshot embedding for RoutingFormOptions-3779c3f9
Verification progress: 82% (921/1130)
Screenshot saved to: /Users/nimcheema/src/cal.com/apps/web/.temp/dessn-component-routes/screenshots/AddCalendarButton-ca0b24b2.png
Screenshot saved to: /Users/nimcheema/src/cal.com/apps/web/.temp/dessn-component-routes/screenshots/LayoutWrapper-192654e0.png
Screenshot saved to: /Users/nimcheema/src/cal.com/apps/web/.temp/dessn-component-routes/screenshots/RoutingLink-2dd2043a.png
Generated screenshot embedding for AddCalendarButton-ca0b24b2
Generated screenshot embedding for LayoutWrapper-192654e0
Generated screenshot embedding for RoutingLink-2dd2043a
Verification progress: 82% (922/1130)
Verification progress: 82% (923/1130)
Verification progress: 82% (924/1130)
Screenshot saved to: /Users/nimcheema/src/cal.com/apps/web/.temp/dessn-component-routes/screenshots/LayoutWrapper-721873e7.png
Generated screenshot embedding for LayoutWrapper-721873e7
Verification progress: 82% (925/1130)
Screenshot saved to: /Users/nimcheema/src/cal.com/apps/web/.temp/dessn-component-routes/screenshots/LayoutWrapper-6570dc44.png
Generated screenshot embedding for LayoutWrapper-6570dc44
Verification progress: 82% (926/1130)
Screenshot saved to: /Users/nimcheema/src/cal.com/apps/web/.temp/dessn-component-routes/screenshots/AddNewTeamMembers-5a80ea5b.png
Generated screenshot embedding for AddNewTeamMembers-5a80ea5b
Verification progress: 82% (927/1130)
Screenshot saved to: /Users/nimcheema/src/cal.com/apps/web/.temp/dessn-component-routes/screenshots/WorkflowStepContainer-5bc0b72f.png
Generated screenshot embedding for WorkflowStepContainer-5bc0b72f
Verification progress: 82% (928/1130)
Screenshot saved to: /Users/nimcheema/src/cal.com/apps/web/.temp/dessn-component-routes/screenshots/LayoutWrapper-f8eaac5a.png
Generated screenshot embedding for LayoutWrapper-f8eaac5a
Verification progress: 82% (929/1130)
Screenshot saved to: /Users/nimcheema/src/cal.com/apps/web/.temp/dessn-component-routes/screenshots/IncompleteBookingPage-36050490.png
Screenshot saved to: /Users/nimcheema/src/cal.com/apps/web/.temp/dessn-component-routes/screenshots/FormEditPage-c19818b7.png
Screenshot saved to: /Users/nimcheema/src/cal.com/apps/web/.temp/dessn-component-routes/screenshots/CreateTeamEventType-6570dc44.png
Screenshot saved to: /Users/nimcheema/src/cal.com/apps/web/.temp/dessn-component-routes/screenshots/CreateANewOrganizationForm-cd133f6e.png
Generated screenshot embedding for FormEditPage-c19818b7
Generated screenshot embedding for IncompleteBookingPage-36050490
Generated screenshot embedding for CreateTeamEventType-6570dc44
Generated screenshot embedding for CreateANewOrganizationForm-cd133f6e
Verification progress: 82% (930/1130)
Verification progress: 82% (931/1130)
Verification progress: 82% (932/1130)
Verification progress: 83% (933/1130)
Screenshot saved to: /Users/nimcheema/src/cal.com/apps/web/.temp/dessn-component-routes/screenshots/CreateNewTeamPage-721873e7.png
Generated screenshot embedding for CreateNewTeamPage-721873e7
Verification progress: 83% (934/1130)
Screenshot saved to: /Users/nimcheema/src/cal.com/apps/web/.temp/dessn-component-routes/screenshots/RouteBuilder-be55984b.png
Screenshot saved to: /Users/nimcheema/src/cal.com/apps/web/.temp/dessn-component-routes/screenshots/CreateANewLicenseKeyForm-c84b7767.png
Generated screenshot embedding for CreateANewLicenseKeyForm-c84b7767
Generated screenshot embedding for RouteBuilder-be55984b
Verification progress: 83% (935/1130)
Verification progress: 83% (936/1130)
Screenshot saved to: /Users/nimcheema/src/cal.com/apps/web/.temp/dessn-component-routes/screenshots/LayoutWrapper-de6c3bf9.png
Screenshot saved to: /Users/nimcheema/src/cal.com/apps/web/.temp/dessn-component-routes/screenshots/LayoutWrapper-e6b6ae9d.png
Screenshot saved to: /Users/nimcheema/src/cal.com/apps/web/.temp/dessn-component-routes/screenshots/LayoutWrapper-32dae7d7.png
Screenshot saved to: /Users/nimcheema/src/cal.com/apps/web/.temp/dessn-component-routes/screenshots/OrgAddNewTeamMembers-e6b6ae9d.png
Screenshot saved to: /Users/nimcheema/src/cal.com/apps/web/.temp/dessn-component-routes/screenshots/LayoutWrapper-c1eec61a.png
Generated screenshot embedding for LayoutWrapper-de6c3bf9
Generated screenshot embedding for LayoutWrapper-32dae7d7
Generated screenshot embedding for OrgAddNewTeamMembers-e6b6ae9d
Generated screenshot embedding for LayoutWrapper-e6b6ae9d
Verification progress: 83% (937/1130)
Verification progress: 83% (938/1130)
Verification progress: 83% (939/1130)
Generated screenshot embedding for LayoutWrapper-c1eec61a
Verification progress: 83% (940/1130)
Verification progress: 83% (941/1130)
Screenshot saved to: /Users/nimcheema/src/cal.com/apps/web/.temp/dessn-component-routes/screenshots/OAuthClientForm-16c160c4.png
Screenshot saved to: /Users/nimcheema/src/cal.com/apps/web/.temp/dessn-component-routes/screenshots/ManagedUsersView-168cebc2.png
Screenshot saved to: /Users/nimcheema/src/cal.com/apps/web/.temp/dessn-component-routes/screenshots/PlatformManagedUsersTable-f3d2a3e9.png
Generated screenshot embedding for PlatformManagedUsersTable-f3d2a3e9
Generated screenshot embedding for ManagedUsersView-168cebc2
Generated screenshot embedding for OAuthClientForm-16c160c4
Verification progress: 83% (942/1130)
Verification progress: 83% (943/1130)
Verification progress: 84% (944/1130)
Screenshot saved to: /Users/nimcheema/src/cal.com/apps/web/.temp/dessn-component-routes/screenshots/PlatformPlans-b450f6b9.png
Screenshot saved to: /Users/nimcheema/src/cal.com/apps/web/.temp/dessn-component-routes/screenshots/LayoutWrapper-3484cb1d.png
Screenshot saved to: /Users/nimcheema/src/cal.com/apps/web/.temp/dessn-component-routes/screenshots/PlatformBillingUpgrade-82d2ab94.png
Generated screenshot embedding for LayoutWrapper-3484cb1d
Generated screenshot embedding for PlatformBillingUpgrade-82d2ab94
Generated screenshot embedding for PlatformPlans-b450f6b9
Verification progress: 84% (945/1130)
Verification progress: 84% (946/1130)
Verification progress: 84% (947/1130)
Error verifying AvailabilitySettingsWebWrapper-c8cbbbce: Recursion limit of 50 reached without hitting a stop condition. You can increase the limit by setting the "recursionLimit" config key.

Troubleshooting URL: https://js.langchain.com/docs/troubleshooting/errors/GRAPH_RECURSION_LIMIT/

Verification progress: 84% (948/1130)
Screenshot saved to: /Users/nimcheema/src/cal.com/apps/web/.temp/dessn-component-routes/screenshots/CreateOAuthClient-0f2cdbf4.png
Generated screenshot embedding for CreateOAuthClient-0f2cdbf4
Verification progress: 84% (949/1130)
Screenshot saved to: /Users/nimcheema/src/cal.com/apps/web/.temp/dessn-component-routes/screenshots/ReporterWrapper-c1e7663d.png
Generated screenshot embedding for ReporterWrapper-c1e7663d
Verification progress: 84% (950/1130)
Screenshot saved to: /Users/nimcheema/src/cal.com/apps/web/.temp/dessn-component-routes/screenshots/AddNewTeamMembersForm-5a80ea5b.png
Generated screenshot embedding for AddNewTeamMembersForm-5a80ea5b
Verification progress: 84% (951/1130)
Screenshot saved to: /Users/nimcheema/src/cal.com/apps/web/.temp/dessn-component-routes/screenshots/AppNotInstalledMessage-fe931c28.png
Screenshot saved to: /Users/nimcheema/src/cal.com/apps/web/.temp/dessn-component-routes/screenshots/AlbySetup-d79ad933.png
Generated screenshot embedding for AppNotInstalledMessage-fe931c28
Verification progress: 84% (952/1130)
Generated screenshot embedding for AlbySetup-d79ad933
Verification progress: 84% (953/1130)
Screenshot saved to: /Users/nimcheema/src/cal.com/apps/web/.temp/dessn-component-routes/screenshots/Apps-4d448798.png
Generated screenshot embedding for Apps-4d448798
Verification progress: 84% (954/1130)
Screenshot saved to: /Users/nimcheema/src/cal.com/apps/web/.temp/dessn-component-routes/screenshots/AppleCalendarSetup-9286c55d.png
Screenshot saved to: /Users/nimcheema/src/cal.com/apps/web/.temp/dessn-component-routes/screenshots/Page-a397ef86.png
Screenshot saved to: /Users/nimcheema/src/cal.com/apps/web/.temp/dessn-component-routes/screenshots/ExchangeSetup-f490c19d.png
Screenshot saved to: /Users/nimcheema/src/cal.com/apps/web/.temp/dessn-component-routes/screenshots/Exchange2016CalendarSetup-59807961.png
Generated screenshot embedding for AppleCalendarSetup-9286c55d
Generated screenshot embedding for Page-a397ef86
Generated screenshot embedding for ExchangeSetup-f490c19d
Generated screenshot embedding for Exchange2016CalendarSetup-59807961
Verification progress: 85% (955/1130)
Verification progress: 85% (956/1130)
Verification progress: 85% (957/1130)
Verification progress: 85% (958/1130)
Screenshot saved to: /Users/nimcheema/src/cal.com/apps/web/.temp/dessn-component-routes/screenshots/Exchange2013CalendarSetup-8ddb3e24.png
Generated screenshot embedding for Exchange2013CalendarSetup-8ddb3e24
Verification progress: 85% (959/1130)
Screenshot saved to: /Users/nimcheema/src/cal.com/apps/web/.temp/dessn-component-routes/screenshots/CreateANewPlatformForm-e0b902ca.png
Generated screenshot embedding for CreateANewPlatformForm-e0b902ca
Verification progress: 85% (960/1130)
Screenshot saved to: /Users/nimcheema/src/cal.com/apps/web/.temp/dessn-component-routes/screenshots/InstalledApps-a5fbc225.png
Generated screenshot embedding for InstalledApps-a5fbc225
Verification progress: 85% (961/1130)
Screenshot saved to: /Users/nimcheema/src/cal.com/apps/web/.temp/dessn-component-routes/screenshots/AddNewTeamsForm-82ce47a1.png
Screenshot saved to: /Users/nimcheema/src/cal.com/apps/web/.temp/dessn-component-routes/screenshots/AboutOrganizationForm-217695dd.png
Generated screenshot embedding for AddNewTeamsForm-82ce47a1
Generated screenshot embedding for AboutOrganizationForm-217695dd
Verification progress: 85% (962/1130)
Verification progress: 85% (963/1130)
Screenshot saved to: /Users/nimcheema/src/cal.com/apps/web/.temp/dessn-component-routes/screenshots/ZapierSetup-8dc19455.png
Screenshot saved to: /Users/nimcheema/src/cal.com/apps/web/.temp/dessn-component-routes/screenshots/SendgridSetup-3f0b13c0.png
Generated screenshot embedding for ZapierSetup-8dc19455
Generated screenshot embedding for SendgridSetup-3f0b13c0
Verification progress: 85% (964/1130)
Verification progress: 85% (965/1130)
Screenshot saved to: /Users/nimcheema/src/cal.com/apps/web/.temp/dessn-component-routes/screenshots/KeyField-af3a35e2.png
Screenshot saved to: /Users/nimcheema/src/cal.com/apps/web/.temp/dessn-component-routes/screenshots/PayPalSetup-79c39aef.png
Screenshot saved to: /Users/nimcheema/src/cal.com/apps/web/.temp/dessn-component-routes/screenshots/CalDavCalendarSetup-afbc79ba.png
Screenshot saved to: /Users/nimcheema/src/cal.com/apps/web/.temp/dessn-component-routes/screenshots/ICSFeedSetup-4a698c6e.png
Screenshot saved to: /Users/nimcheema/src/cal.com/apps/web/.temp/dessn-component-routes/screenshots/MakeSetup-59f34b96.png
Screenshot saved to: /Users/nimcheema/src/cal.com/apps/web/.temp/dessn-component-routes/screenshots/HitPaySetup-42e0d657.png
Generated screenshot embedding for KeyField-af3a35e2
Verification progress: 85% (966/1130)
Generated screenshot embedding for CalDavCalendarSetup-afbc79ba
Generated screenshot embedding for ICSFeedSetup-4a698c6e
Generated screenshot embedding for MakeSetup-59f34b96
Generated screenshot embedding for HitPaySetup-42e0d657
Generated screenshot embedding for PayPalSetup-79c39aef
Verification progress: 86% (967/1130)
Verification progress: 86% (968/1130)
Verification progress: 86% (969/1130)
Verification progress: 86% (970/1130)
Verification progress: 86% (971/1130)
Screenshot saved to: /Users/nimcheema/src/cal.com/apps/web/.temp/dessn-component-routes/screenshots/SetupInformation-abc98e35.png
Generated screenshot embedding for SetupInformation-abc98e35
Verification progress: 86% (972/1130)
Screenshot saved to: /Users/nimcheema/src/cal.com/apps/web/.temp/dessn-component-routes/screenshots/AppSetupPage-da3872cc.png
Generated screenshot embedding for AppSetupPage-da3872cc
Verification progress: 86% (973/1130)
Screenshot saved to: /Users/nimcheema/src/cal.com/apps/web/.temp/dessn-component-routes/screenshots/ServerPageWrapper-77154dee.png
Generated screenshot embedding for ServerPageWrapper-77154dee
Verification progress: 86% (974/1130)
Screenshot saved to: /Users/nimcheema/src/cal.com/apps/web/.temp/dessn-component-routes/screenshots/BrandColorsForm-f74bd9e6.png
Generated screenshot embedding for BrandColorsForm-f74bd9e6
Verification progress: 86% (975/1130)
Screenshot saved to: /Users/nimcheema/src/cal.com/apps/web/.temp/dessn-component-routes/screenshots/AppearanceSkeletonLoader-2a4d815a.png
Generated screenshot embedding for AppearanceSkeletonLoader-2a4d815a
Verification progress: 86% (976/1130)
Screenshot saved to: /Users/nimcheema/src/cal.com/apps/web/.temp/dessn-component-routes/screenshots/PlatformMembersView-bd19cdd9.png
Generated screenshot embedding for PlatformMembersView-bd19cdd9
Verification progress: 86% (977/1130)
Screenshot saved to: /Users/nimcheema/src/cal.com/apps/web/.temp/dessn-component-routes/screenshots/OrgAppearanceViewWrapper-16bd5c14.png
Screenshot saved to: /Users/nimcheema/src/cal.com/apps/web/.temp/dessn-component-routes/screenshots/ServerPageWrapper-a1ea553a.png
Generated screenshot embedding for OrgAppearanceViewWrapper-16bd5c14
Generated screenshot embedding for ServerPageWrapper-a1ea553a
Verification progress: 87% (978/1130)
Screenshot saved to: /Users/nimcheema/src/cal.com/apps/web/.temp/dessn-component-routes/screenshots/Page-0fc6d22e.png
Screenshot saved to: /Users/nimcheema/src/cal.com/apps/web/.temp/dessn-component-routes/screenshots/ServerPageWrapper-da1cf0ef.png
Screenshot saved to: /Users/nimcheema/src/cal.com/apps/web/.temp/dessn-component-routes/screenshots/ServerPageWrapper-dfd76f7b.png
Screenshot saved to: /Users/nimcheema/src/cal.com/apps/web/.temp/dessn-component-routes/screenshots/Page-39d56cc8.png
Verification progress: 87% (979/1130)
Generated screenshot embedding for Page-39d56cc8
Generated screenshot embedding for ServerPageWrapper-dfd76f7b
Generated screenshot embedding for ServerPageWrapper-da1cf0ef
Verification progress: 87% (980/1130)
Verification progress: 87% (981/1130)
Generated screenshot embedding for Page-0fc6d22e
Verification progress: 87% (982/1130)
Verification progress: 87% (983/1130)
Screenshot saved to: /Users/nimcheema/src/cal.com/apps/web/.temp/dessn-component-routes/screenshots/ServerPage-5886d2e1.png
Generated screenshot embedding for ServerPage-5886d2e1
Verification progress: 87% (984/1130)
Screenshot saved to: /Users/nimcheema/src/cal.com/apps/web/.temp/dessn-component-routes/screenshots/TeamListingView-e1b92136.png
Screenshot saved to: /Users/nimcheema/src/cal.com/apps/web/.temp/dessn-component-routes/screenshots/ServerPageWrapper-ca43de6e.png
Generated screenshot embedding for ServerPageWrapper-ca43de6e
Generated screenshot embedding for TeamListingView-e1b92136
Verification progress: 87% (985/1130)
Verification progress: 87% (986/1130)
Screenshot saved to: /Users/nimcheema/src/cal.com/apps/web/.temp/dessn-component-routes/screenshots/ServerPage-2e79329a.png
Generated screenshot embedding for ServerPage-2e79329a
Verification progress: 87% (987/1130)
Screenshot saved to: /Users/nimcheema/src/cal.com/apps/web/.temp/dessn-component-routes/screenshots/ServerPage-a8a95860.png
Generated screenshot embedding for ServerPage-a8a95860
Verification progress: 87% (988/1130)
Screenshot saved to: /Users/nimcheema/src/cal.com/apps/web/.temp/dessn-component-routes/screenshots/Page-26ba7fe5.png
Generated screenshot embedding for Page-26ba7fe5
Verification progress: 88% (989/1130)
Screenshot saved to: /Users/nimcheema/src/cal.com/apps/web/.temp/dessn-component-routes/screenshots/Page-7dd3f8cd.png
Generated screenshot embedding for Page-7dd3f8cd
Verification progress: 88% (990/1130)
Screenshot saved to: /Users/nimcheema/src/cal.com/apps/web/.temp/dessn-component-routes/screenshots/ServerPage-fec613a8.png
Screenshot saved to: /Users/nimcheema/src/cal.com/apps/web/.temp/dessn-component-routes/screenshots/Page-69357dad.png
Generated screenshot embedding for ServerPage-fec613a8
Verification progress: 88% (991/1130)
Generated screenshot embedding for Page-69357dad
Verification progress: 88% (992/1130)
Screenshot saved to: /Users/nimcheema/src/cal.com/apps/web/.temp/dessn-component-routes/screenshots/ServerPage-6514d71d.png
Generated screenshot embedding for ServerPage-6514d71d
Verification progress: 88% (993/1130)
Screenshot saved to: /Users/nimcheema/src/cal.com/apps/web/.temp/dessn-component-routes/screenshots/ServerPage-4d4de060.png
Screenshot saved to: /Users/nimcheema/src/cal.com/apps/web/.temp/dessn-component-routes/screenshots/ServerPage-7510ccc4.png
Generated screenshot embedding for ServerPage-4d4de060
Verification progress: 88% (994/1130)
Generated screenshot embedding for ServerPage-7510ccc4
Verification progress: 88% (995/1130)
Screenshot saved to: /Users/nimcheema/src/cal.com/apps/web/.temp/dessn-component-routes/screenshots/ServerPageWrapper-7ece0366.png
Screenshot saved to: /Users/nimcheema/src/cal.com/apps/web/.temp/dessn-component-routes/screenshots/ServerPage-88f020c5.png
Generated screenshot embedding for ServerPageWrapper-7ece0366
Generated screenshot embedding for ServerPage-88f020c5
Verification progress: 88% (996/1130)
Verification progress: 88% (997/1130)
Screenshot saved to: /Users/nimcheema/src/cal.com/apps/web/.temp/dessn-component-routes/screenshots/ServerPage-037ca84d.png
Generated screenshot embedding for ServerPage-037ca84d
Verification progress: 88% (998/1130)
Screenshot saved to: /Users/nimcheema/src/cal.com/apps/web/.temp/dessn-component-routes/screenshots/ServerPage-0c6053df.png
Generated screenshot embedding for ServerPage-0c6053df
Screenshot saved to: /Users/nimcheema/src/cal.com/apps/web/.temp/dessn-component-routes/screenshots/ServerPage-3e4baa8e.png
Generated screenshot embedding for ServerPage-3e4baa8e
Verification progress: 88% (999/1130)
Verification progress: 88% (1000/1130)
Screenshot saved to: /Users/nimcheema/src/cal.com/apps/web/.temp/dessn-component-routes/screenshots/ServerPage-87bb95ba.png
Screenshot saved to: /Users/nimcheema/src/cal.com/apps/web/.temp/dessn-component-routes/screenshots/ServerPage-159fbe00.png
Screenshot saved to: /Users/nimcheema/src/cal.com/apps/web/.temp/dessn-component-routes/screenshots/Page-65aaf05a.png
Generated screenshot embedding for ServerPage-87bb95ba
Generated screenshot embedding for ServerPage-159fbe00
Generated screenshot embedding for Page-65aaf05a
Verification progress: 89% (1001/1130)
Verification progress: 89% (1002/1130)
Verification progress: 89% (1003/1130)
Screenshot saved to: /Users/nimcheema/src/cal.com/apps/web/.temp/dessn-component-routes/screenshots/InstalledAppsWrapper-909afb14.png
Screenshot saved to: /Users/nimcheema/src/cal.com/apps/web/.temp/dessn-component-routes/screenshots/ServerPage-a0f761d1.png
Generated screenshot embedding for ServerPage-a0f761d1
Generated screenshot embedding for InstalledAppsWrapper-909afb14
Verification progress: 89% (1004/1130)
Verification progress: 89% (1005/1130)
Screenshot saved to: /Users/nimcheema/src/cal.com/apps/web/.temp/dessn-component-routes/screenshots/NoSSR-0176c9c5.png
Generated screenshot embedding for NoSSR-0176c9c5
Verification progress: 89% (1006/1130)
Screenshot saved to: /Users/nimcheema/src/cal.com/apps/web/.temp/dessn-component-routes/screenshots/Page-98a329c5.png
Generated screenshot embedding for Page-98a329c5
Verification progress: 89% (1007/1130)
Screenshot saved to: /Users/nimcheema/src/cal.com/apps/web/.temp/dessn-component-routes/screenshots/LayoutHandler-0fc81203.png
Screenshot saved to: /Users/nimcheema/src/cal.com/apps/web/.temp/dessn-component-routes/screenshots/ServerPage-232972b6.png
Generated screenshot embedding for ServerPage-232972b6
Generated screenshot embedding for LayoutHandler-0fc81203
Verification progress: 89% (1008/1130)
Verification progress: 89% (1009/1130)
Screenshot saved to: /Users/nimcheema/src/cal.com/apps/web/.temp/dessn-component-routes/screenshots/FlagAdminList-c01fdb7a.png
Generated screenshot embedding for FlagAdminList-c01fdb7a
Verification progress: 89% (1010/1130)
Screenshot saved to: /Users/nimcheema/src/cal.com/apps/web/.temp/dessn-component-routes/screenshots/WorkspacePlatformsPage-672b8282.png
Generated screenshot embedding for WorkspacePlatformsPage-672b8282
Verification progress: 89% (1011/1130)
Screenshot saved to: /Users/nimcheema/src/cal.com/apps/web/.temp/dessn-component-routes/screenshots/FlagListingView-176423ea.png
Generated screenshot embedding for FlagListingView-176423ea
Verification progress: 90% (1012/1130)
Screenshot saved to: /Users/nimcheema/src/cal.com/apps/web/.temp/dessn-component-routes/screenshots/Page-e9c6cf36.png
Generated screenshot embedding for Page-e9c6cf36
Verification progress: 90% (1013/1130)
Screenshot saved to: /Users/nimcheema/src/cal.com/apps/web/.temp/dessn-component-routes/screenshots/AdminOrgTable-bd0a7fbc.png
Generated screenshot embedding for AdminOrgTable-bd0a7fbc
Verification progress: 90% (1014/1130)
Screenshot saved to: /Users/nimcheema/src/cal.com/apps/web/.temp/dessn-component-routes/screenshots/DeploymentUsersListPage-22c18a61.png
Generated screenshot embedding for DeploymentUsersListPage-22c18a61
Verification progress: 90% (1015/1130)
Screenshot saved to: /Users/nimcheema/src/cal.com/apps/web/.temp/dessn-component-routes/screenshots/Page-6f3caa6e.png
Generated screenshot embedding for Page-6f3caa6e
Verification progress: 90% (1016/1130)
Screenshot saved to: /Users/nimcheema/src/cal.com/apps/web/.temp/dessn-component-routes/screenshots/Page-b8e77f64.png
Generated screenshot embedding for Page-b8e77f64
Verification progress: 90% (1017/1130)
Screenshot saved to: /Users/nimcheema/src/cal.com/apps/web/.temp/dessn-component-routes/screenshots/Page-9a8e0109.png
Screenshot saved to: /Users/nimcheema/src/cal.com/apps/web/.temp/dessn-component-routes/screenshots/Page-643e7546.png
Screenshot saved to: /Users/nimcheema/src/cal.com/apps/web/.temp/dessn-component-routes/screenshots/ServerPageWrapper-59db34f0.png
Generated screenshot embedding for Page-9a8e0109
Generated screenshot embedding for Page-643e7546
Verification progress: 90% (1018/1130)
Generated screenshot embedding for ServerPageWrapper-59db34f0
Verification progress: 90% (1019/1130)
Screenshot saved to: /Users/nimcheema/src/cal.com/apps/web/.temp/dessn-component-routes/screenshots/Page-12c90068.png
Generated screenshot embedding for Page-12c90068
Verification progress: 90% (1020/1130)
Verification progress: 90% (1021/1130)
Screenshot saved to: /Users/nimcheema/src/cal.com/apps/web/.temp/dessn-component-routes/screenshots/Page-e9b13530.png
Screenshot saved to: /Users/nimcheema/src/cal.com/apps/web/.temp/dessn-component-routes/screenshots/Page-c549806b.png
Generated screenshot embedding for Page-e9b13530
Generated screenshot embedding for Page-c549806b
Verification progress: 90% (1022/1130)
Verification progress: 91% (1023/1130)
Error verifying Page-cb5371de: Recursion limit of 50 reached without hitting a stop condition. You can increase the limit by setting the "recursionLimit" config key.

Troubleshooting URL: https://js.langchain.com/docs/troubleshooting/errors/GRAPH_RECURSION_LIMIT/

Verification progress: 91% (1024/1130)
Screenshot saved to: /Users/nimcheema/src/cal.com/apps/web/.temp/dessn-component-routes/screenshots/ServerPage-f5df7871.png
Screenshot saved to: /Users/nimcheema/src/cal.com/apps/web/.temp/dessn-component-routes/screenshots/ServerPage-0df2140a.png
Generated screenshot embedding for ServerPage-f5df7871
Verification progress: 91% (1025/1130)
Generated screenshot embedding for ServerPage-0df2140a
Verification progress: 91% (1026/1130)
Screenshot saved to: /Users/nimcheema/src/cal.com/apps/web/.temp/dessn-component-routes/screenshots/ServerPage-8888c554.png
Screenshot saved to: /Users/nimcheema/src/cal.com/apps/web/.temp/dessn-component-routes/screenshots/ServerPageWrapper-9209290e.png
Generated screenshot embedding for ServerPage-8888c554
Verification progress: 91% (1027/1130)
Generated screenshot embedding for ServerPageWrapper-9209290e
Verification progress: 91% (1028/1130)
Screenshot saved to: /Users/nimcheema/src/cal.com/apps/web/.temp/dessn-component-routes/screenshots/Page-51e8aa20.png
Generated screenshot embedding for Page-51e8aa20
Verification progress: 91% (1029/1130)
Screenshot saved to: /Users/nimcheema/src/cal.com/apps/web/.temp/dessn-component-routes/screenshots/CreateOrEditOutOfOfficeEntryModal-5c842212.png
Generated screenshot embedding for CreateOrEditOutOfOfficeEntryModal-5c842212
Verification progress: 91% (1030/1130)
Screenshot saved to: /Users/nimcheema/src/cal.com/apps/web/.temp/dessn-component-routes/screenshots/CreateNewOutOfOfficeEntry-7af6a0b2.png
Generated screenshot embedding for CreateNewOutOfOfficeEntry-7af6a0b2
Verification progress: 91% (1031/1130)
Screenshot saved to: /Users/nimcheema/src/cal.com/apps/web/.temp/dessn-component-routes/screenshots/Page-3a0ccfd9.png
Screenshot saved to: /Users/nimcheema/src/cal.com/apps/web/.temp/dessn-component-routes/screenshots/Page-f03b7649.png
Generated screenshot embedding for Page-3a0ccfd9
Screenshot saved to: /Users/nimcheema/src/cal.com/apps/web/.temp/dessn-component-routes/screenshots/Page-8331e8ea.png
Screenshot saved to: /Users/nimcheema/src/cal.com/apps/web/.temp/dessn-component-routes/screenshots/OutOfOfficeEntriesList-4ab80e39.png
Verification progress: 91% (1032/1130)
Generated screenshot embedding for Page-f03b7649
Generated screenshot embedding for Page-8331e8ea
Verification progress: 91% (1033/1130)
Generated screenshot embedding for OutOfOfficeEntriesList-4ab80e39
Verification progress: 92% (1034/1130)
Verification progress: 92% (1035/1130)
Screenshot saved to: /Users/nimcheema/src/cal.com/apps/web/.temp/dessn-component-routes/screenshots/ConnectionInfo-eaea820a.png
Screenshot saved to: /Users/nimcheema/src/cal.com/apps/web/.temp/dessn-component-routes/screenshots/OIDCConnection-e6a074d8.png
Generated screenshot embedding for ConnectionInfo-eaea820a
Generated screenshot embedding for OIDCConnection-e6a074d8
Verification progress: 92% (1036/1130)
Verification progress: 92% (1037/1130)
Screenshot saved to: /Users/nimcheema/src/cal.com/apps/web/.temp/dessn-component-routes/screenshots/SSOConfiguration-fe2b4fa3.png
Screenshot saved to: /Users/nimcheema/src/cal.com/apps/web/.temp/dessn-component-routes/screenshots/SAMLConnection-8c443c66.png
Screenshot saved to: /Users/nimcheema/src/cal.com/apps/web/.temp/dessn-component-routes/screenshots/Page-a2eb37b2.png
Screenshot saved to: /Users/nimcheema/src/cal.com/apps/web/.temp/dessn-component-routes/screenshots/Page-ba5a1a48.png
Screenshot saved to: /Users/nimcheema/src/cal.com/apps/web/.temp/dessn-component-routes/screenshots/WebhooksViewServerWrapper-32c9a7fc.png
Screenshot saved to: /Users/nimcheema/src/cal.com/apps/web/.temp/dessn-component-routes/screenshots/ServerPage-4f380a5e.png
Screenshot saved to: /Users/nimcheema/src/cal.com/apps/web/.temp/dessn-component-routes/screenshots/Page-fa868fff.png
Generated screenshot embedding for SSOConfiguration-fe2b4fa3
Generated screenshot embedding for SAMLConnection-8c443c66
Generated screenshot embedding for Page-a2eb37b2
Generated screenshot embedding for Page-ba5a1a48
Verification progress: 92% (1038/1130)
Verification progress: 92% (1039/1130)
Verification progress: 92% (1040/1130)
Generated screenshot embedding for ServerPage-4f380a5e
Generated screenshot embedding for WebhooksViewServerWrapper-32c9a7fc
Generated screenshot embedding for Page-fa868fff
Verification progress: 92% (1041/1130)
Verification progress: 92% (1042/1130)
Verification progress: 92% (1043/1130)
Verification progress: 92% (1044/1130)
Screenshot saved to: /Users/nimcheema/src/cal.com/apps/web/.temp/dessn-component-routes/screenshots/Page-5813ba34.png
Generated screenshot embedding for Page-5813ba34
Verification progress: 92% (1045/1130)
Screenshot saved to: /Users/nimcheema/src/cal.com/apps/web/.temp/dessn-component-routes/screenshots/PrivacyView-2477696f.png
Screenshot saved to: /Users/nimcheema/src/cal.com/apps/web/.temp/dessn-component-routes/screenshots/SAMLSSO-b83cee6b.png
Screenshot saved to: /Users/nimcheema/src/cal.com/apps/web/.temp/dessn-component-routes/screenshots/WebhooksView-e59c4120.png
Generated screenshot embedding for PrivacyView-2477696f
Screenshot saved to: /Users/nimcheema/src/cal.com/apps/web/.temp/dessn-component-routes/screenshots/LockEventTypeSwitch-4f21d87a.png
Verification progress: 93% (1046/1130)
Generated screenshot embedding for WebhooksView-e59c4120
Generated screenshot embedding for SAMLSSO-b83cee6b
Generated screenshot embedding for LockEventTypeSwitch-4f21d87a
Verification progress: 93% (1047/1130)
Verification progress: 93% (1048/1130)
Verification progress: 93% (1049/1130)
Screenshot saved to: /Users/nimcheema/src/cal.com/apps/web/.temp/dessn-component-routes/screenshots/Page-e36066ec.png
Generated screenshot embedding for Page-e36066ec
Verification progress: 93% (1050/1130)
Screenshot saved to: /Users/nimcheema/src/cal.com/apps/web/.temp/dessn-component-routes/screenshots/Page-81d5b705.png
Screenshot saved to: /Users/nimcheema/src/cal.com/apps/web/.temp/dessn-component-routes/screenshots/NoSlotsNotificationSwitch-5c973291.png
Generated screenshot embedding for Page-81d5b705
Generated screenshot embedding for NoSlotsNotificationSwitch-5c973291
Verification progress: 93% (1051/1130)
Verification progress: 93% (1052/1130)
Screenshot saved to: /Users/nimcheema/src/cal.com/apps/web/.temp/dessn-component-routes/screenshots/Page-043d5137.png
Screenshot saved to: /Users/nimcheema/src/cal.com/apps/web/.temp/dessn-component-routes/screenshots/OrgGeneralView-88a7d535.png
Screenshot saved to: /Users/nimcheema/src/cal.com/apps/web/.temp/dessn-component-routes/screenshots/DomainWideDelegationListPage-81cb080a.png
Screenshot saved to: /Users/nimcheema/src/cal.com/apps/web/.temp/dessn-component-routes/screenshots/CreateDirectory-9d0bfc46.png
Generated screenshot embedding for Page-043d5137
Generated screenshot embedding for OrgGeneralView-88a7d535
Generated screenshot embedding for DomainWideDelegationListPage-81cb080a
Verification progress: 93% (1053/1130)
Verification progress: 93% (1054/1130)
Generated screenshot embedding for CreateDirectory-9d0bfc46
Verification progress: 93% (1055/1130)
Verification progress: 93% (1056/1130)
Screenshot saved to: /Users/nimcheema/src/cal.com/apps/web/.temp/dessn-component-routes/screenshots/DirectoryInfo-7bce9491.png
Generated screenshot embedding for DirectoryInfo-7bce9491
Verification progress: 94% (1057/1130)
Screenshot saved to: /Users/nimcheema/src/cal.com/apps/web/.temp/dessn-component-routes/screenshots/Page-d173c78b.png
Screenshot saved to: /Users/nimcheema/src/cal.com/apps/web/.temp/dessn-component-routes/screenshots/ConfigureDirectorySync-f055e5ed.png
Generated screenshot embedding for Page-d173c78b
Generated screenshot embedding for ConfigureDirectorySync-f055e5ed
Verification progress: 94% (1058/1130)
Verification progress: 94% (1059/1130)
Screenshot saved to: /Users/nimcheema/src/cal.com/apps/web/.temp/dessn-component-routes/screenshots/Page-22044c7d.png
Screenshot saved to: /Users/nimcheema/src/cal.com/apps/web/.temp/dessn-component-routes/screenshots/GroupNameCell-a96daedc.png
Generated screenshot embedding for GroupNameCell-a96daedc
Verification progress: 94% (1060/1130)
Generated screenshot embedding for Page-22044c7d
Verification progress: 94% (1061/1130)
Screenshot saved to: /Users/nimcheema/src/cal.com/apps/web/.temp/dessn-component-routes/screenshots/DirectorySync-575ef1f3.png
Generated screenshot embedding for DirectorySync-575ef1f3
Verification progress: 94% (1062/1130)
Screenshot saved to: /Users/nimcheema/src/cal.com/apps/web/.temp/dessn-component-routes/screenshots/GroupTeamMappingTable-a56bd5db.png
Screenshot saved to: /Users/nimcheema/src/cal.com/apps/web/.temp/dessn-component-routes/screenshots/MakeTeamPrivateSwitch-50636073.png
Screenshot saved to: /Users/nimcheema/src/cal.com/apps/web/.temp/dessn-component-routes/screenshots/ListSkeleton-110113b4.png
Screenshot saved to: /Users/nimcheema/src/cal.com/apps/web/.temp/dessn-component-routes/screenshots/DeleteAttributeModal-b77044f7.png
Screenshot saved to: /Users/nimcheema/src/cal.com/apps/web/.temp/dessn-component-routes/screenshots/Page-3ae25def.png
Generated screenshot embedding for ListSkeleton-110113b4
Screenshot saved to: /Users/nimcheema/src/cal.com/apps/web/.temp/dessn-component-routes/screenshots/Page-8a3eb745.png
Generated screenshot embedding for GroupTeamMappingTable-a56bd5db
Generated screenshot embedding for MakeTeamPrivateSwitch-50636073
Verification progress: 94% (1063/1130)
Generated screenshot embedding for DeleteAttributeModal-b77044f7
Generated screenshot embedding for Page-3ae25def
Generated screenshot embedding for Page-8a3eb745
Verification progress: 94% (1064/1130)
Verification progress: 94% (1065/1130)
Verification progress: 94% (1066/1130)
Verification progress: 94% (1067/1130)
Verification progress: 95% (1068/1130)
Screenshot saved to: /Users/nimcheema/src/cal.com/apps/web/.temp/dessn-component-routes/screenshots/OrganizationAttributesPage-3cd45375.png
Generated screenshot embedding for OrganizationAttributesPage-3cd45375
Verification progress: 95% (1069/1130)
Screenshot saved to: /Users/nimcheema/src/cal.com/apps/web/.temp/dessn-component-routes/screenshots/AdminAPIView-b248456e.png
Generated screenshot embedding for AdminAPIView-b248456e
Verification progress: 95% (1070/1130)
Screenshot saved to: /Users/nimcheema/src/cal.com/apps/web/.temp/dessn-component-routes/screenshots/Page-cd687620.png
Generated screenshot embedding for Page-cd687620
Verification progress: 95% (1071/1130)
Screenshot saved to: /Users/nimcheema/src/cal.com/apps/web/.temp/dessn-component-routes/screenshots/SAMLSSO-d3edc55f.png
Screenshot saved to: /Users/nimcheema/src/cal.com/apps/web/.temp/dessn-component-routes/screenshots/Page-b17532bd.png
Screenshot saved to: /Users/nimcheema/src/cal.com/apps/web/.temp/dessn-component-routes/screenshots/OrgProfileView-7389616d.png
Screenshot saved to: /Users/nimcheema/src/cal.com/apps/web/.temp/dessn-component-routes/screenshots/Page-e19e4e66.png
Generated screenshot embedding for SAMLSSO-d3edc55f
Generated screenshot embedding for Page-b17532bd
Generated screenshot embedding for OrgProfileView-7389616d
Generated screenshot embedding for Page-e19e4e66
Verification progress: 95% (1072/1130)
Verification progress: 95% (1073/1130)
Verification progress: 95% (1074/1130)
Verification progress: 95% (1075/1130)
Screenshot saved to: /Users/nimcheema/src/cal.com/apps/web/.temp/dessn-component-routes/screenshots/EditOAuthClient-d92cd3aa.png
Generated screenshot embedding for EditOAuthClient-d92cd3aa
Verification progress: 95% (1076/1130)
Screenshot saved to: /Users/nimcheema/src/cal.com/apps/web/.temp/dessn-component-routes/screenshots/EditOAuthClientWebhooks-0b8e0b77.png
Generated screenshot embedding for EditOAuthClientWebhooks-0b8e0b77
Verification progress: 95% (1077/1130)
Screenshot saved to: /Users/nimcheema/src/cal.com/apps/web/.temp/dessn-component-routes/screenshots/Type-733465e2.png
Screenshot saved to: /Users/nimcheema/src/cal.com/apps/web/.temp/dessn-component-routes/screenshots/Page-29c8af41.png
Generated screenshot embedding for Page-29c8af41
Generated screenshot embedding for Type-733465e2
Verification progress: 95% (1078/1130)
Verification progress: 95% (1079/1130)
Screenshot saved to: /Users/nimcheema/src/cal.com/apps/web/.temp/dessn-component-routes/screenshots/Page-a9404c13.png
Screenshot saved to: /Users/nimcheema/src/cal.com/apps/web/.temp/dessn-component-routes/screenshots/EditWebhookView-e331bb3f.png
Generated screenshot embedding for Page-a9404c13
Generated screenshot embedding for EditWebhookView-e331bb3f
Verification progress: 96% (1080/1130)
Verification progress: 96% (1081/1130)
Screenshot saved to: /Users/nimcheema/src/cal.com/apps/web/.temp/dessn-component-routes/screenshots/InternalNotePresetsView-41da556c.png
Screenshot saved to: /Users/nimcheema/src/cal.com/apps/web/.temp/dessn-component-routes/screenshots/ServerPageWrapper-8a40c4bb.png
Screenshot saved to: /Users/nimcheema/src/cal.com/apps/web/.temp/dessn-component-routes/screenshots/TeamSettingsViewWrapper-1171eeec.png
Generated screenshot embedding for InternalNotePresetsView-41da556c
Generated screenshot embedding for ServerPageWrapper-8a40c4bb
Generated screenshot embedding for TeamSettingsViewWrapper-1171eeec
Verification progress: 96% (1082/1130)
Verification progress: 96% (1083/1130)
Verification progress: 96% (1084/1130)
Screenshot saved to: /Users/nimcheema/src/cal.com/apps/web/.temp/dessn-component-routes/screenshots/Page-8c5ad18d.png
Generated screenshot embedding for Page-8c5ad18d
Verification progress: 96% (1085/1130)
Screenshot saved to: /Users/nimcheema/src/cal.com/apps/web/.temp/dessn-component-routes/screenshots/ProfileViewWrapper-095f7568.png
Screenshot saved to: /Users/nimcheema/src/cal.com/apps/web/.temp/dessn-component-routes/screenshots/Page-a655a457.png
Screenshot saved to: /Users/nimcheema/src/cal.com/apps/web/.temp/dessn-component-routes/screenshots/ProfileView-5449a884.png
Generated screenshot embedding for ProfileViewWrapper-095f7568
Generated screenshot embedding for Page-a655a457
Verification progress: 96% (1086/1130)
Verification progress: 96% (1087/1130)
Generated screenshot embedding for ProfileView-5449a884
Verification progress: 96% (1088/1130)
Screenshot saved to: /Users/nimcheema/src/cal.com/apps/web/.temp/dessn-component-routes/screenshots/Page-8f0e5cc3.png
Generated screenshot embedding for Page-8f0e5cc3
Verification progress: 96% (1089/1130)
Screenshot saved to: /Users/nimcheema/src/cal.com/apps/web/.temp/dessn-component-routes/screenshots/DeleteBulkTeamMembers-887363cc.png
Generated screenshot embedding for DeleteBulkTeamMembers-887363cc
Verification progress: 96% (1090/1130)
Screenshot saved to: /Users/nimcheema/src/cal.com/apps/web/.temp/dessn-component-routes/screenshots/Page-d1f2419b.png
Generated screenshot embedding for Page-d1f2419b
Verification progress: 97% (1091/1130)
Screenshot saved to: /Users/nimcheema/src/cal.com/apps/web/.temp/dessn-component-routes/screenshots/EditMemberSheet-6b8358a7.png
Generated screenshot embedding for EditMemberSheet-6b8358a7
Verification progress: 97% (1092/1130)
Screenshot saved to: /Users/nimcheema/src/cal.com/apps/web/.temp/dessn-component-routes/screenshots/UsersAddView-a6f1805a.png
Generated screenshot embedding for UsersAddView-a6f1805a
Verification progress: 97% (1093/1130)
Screenshot saved to: /Users/nimcheema/src/cal.com/apps/web/.temp/dessn-component-routes/screenshots/Page-a4e2a47b.png
Screenshot saved to: /Users/nimcheema/src/cal.com/apps/web/.temp/dessn-component-routes/screenshots/SkeletonLoader-117974e8.png
Generated screenshot embedding for Page-a4e2a47b
Generated screenshot embedding for SkeletonLoader-117974e8
Verification progress: 97% (1094/1130)
Verification progress: 97% (1095/1130)
Screenshot saved to: /Users/nimcheema/src/cal.com/apps/web/.temp/dessn-component-routes/screenshots/TeamAvailabilityModal-64727773.png
Screenshot saved to: /Users/nimcheema/src/cal.com/apps/web/.temp/dessn-component-routes/screenshots/TeamAvailabilityTimes-3f1756c8.png
Generated screenshot embedding for TeamAvailabilityModal-64727773
Generated screenshot embedding for TeamAvailabilityTimes-3f1756c8
Verification progress: 97% (1096/1130)
Verification progress: 97% (1097/1130)
Screenshot saved to: /Users/nimcheema/src/cal.com/apps/web/.temp/dessn-component-routes/screenshots/Page-e8d82b98.png
Generated screenshot embedding for Page-e8d82b98
Verification progress: 97% (1098/1130)
Screenshot saved to: /Users/nimcheema/src/cal.com/apps/web/.temp/dessn-component-routes/screenshots/TeamInviteList-2b74412f.png
Screenshot saved to: /Users/nimcheema/src/cal.com/apps/web/.temp/dessn-component-routes/screenshots/TeamInviteListItem-1514ff7e.png
Generated screenshot embedding for TeamInviteList-2b74412f
Generated screenshot embedding for TeamInviteListItem-1514ff7e
Verification progress: 97% (1099/1130)
Verification progress: 97% (1100/1130)
Screenshot saved to: /Users/nimcheema/src/cal.com/apps/web/.temp/dessn-component-routes/screenshots/NewWebhookView-7dd05e93.png
Screenshot saved to: /Users/nimcheema/src/cal.com/apps/web/.temp/dessn-component-routes/screenshots/DisableTeamImpersonation-53b31826.png
Screenshot saved to: /Users/nimcheema/src/cal.com/apps/web/.temp/dessn-component-routes/screenshots/MembersView-31de6a2f.png
Screenshot saved to: /Users/nimcheema/src/cal.com/apps/web/.temp/dessn-component-routes/screenshots/EventTypesList-c06947ea.png
Screenshot saved to: /Users/nimcheema/src/cal.com/apps/web/.temp/dessn-component-routes/screenshots/CreateAttributesPage-04bfddca.png
Generated screenshot embedding for NewWebhookView-7dd05e93
Generated screenshot embedding for EventTypesList-c06947ea
Generated screenshot embedding for MembersView-31de6a2f
Generated screenshot embedding for DisableTeamImpersonation-53b31826
Verification progress: 97% (1101/1130)
Generated screenshot embedding for CreateAttributesPage-04bfddca
Verification progress: 98% (1102/1130)
Verification progress: 98% (1103/1130)
Verification progress: 98% (1104/1130)
Verification progress: 98% (1105/1130)
Screenshot saved to: /Users/nimcheema/src/cal.com/apps/web/.temp/dessn-component-routes/screenshots/AttributeForm-dfc5a0ee.png
Generated screenshot embedding for AttributeForm-dfc5a0ee
Verification progress: 98% (1106/1130)
Screenshot saved to: /Users/nimcheema/src/cal.com/apps/web/.temp/dessn-component-routes/screenshots/MemberList-d2c23317.png
Generated screenshot embedding for MemberList-d2c23317
Verification progress: 98% (1107/1130)
Screenshot saved to: /Users/nimcheema/src/cal.com/apps/web/.temp/dessn-component-routes/screenshots/UserForm-0b6bbe34.png
Generated screenshot embedding for UserForm-0b6bbe34
Verification progress: 98% (1108/1130)
Screenshot saved to: /Users/nimcheema/src/cal.com/apps/web/.temp/dessn-component-routes/screenshots/OtherTeamListingView-3c2dd2e5.png
Generated screenshot embedding for OtherTeamListingView-3c2dd2e5
Verification progress: 98% (1109/1130)
Screenshot saved to: /Users/nimcheema/src/cal.com/apps/web/.temp/dessn-component-routes/screenshots/OrgForm-07afb594.png
Screenshot saved to: /Users/nimcheema/src/cal.com/apps/web/.temp/dessn-component-routes/screenshots/OtherTeamsListing-61be7c76.png
Generated screenshot embedding for OrgForm-07afb594
Verification progress: 98% (1110/1130)
Generated screenshot embedding for OtherTeamsListing-61be7c76
Verification progress: 98% (1111/1130)
Screenshot saved to: /Users/nimcheema/src/cal.com/apps/web/.temp/dessn-component-routes/screenshots/Page-ebf1d841.png
Generated screenshot embedding for Page-ebf1d841
Verification progress: 98% (1112/1130)
Screenshot saved to: /Users/nimcheema/src/cal.com/apps/web/.temp/dessn-component-routes/screenshots/Page-58d715b2.png
Generated screenshot embedding for Page-58d715b2
Screenshot saved to: /Users/nimcheema/src/cal.com/apps/web/.temp/dessn-component-routes/screenshots/CreateAttributesPage-e220513e.png
Verification progress: 98% (1113/1130)
Generated screenshot embedding for CreateAttributesPage-e220513e
Verification progress: 99% (1114/1130)
Screenshot saved to: /Users/nimcheema/src/cal.com/apps/web/.temp/dessn-component-routes/screenshots/Page-8d66c8a0.png
Screenshot saved to: /Users/nimcheema/src/cal.com/apps/web/.temp/dessn-component-routes/screenshots/ServerPageWrapper-7777124c.png
Generated screenshot embedding for ServerPageWrapper-7777124c
Generated screenshot embedding for Page-8d66c8a0
Verification progress: 99% (1115/1130)
Verification progress: 99% (1116/1130)
Screenshot saved to: /Users/nimcheema/src/cal.com/apps/web/.temp/dessn-component-routes/screenshots/OrgAttributesCreatePageWrapper-1fe4751b.png
Generated screenshot embedding for OrgAttributesCreatePageWrapper-1fe4751b
Screenshot saved to: /Users/nimcheema/src/cal.com/apps/web/.temp/dessn-component-routes/screenshots/OtherTeamProfileView-65bd01a0.png
Verification progress: 99% (1117/1130)
Generated screenshot embedding for OtherTeamProfileView-65bd01a0
Verification progress: 99% (1118/1130)
Screenshot saved to: /Users/nimcheema/src/cal.com/apps/web/.temp/dessn-component-routes/screenshots/MemberListItem-a9ce181d.png
Screenshot saved to: /Users/nimcheema/src/cal.com/apps/web/.temp/dessn-component-routes/screenshots/TeamMembersCTA-80df06f7.png
Generated screenshot embedding for MemberListItem-a9ce181d
Verification progress: 99% (1119/1130)
Screenshot saved to: /Users/nimcheema/src/cal.com/apps/web/.temp/dessn-component-routes/screenshots/CreateTeamDialog-4cf45912.png
Generated screenshot embedding for TeamMembersCTA-80df06f7
Verification progress: 99% (1120/1130)
Generated screenshot embedding for CreateTeamDialog-4cf45912
Verification progress: 99% (1121/1130)
Screenshot saved to: /Users/nimcheema/src/cal.com/apps/web/.temp/dessn-component-routes/screenshots/Page-674b7b57.png
Screenshot saved to: /Users/nimcheema/src/cal.com/apps/web/.temp/dessn-component-routes/screenshots/MembersView-80df06f7.png
Generated screenshot embedding for Page-674b7b57
Verification progress: 99% (1122/1130)
Generated screenshot embedding for MembersView-80df06f7
Verification progress: 99% (1123/1130)
Screenshot saved to: /Users/nimcheema/src/cal.com/apps/web/.temp/dessn-component-routes/screenshots/Page-20410cc0.png
Screenshot saved to: /Users/nimcheema/src/cal.com/apps/web/.temp/dessn-component-routes/screenshots/Page-72e1d65a.png
Generated screenshot embedding for Page-72e1d65a
Generated screenshot embedding for Page-20410cc0
Verification progress: 99% (1124/1130)
Verification progress: 100% (1125/1130)
Screenshot saved to: /Users/nimcheema/src/cal.com/apps/web/.temp/dessn-component-routes/screenshots/OrgAttributesEditPageWrapper-1afcfbec.png
Generated screenshot embedding for OrgAttributesEditPageWrapper-1afcfbec
Verification progress: 100% (1126/1130)
Screenshot saved to: /Users/nimcheema/src/cal.com/apps/web/.temp/dessn-component-routes/screenshots/Page-58b1be98.png
Generated screenshot embedding for Page-58b1be98
Verification progress: 100% (1127/1130)
Screenshot saved to: /Users/nimcheema/src/cal.com/apps/web/.temp/dessn-component-routes/screenshots/UsersEditView-4c764537.png
Generated screenshot embedding for UsersEditView-4c764537
Verification progress: 100% (1128/1130)
Screenshot saved to: /Users/nimcheema/src/cal.com/apps/web/.temp/dessn-component-routes/screenshots/OtherTeamListItem-c9692ee7.png
Generated screenshot embedding for OtherTeamListItem-c9692ee7
Verification progress: 100% (1129/1130)
Screenshot saved to: /Users/nimcheema/src/cal.com/apps/web/.temp/dessn-component-routes/screenshots/OtherTeamList-a7662b64.png
Generated screenshot embedding for OtherTeamList-a7662b64
Verification progress: 100% (1130/1130)
Received SIGINT signal, shutting down...
